### 2026-09-05T19:36:09-07:00  PATCHED BUILD
### 6f9479c synaptics: Add new PID 0x10b
(process:201965): libfprint-context-DEBUG: 19:36:09.993: Initializing FpContext (libfprint version 1.94.100)
(process:201965): libfprint-context-DEBUG: 19:36:10.002: No driver found for USB device 1D6B:0003
(process:201965): libfprint-context-DEBUG: 19:36:10.002: No driver found for USB device 13D3:5A07
(process:201965): libfprint-context-DEBUG: 19:36:10.002: No driver found for USB device 13D3:3496
(process:201965): libfprint-context-DEBUG: 19:36:10.002: No driver found for USB device 1D6B:0002
(process:201965): libfprint-device-DEBUG: 19:36:10.007: Device reported probe completion (ID: (null), name: (null), error: none)
(process:201965): libfprint-device-DEBUG: 19:36:10.007: Completing action FPI_DEVICE_ACTION_PROBE in idle!
(process:201965): libfprint-device-DEBUG: 19:36:10.007: Updated temperature model after 0.01 seconds, ratio 0.27 -> 0.27, active 0 -> 0, FP_TEMPERATURE_COLD -> FP_TEMPERATURE_COLD
devices: 1
driver=elan name=ElanTech Fingerprint Sensor stages=5
(process:201965): libfprint-elan-DEBUG: 19:36:10.103: 55243888252: ../libfprint/drivers/elan.c:948
(process:201965): libfprint-image_device-DEBUG: 19:36:10.103: Image device open completed
(process:201965): libfprint-device-DEBUG: 19:36:10.103: Device reported open completion (error: none)
(process:201965): libfprint-device-DEBUG: 19:36:10.103: Completing action FPI_DEVICE_ACTION_OPEN in idle!
(process:201965): libfprint-device-DEBUG: 19:36:10.103: Updated temperature model after 0.10 seconds, ratio 0.27 -> 0.27, active 0 -> 0, FP_TEMPERATURE_COLD -> FP_TEMPERATURE_COLD
open_sync OK
(process:201965): libfprint-device-DEBUG: 19:36:10.105: Updated temperature model after 0.00 seconds, ratio 0.27 -> 0.27, active 1 -> 1, FP_TEMPERATURE_COLD -> FP_TEMPERATURE_COLD
(process:201965): libfprint-image_device-DEBUG: 19:36:10.105: Activating image device
(process:201965): libfprint-image_device-DEBUG: 19:36:10.106: Image device internal state change from FPI_IMAGE_DEVICE_STATE_INACTIVE to FPI_IMAGE_DEVICE_STATE_ACTIVATING
(process:201965): libfprint-elan-DEBUG: 19:36:10.106: 55243890879: ../libfprint/drivers/elan.c:1000
(process:201965): libfprint-elan-DEBUG: 19:36:10.106: 55243890903: ../libfprint/drivers/elan.c:991
(process:201965): libfprint-elan-DEBUG: 19:36:10.106: 55243890925: ../libfprint/drivers/elan.c:932
(process:201965): libfprint-elan-DEBUG: 19:36:10.106: 55243890946: ../libfprint/drivers/elan.c:100
(process:201965): libfprint-SSM-DEBUG: 19:36:10.106: [elan] ACTIVATE_NUM_STATES entering state 0
(process:201965): libfprint-elan-DEBUG: 19:36:10.106: 55243890994: ../libfprint/drivers/elan.c:860
(process:201965): libfprint-elan-DEBUG: 19:36:10.106: 55243891187: ../libfprint/drivers/elan.c:356
(process:201965): libfprint-elan-DEBUG: 19:36:10.106: 55243891212: ../libfprint/drivers/elan.c:376
(process:201965): libfprint-elan-DEBUG: 19:36:10.106: 55243891233: ../libfprint/drivers/elan.c:389
(process:201965): libfprint-elan-DEBUG: 19:36:10.106: 55243891485: ../libfprint/drivers/elan.c:356
(process:201965): libfprint-elan-DEBUG: 19:36:10.106: 55243891514: ../libfprint/drivers/elan.c:345
(process:201965): libfprint-SSM-DEBUG: 19:36:10.106: [elan] ACTIVATE_NUM_STATES entering state 1
(process:201965): libfprint-elan-DEBUG: 19:36:10.106: 55243891557: ../libfprint/drivers/elan.c:860
(process:201965): libfprint-elan-DEBUG: 19:36:10.106: FW ver 0x0165
(process:201965): libfprint-SSM-DEBUG: 19:36:10.106: [elan] ACTIVATE_NUM_STATES entering state 2
(process:201965): libfprint-elan-DEBUG: 19:36:10.106: 55243891620: ../libfprint/drivers/elan.c:860
(process:201965): libfprint-elan-DEBUG: 19:36:10.106: 55243891742: ../libfprint/drivers/elan.c:356
(process:201965): libfprint-elan-DEBUG: 19:36:10.106: 55243891766: ../libfprint/drivers/elan.c:376
(process:201965): libfprint-elan-DEBUG: 19:36:10.106: 55243891787: ../libfprint/drivers/elan.c:389
(process:201965): libfprint-elan-DEBUG: 19:36:10.107: 55243891931: ../libfprint/drivers/elan.c:356
(process:201965): libfprint-elan-DEBUG: 19:36:10.107: 55243891959: ../libfprint/drivers/elan.c:345
(process:201965): libfprint-SSM-DEBUG: 19:36:10.107: [elan] ACTIVATE_NUM_STATES entering state 3
(process:201965): libfprint-elan-DEBUG: 19:36:10.107: 55243892033: ../libfprint/drivers/elan.c:860
(process:201965): libfprint-elan-DEBUG: 19:36:10.107: sensor dimensions, WxH: 64x88
(process:201965): libfprint-SSM-DEBUG: 19:36:10.107: [elan] ACTIVATE_NUM_STATES entering state 4
(process:201965): libfprint-elan-DEBUG: 19:36:10.107: 55243892098: ../libfprint/drivers/elan.c:860
(process:201965): libfprint-elan-DEBUG: 19:36:10.107: skipping command 0x40 0x2a for this device (for devices 0x1 but device is 0x10)
(process:201965): libfprint-elan-DEBUG: 19:36:10.107: 55243892142: ../libfprint/drivers/elan.c:345
(process:201965): libfprint-SSM-DEBUG: 19:36:10.107: [elan] ACTIVATE_NUM_STATES completed successfully
(process:201965): libfprint-elan-DEBUG: 19:36:10.107: 55243892185: ../libfprint/drivers/elan.c:921
(process:201965): libfprint-image_device-DEBUG: 19:36:10.107: Image device activation completed
(process:201965): libfprint-image_device-DEBUG: 19:36:10.107: Image device internal state change from FPI_IMAGE_DEVICE_STATE_ACTIVATING to FPI_IMAGE_DEVICE_STATE_IDLE
(process:201965): libfprint-elan-DEBUG: 19:36:10.107: 55243892256: ../libfprint/drivers/elan.c:1000
(process:201965): libfprint-image_device-DEBUG: 19:36:10.107: Image device internal state change from FPI_IMAGE_DEVICE_STATE_IDLE to FPI_IMAGE_DEVICE_STATE_AWAIT_FINGER_ON
(process:201965): libfprint-elan-DEBUG: 19:36:10.107: 55243892314: ../libfprint/drivers/elan.c:1000
(process:201965): libfprint-elan-DEBUG: 19:36:10.107: 55243892336: ../libfprint/drivers/elan.c:832
(process:201965): libfprint-elan-DEBUG: 19:36:10.107: 55243892357: ../libfprint/drivers/elan.c:100
(process:201965): libfprint-SSM-DEBUG: 19:36:10.107: [elan] CALIBRATE_NUM_STATES entering state 0
(process:201965): libfprint-elan-DEBUG: 19:36:10.107: 55243892401: ../libfprint/drivers/elan.c:714
(process:201965): libfprint-device-DEBUG: 19:36:10.107: Device reported finger status change: FP_FINGER_STATUS_NONE -> FP_FINGER_STATUS_NEEDED
(process:201965): libfprint-elan-DEBUG: 19:36:10.107: 55243892555: ../libfprint/drivers/elan.c:356
(process:201965): libfprint-elan-DEBUG: 19:36:10.107: 55243892587: ../libfprint/drivers/elan.c:376
(process:201965): libfprint-elan-DEBUG: 19:36:10.107: 55243892609: ../libfprint/drivers/elan.c:389
(process:201965): libfprint-elan-DEBUG: 19:36:10.140: 55243925088: ../libfprint/drivers/elan.c:356
(process:201965): libfprint-elan-DEBUG: 19:36:10.140: 55243925195: ../libfprint/drivers/elan.c:345
(process:201965): libfprint-SSM-DEBUG: 19:36:10.140: [elan] CALIBRATE_NUM_STATES entering state 1
(process:201965): libfprint-elan-DEBUG: 19:36:10.140: 55243925238: ../libfprint/drivers/elan.c:714
(process:201965): libfprint-elan-DEBUG: 19:36:10.140: 55243925256: ../libfprint/drivers/elan.c:156
(process:201965): libfprint-elan-DEBUG: 19:36:10.140: 55243925280: ../libfprint/drivers/elan.c:118
(process:201965): libfprint-SSM-DEBUG: 19:36:10.140: [elan] CALIBRATE_NUM_STATES entering state 2
(process:201965): libfprint-elan-DEBUG: 19:36:10.140: 55243925323: ../libfprint/drivers/elan.c:714
(process:201965): libfprint-elan-DEBUG: 19:36:10.140: 55243925469: ../libfprint/drivers/elan.c:356
(process:201965): libfprint-elan-DEBUG: 19:36:10.140: 55243925491: ../libfprint/drivers/elan.c:376
(process:201965): libfprint-elan-DEBUG: 19:36:10.140: 55243925509: ../libfprint/drivers/elan.c:389
(process:201965): libfprint-elan-DEBUG: 19:36:10.140: 55243925727: ../libfprint/drivers/elan.c:356
(process:201965): libfprint-elan-DEBUG: 19:36:10.140: 55243925752: ../libfprint/drivers/elan.c:345
(process:201965): libfprint-SSM-DEBUG: 19:36:10.140: [elan] CALIBRATE_NUM_STATES entering state 3
(process:201965): libfprint-elan-DEBUG: 19:36:10.140: 55243925789: ../libfprint/drivers/elan.c:714
(process:201965): libfprint-elan-DEBUG: 19:36:10.140: 55243925807: ../libfprint/drivers/elan.c:657
(process:201965): libfprint-elan-DEBUG: 19:36:10.140: calibration mean: 7920, bg mean: 7183, delta: 737
(process:201965): libfprint-SSM-DEBUG: 19:36:10.141: [elan] CALIBRATE_NUM_STATES entering state 4
(process:201965): libfprint-elan-DEBUG: 19:36:10.141: 55243925868: ../libfprint/drivers/elan.c:714
(process:201965): libfprint-elan-DEBUG: 19:36:10.141: 55243925988: ../libfprint/drivers/elan.c:356
(process:201965): libfprint-elan-DEBUG: 19:36:10.141: 55243926025: ../libfprint/drivers/elan.c:376
(process:201965): libfprint-elan-DEBUG: 19:36:10.141: 55243926044: ../libfprint/drivers/elan.c:389
(process:201965): libfprint-elan-DEBUG: 19:36:10.142: 55243927205: ../libfprint/drivers/elan.c:356
(process:201965): libfprint-elan-DEBUG: 19:36:10.142: 55243927240: ../libfprint/drivers/elan.c:345
(process:201965): libfprint-SSM-DEBUG: 19:36:10.142: [elan] CALIBRATE_NUM_STATES entering state 5
(process:201965): libfprint-elan-DEBUG: 19:36:10.142: 55243927308: ../libfprint/drivers/elan.c:714
(process:201965): libfprint-elan-DEBUG: 19:36:10.142: calibration status: 0x01
(process:201965): libfprint-SSM-DEBUG: 19:36:10.192: [elan] CALIBRATE_NUM_STATES entering state 0
(process:201965): libfprint-elan-DEBUG: 19:36:10.192: 55243977459: ../libfprint/drivers/elan.c:714
(process:201965): libfprint-elan-DEBUG: 19:36:10.192: 55243977828: ../libfprint/drivers/elan.c:356
(process:201965): libfprint-elan-DEBUG: 19:36:10.193: 55243978017: ../libfprint/drivers/elan.c:376
(process:201965): libfprint-elan-DEBUG: 19:36:10.193: 55243978071: ../libfprint/drivers/elan.c:389
(process:201965): libfprint-device-DEBUG: 19:36:10.215: Updated temperature model after 0.11 seconds, ratio 0.27 -> 0.27, active 1 -> 1, FP_TEMPERATURE_COLD -> FP_TEMPERATURE_WARM
(process:201965): libfprint-elan-DEBUG: 19:36:10.242: 55244027213: ../libfprint/drivers/elan.c:356
(process:201965): libfprint-elan-DEBUG: 19:36:10.242: 55244027303: ../libfprint/drivers/elan.c:345
(process:201965): libfprint-SSM-DEBUG: 19:36:10.242: [elan] CALIBRATE_NUM_STATES entering state 1
(process:201965): libfprint-elan-DEBUG: 19:36:10.242: 55244027356: ../libfprint/drivers/elan.c:714
(process:201965): libfprint-elan-DEBUG: 19:36:10.242: 55244027380: ../libfprint/drivers/elan.c:156
(process:201965): libfprint-elan-DEBUG: 19:36:10.242: 55244027405: ../libfprint/drivers/elan.c:118
(process:201965): libfprint-SSM-DEBUG: 19:36:10.242: [elan] CALIBRATE_NUM_STATES entering state 2
(process:201965): libfprint-elan-DEBUG: 19:36:10.242: 55244027461: ../libfprint/drivers/elan.c:714
(process:201965): libfprint-elan-DEBUG: 19:36:10.242: 55244027604: ../libfprint/drivers/elan.c:356
(process:201965): libfprint-elan-DEBUG: 19:36:10.242: 55244027639: ../libfprint/drivers/elan.c:376
(process:201965): libfprint-elan-DEBUG: 19:36:10.242: 55244027663: ../libfprint/drivers/elan.c:389
(process:201965): libfprint-elan-DEBUG: 19:36:10.243: 55244027933: ../libfprint/drivers/elan.c:356
(process:201965): libfprint-elan-DEBUG: 19:36:10.243: 55244027967: ../libfprint/drivers/elan.c:345
(process:201965): libfprint-SSM-DEBUG: 19:36:10.243: [elan] CALIBRATE_NUM_STATES entering state 3
(process:201965): libfprint-elan-DEBUG: 19:36:10.243: 55244028161: ../libfprint/drivers/elan.c:714
(process:201965): libfprint-elan-DEBUG: 19:36:10.243: 55244028187: ../libfprint/drivers/elan.c:657
(process:201965): libfprint-elan-DEBUG: 19:36:10.243: calibration mean: 8327, bg mean: 8373, delta: 46
(process:201965): libfprint-SSM-DEBUG: 19:36:10.243: [elan] CALIBRATE_NUM_STATES completed successfully
(process:201965): libfprint-elan-DEBUG: 19:36:10.243: 55244028261: ../libfprint/drivers/elan.c:816
(process:201965): libfprint-elan-DEBUG: 19:36:10.243: 55244028286: ../libfprint/drivers/elan.c:643
(process:201965): libfprint-elan-DEBUG: 19:36:10.243: 55244028321: ../libfprint/drivers/elan.c:100
(process:201965): libfprint-SSM-DEBUG: 19:36:10.243: [elan] CAPTURE_NUM_STATES entering state 0
(process:201965): libfprint-elan-DEBUG: 19:36:10.243: 55244028542: ../libfprint/drivers/elan.c:356
(process:201965): libfprint-elan-DEBUG: 19:36:10.243: 55244028616: ../libfprint/drivers/elan.c:376
(process:201965): libfprint-elan-DEBUG: 19:36:10.243: 55244028641: ../libfprint/drivers/elan.c:389
(process:201965): libfprint-elan-DEBUG: 19:36:10.243: skipping read, not expecting anything
(process:201965): libfprint-elan-DEBUG: 19:36:10.243: 55244028688: ../libfprint/drivers/elan.c:345
(process:201965): libfprint-SSM-DEBUG: 19:36:10.243: [elan] CAPTURE_NUM_STATES entering state 1
(process:201965): libfprint-elan-DEBUG: 19:36:10.244: 55244028885: ../libfprint/drivers/elan.c:356
(process:201965): libfprint-elan-DEBUG: 19:36:10.244: 55244028912: ../libfprint/drivers/elan.c:376
(process:201965): libfprint-elan-DEBUG: 19:36:10.244: 55244028938: ../libfprint/drivers/elan.c:389
(process:201965): libfprint-elan-DEBUG: 19:36:12.522: 55246307652: ../libfprint/drivers/elan.c:356
(process:201965): libfprint-elan-DEBUG: 19:36:12.522: 55246307795: ../libfprint/drivers/elan.c:345
(process:201965): libfprint-SSM-DEBUG: 19:36:12.523: [elan] CAPTURE_NUM_STATES entering state 2
(process:201965): libfprint-device-DEBUG: 19:36:12.523: Device reported finger status change: FP_FINGER_STATUS_NEEDED -> FP_FINGER_STATUS_NEEDED | FP_FINGER_STATUS_PRESENT
(process:201965): libfprint-image_device-DEBUG: 19:36:12.523: Image device reported finger status: on
(process:201965): libfprint-image_device-DEBUG: 19:36:12.523: Image device internal state change from FPI_IMAGE_DEVICE_STATE_AWAIT_FINGER_ON to FPI_IMAGE_DEVICE_STATE_CAPTURE
(process:201965): libfprint-elan-DEBUG: 19:36:12.523: 55246308224: ../libfprint/drivers/elan.c:1000
(process:201965): libfprint-elan-DEBUG: 19:36:12.523: 55246308637: ../libfprint/drivers/elan.c:356
(process:201965): libfprint-elan-DEBUG: 19:36:12.523: 55246308707: ../libfprint/drivers/elan.c:376
(process:201965): libfprint-elan-DEBUG: 19:36:12.523: 55246308769: ../libfprint/drivers/elan.c:389
(process:201965): libfprint-elan-DEBUG: 19:36:12.555: 55246340409: ../libfprint/drivers/elan.c:356
(process:201965): libfprint-elan-DEBUG: 19:36:12.555: 55246340509: ../libfprint/drivers/elan.c:345
(process:201965): libfprint-SSM-DEBUG: 19:36:12.555: [elan] CAPTURE_NUM_STATES entering state 3
(process:201965): libfprint-elan-DEBUG: 19:36:12.555: 55246340552: ../libfprint/drivers/elan.c:203
(process:201965): libfprint-elan-DEBUG: 19:36:12.555: 55246340591: ../libfprint/drivers/elan.c:118
(process:201965): libfprint-SSM-DEBUG: 19:36:12.555: [elan] CAPTURE_NUM_STATES entering state 1
(process:201965): libfprint-elan-DEBUG: 19:36:12.555: 55246340782: ../libfprint/drivers/elan.c:356
(process:201965): libfprint-elan-DEBUG: 19:36:12.555: 55246340810: ../libfprint/drivers/elan.c:376
(process:201965): libfprint-elan-DEBUG: 19:36:12.555: 55246340830: ../libfprint/drivers/elan.c:389
(process:201965): libfprint-elan-DEBUG: 19:36:12.599: 55246384080: ../libfprint/drivers/elan.c:356
(process:201965): libfprint-elan-DEBUG: 19:36:12.599: 55246384225: ../libfprint/drivers/elan.c:345
(process:201965): libfprint-SSM-DEBUG: 19:36:12.599: [elan] CAPTURE_NUM_STATES entering state 2
(process:201965): libfprint-image_device-DEBUG: 19:36:12.599: Image device reported finger status: on
(process:201965): libfprint-elan-DEBUG: 19:36:12.599: 55246384722: ../libfprint/drivers/elan.c:356
(process:201965): libfprint-elan-DEBUG: 19:36:12.599: 55246384798: ../libfprint/drivers/elan.c:376
(process:201965): libfprint-elan-DEBUG: 19:36:12.600: 55246384861: ../libfprint/drivers/elan.c:389
(process:201965): libfprint-elan-DEBUG: 19:36:12.631: 55246416322: ../libfprint/drivers/elan.c:356
(process:201965): libfprint-elan-DEBUG: 19:36:12.631: 55246416490: ../libfprint/drivers/elan.c:345
(process:201965): libfprint-SSM-DEBUG: 19:36:12.631: [elan] CAPTURE_NUM_STATES entering state 3
(process:201965): libfprint-elan-DEBUG: 19:36:12.631: 55246416548: ../libfprint/drivers/elan.c:203
(process:201965): libfprint-elan-DEBUG: 19:36:12.631: 55246416583: ../libfprint/drivers/elan.c:118
(process:201965): libfprint-SSM-DEBUG: 19:36:12.631: [elan] CAPTURE_NUM_STATES entering state 1
(process:201965): libfprint-elan-DEBUG: 19:36:12.632: 55246416936: ../libfprint/drivers/elan.c:356
(process:201965): libfprint-elan-DEBUG: 19:36:12.632: 55246416973: ../libfprint/drivers/elan.c:376
(process:201965): libfprint-elan-DEBUG: 19:36:12.632: 55246416998: ../libfprint/drivers/elan.c:389
(process:201965): libfprint-elan-DEBUG: 19:36:12.675: 55246460188: ../libfprint/drivers/elan.c:356
(process:201965): libfprint-elan-DEBUG: 19:36:12.675: 55246460323: ../libfprint/drivers/elan.c:345
(process:201965): libfprint-SSM-DEBUG: 19:36:12.675: [elan] CAPTURE_NUM_STATES entering state 2
(process:201965): libfprint-image_device-DEBUG: 19:36:12.675: Image device reported finger status: on
(process:201965): libfprint-elan-DEBUG: 19:36:12.675: 55246460798: ../libfprint/drivers/elan.c:356
(process:201965): libfprint-elan-DEBUG: 19:36:12.676: 55246460870: ../libfprint/drivers/elan.c:376
(process:201965): libfprint-elan-DEBUG: 19:36:12.676: 55246460933: ../libfprint/drivers/elan.c:389
(process:201965): libfprint-elan-DEBUG: 19:36:12.707: 55246492608: ../libfprint/drivers/elan.c:356
(process:201965): libfprint-elan-DEBUG: 19:36:12.707: 55246492755: ../libfprint/drivers/elan.c:345
(process:201965): libfprint-SSM-DEBUG: 19:36:12.707: [elan] CAPTURE_NUM_STATES entering state 3
(process:201965): libfprint-elan-DEBUG: 19:36:12.708: 55246492886: ../libfprint/drivers/elan.c:203
(process:201965): libfprint-elan-DEBUG: 19:36:12.708: 55246492949: ../libfprint/drivers/elan.c:118
(process:201965): libfprint-SSM-DEBUG: 19:36:12.708: [elan] CAPTURE_NUM_STATES entering state 1
(process:201965): libfprint-elan-DEBUG: 19:36:12.708: 55246493678: ../libfprint/drivers/elan.c:356
(process:201965): libfprint-elan-DEBUG: 19:36:12.708: 55246493767: ../libfprint/drivers/elan.c:376
(process:201965): libfprint-elan-DEBUG: 19:36:12.708: 55246493830: ../libfprint/drivers/elan.c:389
(process:201965): libfprint-elan-DEBUG: 19:36:12.751: 55246536520: ../libfprint/drivers/elan.c:356
(process:201965): libfprint-elan-DEBUG: 19:36:12.751: 55246536604: ../libfprint/drivers/elan.c:345
(process:201965): libfprint-SSM-DEBUG: 19:36:12.751: [elan] CAPTURE_NUM_STATES entering state 2
(process:201965): libfprint-image_device-DEBUG: 19:36:12.751: Image device reported finger status: on
(process:201965): libfprint-elan-DEBUG: 19:36:12.751: 55246536837: ../libfprint/drivers/elan.c:356
(process:201965): libfprint-elan-DEBUG: 19:36:12.752: 55246536875: ../libfprint/drivers/elan.c:376
(process:201965): libfprint-elan-DEBUG: 19:36:12.752: 55246536898: ../libfprint/drivers/elan.c:389
(process:201965): libfprint-elan-DEBUG: 19:36:12.783: 55246568678: ../libfprint/drivers/elan.c:356
(process:201965): libfprint-elan-DEBUG: 19:36:12.783: 55246568819: ../libfprint/drivers/elan.c:345
(process:201965): libfprint-SSM-DEBUG: 19:36:12.784: [elan] CAPTURE_NUM_STATES entering state 3
(process:201965): libfprint-elan-DEBUG: 19:36:12.784: 55246568948: ../libfprint/drivers/elan.c:203
(process:201965): libfprint-elan-DEBUG: 19:36:12.784: 55246569073: ../libfprint/drivers/elan.c:118
(process:201965): libfprint-SSM-DEBUG: 19:36:12.784: [elan] CAPTURE_NUM_STATES entering state 1
(process:201965): libfprint-elan-DEBUG: 19:36:12.784: 55246569675: ../libfprint/drivers/elan.c:356
(process:201965): libfprint-elan-DEBUG: 19:36:12.784: 55246569745: ../libfprint/drivers/elan.c:376
(process:201965): libfprint-elan-DEBUG: 19:36:12.784: 55246569806: ../libfprint/drivers/elan.c:389
(process:201965): libfprint-elan-DEBUG: 19:36:12.828: 55246613051: ../libfprint/drivers/elan.c:356
(process:201965): libfprint-elan-DEBUG: 19:36:12.828: 55246613277: ../libfprint/drivers/elan.c:345
(process:201965): libfprint-SSM-DEBUG: 19:36:12.828: [elan] CAPTURE_NUM_STATES entering state 2
(process:201965): libfprint-image_device-DEBUG: 19:36:12.828: Image device reported finger status: on
(process:201965): libfprint-elan-DEBUG: 19:36:12.828: 55246613779: ../libfprint/drivers/elan.c:356
(process:201965): libfprint-elan-DEBUG: 19:36:12.829: 55246613862: ../libfprint/drivers/elan.c:376
(process:201965): libfprint-elan-DEBUG: 19:36:12.829: 55246613925: ../libfprint/drivers/elan.c:389
(process:201965): libfprint-elan-DEBUG: 19:36:12.860: 55246645356: ../libfprint/drivers/elan.c:356
(process:201965): libfprint-elan-DEBUG: 19:36:12.860: 55246645425: ../libfprint/drivers/elan.c:345
(process:201965): libfprint-SSM-DEBUG: 19:36:12.860: [elan] CAPTURE_NUM_STATES entering state 3
(process:201965): libfprint-elan-DEBUG: 19:36:12.860: 55246645480: ../libfprint/drivers/elan.c:203
(process:201965): libfprint-elan-DEBUG: 19:36:12.860: 55246645514: ../libfprint/drivers/elan.c:118
(process:201965): libfprint-SSM-DEBUG: 19:36:12.860: [elan] CAPTURE_NUM_STATES entering state 1
(process:201965): libfprint-elan-DEBUG: 19:36:12.860: 55246645757: ../libfprint/drivers/elan.c:356
(process:201965): libfprint-elan-DEBUG: 19:36:12.860: 55246645795: ../libfprint/drivers/elan.c:376
(process:201965): libfprint-elan-DEBUG: 19:36:12.860: 55246645821: ../libfprint/drivers/elan.c:389
(process:201965): libfprint-elan-DEBUG: 19:36:12.904: 55246689101: ../libfprint/drivers/elan.c:356
(process:201965): libfprint-elan-DEBUG: 19:36:12.904: 55246689214: ../libfprint/drivers/elan.c:345
(process:201965): libfprint-SSM-DEBUG: 19:36:12.904: [elan] CAPTURE_NUM_STATES entering state 2
(process:201965): libfprint-image_device-DEBUG: 19:36:12.904: Image device reported finger status: on
(process:201965): libfprint-elan-DEBUG: 19:36:12.904: 55246689597: ../libfprint/drivers/elan.c:356
(process:201965): libfprint-elan-DEBUG: 19:36:12.904: 55246689648: ../libfprint/drivers/elan.c:376
(process:201965): libfprint-elan-DEBUG: 19:36:12.904: 55246689689: ../libfprint/drivers/elan.c:389
(process:201965): libfprint-elan-DEBUG: 19:36:12.936: 55246721339: ../libfprint/drivers/elan.c:356
(process:201965): libfprint-elan-DEBUG: 19:36:12.936: 55246721493: ../libfprint/drivers/elan.c:345
(process:201965): libfprint-SSM-DEBUG: 19:36:12.936: [elan] CAPTURE_NUM_STATES entering state 3
(process:201965): libfprint-elan-DEBUG: 19:36:12.936: 55246721630: ../libfprint/drivers/elan.c:203
(process:201965): libfprint-elan-DEBUG: 19:36:12.936: 55246721721: ../libfprint/drivers/elan.c:118
(process:201965): libfprint-SSM-DEBUG: 19:36:12.937: [elan] CAPTURE_NUM_STATES entering state 1
(process:201965): libfprint-elan-DEBUG: 19:36:12.937: 55246722201: ../libfprint/drivers/elan.c:356
(process:201965): libfprint-elan-DEBUG: 19:36:12.937: 55246722276: ../libfprint/drivers/elan.c:376
(process:201965): libfprint-elan-DEBUG: 19:36:12.937: 55246722339: ../libfprint/drivers/elan.c:389
(process:201965): libfprint-elan-DEBUG: 19:36:12.980: 55246765340: ../libfprint/drivers/elan.c:356
(process:201965): libfprint-elan-DEBUG: 19:36:12.980: 55246765435: ../libfprint/drivers/elan.c:345
(process:201965): libfprint-SSM-DEBUG: 19:36:12.980: [elan] CAPTURE_NUM_STATES entering state 2
(process:201965): libfprint-image_device-DEBUG: 19:36:12.980: Image device reported finger status: on
(process:201965): libfprint-elan-DEBUG: 19:36:12.980: 55246765783: ../libfprint/drivers/elan.c:356
(process:201965): libfprint-elan-DEBUG: 19:36:12.980: 55246765808: ../libfprint/drivers/elan.c:376
(process:201965): libfprint-elan-DEBUG: 19:36:12.980: 55246765828: ../libfprint/drivers/elan.c:389
(process:201965): libfprint-elan-DEBUG: 19:36:13.012: 55246797456: ../libfprint/drivers/elan.c:356
(process:201965): libfprint-elan-DEBUG: 19:36:13.012: 55246797539: ../libfprint/drivers/elan.c:345
(process:201965): libfprint-SSM-DEBUG: 19:36:13.012: [elan] CAPTURE_NUM_STATES entering state 3
(process:201965): libfprint-elan-DEBUG: 19:36:13.012: 55246797582: ../libfprint/drivers/elan.c:203
(process:201965): libfprint-elan-DEBUG: 19:36:13.012: 55246797625: ../libfprint/drivers/elan.c:118
(process:201965): libfprint-SSM-DEBUG: 19:36:13.012: [elan] CAPTURE_NUM_STATES entering state 1
(process:201965): libfprint-elan-DEBUG: 19:36:13.013: 55246798063: ../libfprint/drivers/elan.c:356
(process:201965): libfprint-elan-DEBUG: 19:36:13.013: 55246798135: ../libfprint/drivers/elan.c:376
(process:201965): libfprint-elan-DEBUG: 19:36:13.013: 55246798196: ../libfprint/drivers/elan.c:389
(process:201965): libfprint-elan-DEBUG: 19:36:13.056: 55246841438: ../libfprint/drivers/elan.c:356
(process:201965): libfprint-elan-DEBUG: 19:36:13.056: 55246841514: ../libfprint/drivers/elan.c:345
(process:201965): libfprint-SSM-DEBUG: 19:36:13.056: [elan] CAPTURE_NUM_STATES entering state 2
(process:201965): libfprint-image_device-DEBUG: 19:36:13.056: Image device reported finger status: on
(process:201965): libfprint-elan-DEBUG: 19:36:13.056: 55246841748: ../libfprint/drivers/elan.c:356
(process:201965): libfprint-elan-DEBUG: 19:36:13.056: 55246841774: ../libfprint/drivers/elan.c:376
(process:201965): libfprint-elan-DEBUG: 19:36:13.056: 55246841793: ../libfprint/drivers/elan.c:389
(process:201965): libfprint-elan-DEBUG: 19:36:13.088: 55246873447: ../libfprint/drivers/elan.c:356
(process:201965): libfprint-elan-DEBUG: 19:36:13.088: 55246873507: ../libfprint/drivers/elan.c:345
(process:201965): libfprint-SSM-DEBUG: 19:36:13.088: [elan] CAPTURE_NUM_STATES entering state 3
(process:201965): libfprint-elan-DEBUG: 19:36:13.088: 55246873549: ../libfprint/drivers/elan.c:203
(process:201965): libfprint-elan-DEBUG: 19:36:13.088: 55246873568: ../libfprint/drivers/elan.c:118
(process:201965): libfprint-SSM-DEBUG: 19:36:13.088: [elan] CAPTURE_NUM_STATES entering state 1
(process:201965): libfprint-elan-DEBUG: 19:36:13.088: 55246873790: ../libfprint/drivers/elan.c:356
(process:201965): libfprint-elan-DEBUG: 19:36:13.088: 55246873823: ../libfprint/drivers/elan.c:376
(process:201965): libfprint-elan-DEBUG: 19:36:13.088: 55246873843: ../libfprint/drivers/elan.c:389
(process:201965): libfprint-elan-DEBUG: 19:36:13.132: 55246917159: ../libfprint/drivers/elan.c:356
(process:201965): libfprint-elan-DEBUG: 19:36:13.132: 55246917300: ../libfprint/drivers/elan.c:345
(process:201965): libfprint-SSM-DEBUG: 19:36:13.132: [elan] CAPTURE_NUM_STATES entering state 2
(process:201965): libfprint-image_device-DEBUG: 19:36:13.132: Image device reported finger status: on
(process:201965): libfprint-elan-DEBUG: 19:36:13.132: 55246917782: ../libfprint/drivers/elan.c:356
(process:201965): libfprint-elan-DEBUG: 19:36:13.133: 55246917873: ../libfprint/drivers/elan.c:376
(process:201965): libfprint-elan-DEBUG: 19:36:13.133: 55246917937: ../libfprint/drivers/elan.c:389
(process:201965): libfprint-elan-DEBUG: 19:36:13.164: 55246949554: ../libfprint/drivers/elan.c:356
(process:201965): libfprint-elan-DEBUG: 19:36:13.164: 55246949638: ../libfprint/drivers/elan.c:345
(process:201965): libfprint-SSM-DEBUG: 19:36:13.164: [elan] CAPTURE_NUM_STATES entering state 3
(process:201965): libfprint-elan-DEBUG: 19:36:13.164: 55246949681: ../libfprint/drivers/elan.c:203
(process:201965): libfprint-elan-DEBUG: 19:36:13.164: 55246949721: ../libfprint/drivers/elan.c:118
(process:201965): libfprint-SSM-DEBUG: 19:36:13.164: [elan] CAPTURE_NUM_STATES entering state 1
(process:201965): libfprint-elan-DEBUG: 19:36:13.165: 55246949930: ../libfprint/drivers/elan.c:356
(process:201965): libfprint-elan-DEBUG: 19:36:13.165: 55246949954: ../libfprint/drivers/elan.c:376
(process:201965): libfprint-elan-DEBUG: 19:36:13.165: 55246949973: ../libfprint/drivers/elan.c:389
(process:201965): libfprint-elan-DEBUG: 19:36:13.208: 55246993307: ../libfprint/drivers/elan.c:356
(process:201965): libfprint-elan-DEBUG: 19:36:13.208: 55246993386: ../libfprint/drivers/elan.c:345
(process:201965): libfprint-SSM-DEBUG: 19:36:13.208: [elan] CAPTURE_NUM_STATES entering state 2
(process:201965): libfprint-image_device-DEBUG: 19:36:13.208: Image device reported finger status: on
(process:201965): libfprint-elan-DEBUG: 19:36:13.208: 55246993564: ../libfprint/drivers/elan.c:356
(process:201965): libfprint-elan-DEBUG: 19:36:13.208: 55246993585: ../libfprint/drivers/elan.c:376
(process:201965): libfprint-elan-DEBUG: 19:36:13.208: 55246993603: ../libfprint/drivers/elan.c:389
(process:201965): libfprint-elan-DEBUG: 19:36:13.240: 55247025598: ../libfprint/drivers/elan.c:356
(process:201965): libfprint-elan-DEBUG: 19:36:13.240: 55247025744: ../libfprint/drivers/elan.c:345
(process:201965): libfprint-SSM-DEBUG: 19:36:13.240: [elan] CAPTURE_NUM_STATES entering state 3
(process:201965): libfprint-elan-DEBUG: 19:36:13.241: 55247025873: ../libfprint/drivers/elan.c:203
(process:201965): libfprint-elan-DEBUG: 19:36:13.241: 55247026178: ../libfprint/drivers/elan.c:118
(process:201965): libfprint-SSM-DEBUG: 19:36:13.241: [elan] CAPTURE_NUM_STATES entering state 1
(process:201965): libfprint-elan-DEBUG: 19:36:13.241: 55247026783: ../libfprint/drivers/elan.c:356
(process:201965): libfprint-elan-DEBUG: 19:36:13.242: 55247026870: ../libfprint/drivers/elan.c:376
(process:201965): libfprint-elan-DEBUG: 19:36:13.242: 55247026932: ../libfprint/drivers/elan.c:389
(process:201965): libfprint-elan-DEBUG: 19:36:13.285: 55247069944: ../libfprint/drivers/elan.c:356
(process:201965): libfprint-elan-DEBUG: 19:36:13.285: 55247070098: ../libfprint/drivers/elan.c:345
(process:201965): libfprint-SSM-DEBUG: 19:36:13.285: [elan] CAPTURE_NUM_STATES entering state 2
(process:201965): libfprint-image_device-DEBUG: 19:36:13.285: Image device reported finger status: on
(process:201965): libfprint-elan-DEBUG: 19:36:13.285: 55247070620: ../libfprint/drivers/elan.c:356
(process:201965): libfprint-elan-DEBUG: 19:36:13.285: 55247070731: ../libfprint/drivers/elan.c:376
(process:201965): libfprint-elan-DEBUG: 19:36:13.286: 55247070794: ../libfprint/drivers/elan.c:389
(process:201965): libfprint-elan-DEBUG: 19:36:13.317: 55247102256: ../libfprint/drivers/elan.c:356
(process:201965): libfprint-elan-DEBUG: 19:36:13.317: 55247102327: ../libfprint/drivers/elan.c:345
(process:201965): libfprint-SSM-DEBUG: 19:36:13.317: [elan] CAPTURE_NUM_STATES entering state 3
(process:201965): libfprint-elan-DEBUG: 19:36:13.317: 55247102405: ../libfprint/drivers/elan.c:203
(process:201965): libfprint-elan-DEBUG: 19:36:13.317: 55247102446: ../libfprint/drivers/elan.c:118
(process:201965): libfprint-SSM-DEBUG: 19:36:13.317: [elan] CAPTURE_NUM_STATES entering state 1
(process:201965): libfprint-elan-DEBUG: 19:36:13.317: 55247102652: ../libfprint/drivers/elan.c:356
(process:201965): libfprint-elan-DEBUG: 19:36:13.317: 55247102675: ../libfprint/drivers/elan.c:376
(process:201965): libfprint-elan-DEBUG: 19:36:13.317: 55247102695: ../libfprint/drivers/elan.c:389
(process:201965): libfprint-elan-DEBUG: 19:36:13.361: 55247146096: ../libfprint/drivers/elan.c:356
(process:201965): libfprint-elan-DEBUG: 19:36:13.361: 55247146274: ../libfprint/drivers/elan.c:345
(process:201965): libfprint-SSM-DEBUG: 19:36:13.361: [elan] CAPTURE_NUM_STATES entering state 2
(process:201965): libfprint-image_device-DEBUG: 19:36:13.361: Image device reported finger status: on
(process:201965): libfprint-elan-DEBUG: 19:36:13.361: 55247146773: ../libfprint/drivers/elan.c:356
(process:201965): libfprint-elan-DEBUG: 19:36:13.362: 55247146844: ../libfprint/drivers/elan.c:376
(process:201965): libfprint-elan-DEBUG: 19:36:13.362: 55247146906: ../libfprint/drivers/elan.c:389
(process:201965): libfprint-elan-DEBUG: 19:36:13.393: 55247178533: ../libfprint/drivers/elan.c:356
(process:201965): libfprint-elan-DEBUG: 19:36:13.393: 55247178617: ../libfprint/drivers/elan.c:345
(process:201965): libfprint-SSM-DEBUG: 19:36:13.393: [elan] CAPTURE_NUM_STATES entering state 3
(process:201965): libfprint-elan-DEBUG: 19:36:13.393: 55247178660: ../libfprint/drivers/elan.c:203
(process:201965): libfprint-elan-DEBUG: 19:36:13.393: 55247178701: ../libfprint/drivers/elan.c:118
(process:201965): libfprint-SSM-DEBUG: 19:36:13.393: [elan] CAPTURE_NUM_STATES entering state 1
(process:201965): libfprint-elan-DEBUG: 19:36:13.394: 55247178915: ../libfprint/drivers/elan.c:356
(process:201965): libfprint-elan-DEBUG: 19:36:13.394: 55247178938: ../libfprint/drivers/elan.c:376
(process:201965): libfprint-elan-DEBUG: 19:36:13.394: 55247178972: ../libfprint/drivers/elan.c:389
(process:201965): libfprint-elan-DEBUG: 19:36:13.437: 55247222262: ../libfprint/drivers/elan.c:356
(process:201965): libfprint-elan-DEBUG: 19:36:13.437: 55247222343: ../libfprint/drivers/elan.c:345
(process:201965): libfprint-SSM-DEBUG: 19:36:13.437: [elan] CAPTURE_NUM_STATES entering state 2
(process:201965): libfprint-image_device-DEBUG: 19:36:13.437: Image device reported finger status: on
(process:201965): libfprint-elan-DEBUG: 19:36:13.437: 55247222624: ../libfprint/drivers/elan.c:356
(process:201965): libfprint-elan-DEBUG: 19:36:13.437: 55247222646: ../libfprint/drivers/elan.c:376
(process:201965): libfprint-elan-DEBUG: 19:36:13.437: 55247222665: ../libfprint/drivers/elan.c:389
(process:201965): libfprint-elan-DEBUG: 19:36:13.469: 55247254485: ../libfprint/drivers/elan.c:356
(process:201965): libfprint-elan-DEBUG: 19:36:13.469: 55247254622: ../libfprint/drivers/elan.c:345
(process:201965): libfprint-SSM-DEBUG: 19:36:13.469: [elan] CAPTURE_NUM_STATES entering state 3
(process:201965): libfprint-elan-DEBUG: 19:36:13.469: 55247254752: ../libfprint/drivers/elan.c:203
(process:201965): libfprint-elan-DEBUG: 19:36:13.470: 55247254848: ../libfprint/drivers/elan.c:118
(process:201965): libfprint-SSM-DEBUG: 19:36:13.470: [elan] CAPTURE_NUM_STATES entering state 1
(process:201965): libfprint-elan-DEBUG: 19:36:13.470: 55247255436: ../libfprint/drivers/elan.c:356
(process:201965): libfprint-elan-DEBUG: 19:36:13.470: 55247255520: ../libfprint/drivers/elan.c:376
(process:201965): libfprint-elan-DEBUG: 19:36:13.470: 55247255583: ../libfprint/drivers/elan.c:389
(process:201965): libfprint-elan-DEBUG: 19:36:13.513: 55247298635: ../libfprint/drivers/elan.c:356
(process:201965): libfprint-elan-DEBUG: 19:36:13.513: 55247298778: ../libfprint/drivers/elan.c:345
(process:201965): libfprint-SSM-DEBUG: 19:36:13.514: [elan] CAPTURE_NUM_STATES entering state 2
(process:201965): libfprint-image_device-DEBUG: 19:36:13.514: Image device reported finger status: on
(process:201965): libfprint-elan-DEBUG: 19:36:13.514: 55247299322: ../libfprint/drivers/elan.c:356
(process:201965): libfprint-elan-DEBUG: 19:36:13.514: 55247299399: ../libfprint/drivers/elan.c:376
(process:201965): libfprint-elan-DEBUG: 19:36:13.514: 55247299462: ../libfprint/drivers/elan.c:389
(process:201965): libfprint-elan-DEBUG: 19:36:13.546: 55247330919: ../libfprint/drivers/elan.c:356
(process:201965): libfprint-elan-DEBUG: 19:36:13.546: 55247330997: ../libfprint/drivers/elan.c:345
(process:201965): libfprint-SSM-DEBUG: 19:36:13.546: [elan] CAPTURE_NUM_STATES entering state 3
(process:201965): libfprint-elan-DEBUG: 19:36:13.546: 55247331063: ../libfprint/drivers/elan.c:203
(process:201965): libfprint-elan-DEBUG: 19:36:13.546: 55247331098: ../libfprint/drivers/elan.c:118
(process:201965): libfprint-SSM-DEBUG: 19:36:13.546: [elan] CAPTURE_NUM_STATES entering state 1
(process:201965): libfprint-elan-DEBUG: 19:36:13.546: 55247331378: ../libfprint/drivers/elan.c:356
(process:201965): libfprint-elan-DEBUG: 19:36:13.546: 55247331404: ../libfprint/drivers/elan.c:376
(process:201965): libfprint-elan-DEBUG: 19:36:13.546: 55247331428: ../libfprint/drivers/elan.c:389
(process:201965): libfprint-elan-DEBUG: 19:36:13.747: 55247531963: ../libfprint/drivers/elan.c:356
(process:201965): libfprint-SSM-DEBUG: 19:36:13.747: [elan] SSM CAPTURE_NUM_STATES failed in state 1 with error: transfer timed out
(process:201965): libfprint-SSM-DEBUG: 19:36:13.747: [elan] CAPTURE_NUM_STATES completed with error: transfer timed out
(process:201965): libfprint-elan-DEBUG: 19:36:13.747: 55247532145: ../libfprint/drivers/elan.c:609
(process:201965): libfprint-elan-DEBUG: 19:36:13.747: 55247532182: ../libfprint/drivers/elan.c:325
(process:201965): libfprint-elan-DEBUG: 19:36:13.747: 55247532215: ../libfprint/drivers/elan.c:277
(process:201965): libfprint-elan-DEBUG: 19:36:13.748: 55247532975: ../libfprint/drivers/elan.c:277
(process:201965): libfprint-elan-DEBUG: 19:36:13.748: 55247533742: ../libfprint/drivers/elan.c:277
(process:201965): libfprint-elan-DEBUG: 19:36:13.749: 55247534515: ../libfprint/drivers/elan.c:277
(process:201965): libfprint-elan-DEBUG: 19:36:13.750: 55247535289: ../libfprint/drivers/elan.c:277
(process:201965): libfprint-elan-DEBUG: 19:36:13.751: 55247536085: ../libfprint/drivers/elan.c:277
(process:201965): libfprint-elan-DEBUG: 19:36:13.751: 55247536832: ../libfprint/drivers/elan.c:277
(process:201965): libfprint-elan-DEBUG: 19:36:13.752: 55247537555: ../libfprint/drivers/elan.c:277
(process:201965): libfprint-elan-DEBUG: 19:36:13.753: 55247538297: ../libfprint/drivers/elan.c:277
(process:201965): libfprint-elan-DEBUG: 19:36:13.754: 55247539016: ../libfprint/drivers/elan.c:277
(process:201965): libfprint-elan-DEBUG: 19:36:13.754: 55247539716: ../libfprint/drivers/elan.c:277
(process:201965): libfprint-elan-DEBUG: 19:36:13.755: 55247540428: ../libfprint/drivers/elan.c:277
(process:201965): libfprint-assembling-DEBUG: 19:36:13.873: calc delta completed in 0.117309 secs
(process:201965): libfprint-assembling-DEBUG: 19:36:13.986: calc delta completed in 0.113102 secs
(process:201965): libfprint-assembling-DEBUG: 19:36:13.986: errors: 79898 rev: 101233
(process:201965): libfprint-assembling-DEBUG: 19:36:14.100: calc delta completed in 0.113488 secs
(process:201965): libfprint-assembling-DEBUG: 19:36:14.100: height is 158
(process:201965): libfprint-image_device-DEBUG: 19:36:14.100: Image device captured an image
(process:201965): libfprint-image_device-DEBUG: 19:36:14.100: Image device internal state change from FPI_IMAGE_DEVICE_STATE_CAPTURE to FPI_IMAGE_DEVICE_STATE_AWAIT_FINGER_OFF
(process:201965): libfprint-elan-DEBUG: 19:36:14.100: 55247885838: ../libfprint/drivers/elan.c:1000
(process:201965): libfprint-device-DEBUG: 19:36:14.101: Device reported finger status change: FP_FINGER_STATUS_NEEDED | FP_FINGER_STATUS_PRESENT -> FP_FINGER_STATUS_PRESENT
(process:201965): libfprint-elan-DEBUG: 19:36:14.101: 55247885893: ../libfprint/drivers/elan.c:517
(process:201965): libfprint-elan-DEBUG: 19:36:14.101: 55247885912: ../libfprint/drivers/elan.c:100
(process:201965): libfprint-SSM-DEBUG: 19:36:14.101: [elan] STOP_CAPTURE_NUM_STATES entering state 0
(process:201965): libfprint-elan-DEBUG: 19:36:14.101: 55247885958: ../libfprint/drivers/elan.c:476
(process:201965): libfprint-elan-DEBUG: 19:36:14.101: 55247886122: ../libfprint/drivers/elan.c:356
(process:201965): libfprint-elan-DEBUG: 19:36:14.101: 55247886143: ../libfprint/drivers/elan.c:376
(process:201965): libfprint-elan-DEBUG: 19:36:14.101: 55247886163: ../libfprint/drivers/elan.c:389
(process:201965): libfprint-elan-DEBUG: 19:36:14.101: skipping read, not expecting anything
(process:201965): libfprint-elan-DEBUG: 19:36:14.101: 55247886199: ../libfprint/drivers/elan.c:345
(process:201965): libfprint-SSM-DEBUG: 19:36:14.101: [elan] STOP_CAPTURE_NUM_STATES completed successfully
(process:201965): libfprint-elan-DEBUG: 19:36:14.101: 55247886237: ../libfprint/drivers/elan.c:493
(process:201965): libfprint-device-DEBUG: 19:36:14.101: Device reported finger status change: FP_FINGER_STATUS_PRESENT -> FP_FINGER_STATUS_NONE
(process:201965): libfprint-image_device-DEBUG: 19:36:14.101: Image device reported finger status: off
(process:201965): libfprint-image_device-DEBUG: 19:36:14.101: Image device internal state change from FPI_IMAGE_DEVICE_STATE_AWAIT_FINGER_OFF to FPI_IMAGE_DEVICE_STATE_IDLE
(process:201965): libfprint-elan-DEBUG: 19:36:14.101: 55247886322: ../libfprint/drivers/elan.c:1000
(process:201965): libfprint-image-DEBUG: 19:36:14.108: Minutiae scan completed in 0.007740 secs
(process:201965): libfprint-device-DEBUG: 19:36:14.109: Device reported enroll progress, reported 1 of 5 have been completed
  stage 1: err=None
(process:201965): libfprint-image_device-DEBUG: 19:36:14.109: Image device internal state change from FPI_IMAGE_DEVICE_STATE_IDLE to FPI_IMAGE_DEVICE_STATE_AWAIT_FINGER_ON
(process:201965): libfprint-elan-DEBUG: 19:36:14.109: 55247894341: ../libfprint/drivers/elan.c:1000
(process:201965): libfprint-elan-DEBUG: 19:36:14.109: 55247894364: ../libfprint/drivers/elan.c:832
(process:201965): libfprint-elan-DEBUG: 19:36:14.109: 55247894385: ../libfprint/drivers/elan.c:100
(process:201965): libfprint-SSM-DEBUG: 19:36:14.109: [elan] CALIBRATE_NUM_STATES entering state 0
(process:201965): libfprint-elan-DEBUG: 19:36:14.109: 55247894431: ../libfprint/drivers/elan.c:714
(process:201965): libfprint-device-DEBUG: 19:36:14.109: Device reported finger status change: FP_FINGER_STATUS_NONE -> FP_FINGER_STATUS_NEEDED
(process:201965): libfprint-elan-DEBUG: 19:36:14.109: 55247894594: ../libfprint/drivers/elan.c:356
(process:201965): libfprint-elan-DEBUG: 19:36:14.109: 55247894617: ../libfprint/drivers/elan.c:376
(process:201965): libfprint-elan-DEBUG: 19:36:14.109: 55247894667: ../libfprint/drivers/elan.c:389
(process:201965): libfprint-elan-DEBUG: 19:36:14.142: 55247927369: ../libfprint/drivers/elan.c:356
(process:201965): libfprint-elan-DEBUG: 19:36:14.142: 55247927498: ../libfprint/drivers/elan.c:345
(process:201965): libfprint-SSM-DEBUG: 19:36:14.142: [elan] CALIBRATE_NUM_STATES entering state 1
(process:201965): libfprint-elan-DEBUG: 19:36:14.142: 55247927561: ../libfprint/drivers/elan.c:714
(process:201965): libfprint-elan-DEBUG: 19:36:14.142: 55247927590: ../libfprint/drivers/elan.c:156
(process:201965): libfprint-elan-DEBUG: 19:36:14.142: 55247927620: ../libfprint/drivers/elan.c:118
(process:201965): libfprint-SSM-DEBUG: 19:36:14.142: [elan] CALIBRATE_NUM_STATES entering state 2
(process:201965): libfprint-elan-DEBUG: 19:36:14.142: 55247927692: ../libfprint/drivers/elan.c:714
(process:201965): libfprint-elan-DEBUG: 19:36:14.143: 55247927984: ../libfprint/drivers/elan.c:356
(process:201965): libfprint-elan-DEBUG: 19:36:14.143: 55247928033: ../libfprint/drivers/elan.c:376
(process:201965): libfprint-elan-DEBUG: 19:36:14.143: 55247928063: ../libfprint/drivers/elan.c:389
(process:201965): libfprint-elan-DEBUG: 19:36:14.143: 55247928264: ../libfprint/drivers/elan.c:356
(process:201965): libfprint-elan-DEBUG: 19:36:14.143: 55247928288: ../libfprint/drivers/elan.c:345
(process:201965): libfprint-SSM-DEBUG: 19:36:14.143: [elan] CALIBRATE_NUM_STATES entering state 3
(process:201965): libfprint-elan-DEBUG: 19:36:14.143: 55247928327: ../libfprint/drivers/elan.c:714
(process:201965): libfprint-elan-DEBUG: 19:36:14.143: 55247928346: ../libfprint/drivers/elan.c:657
(process:201965): libfprint-elan-DEBUG: 19:36:14.143: calibration mean: 8327, bg mean: 8338, delta: 11
(process:201965): libfprint-SSM-DEBUG: 19:36:14.143: [elan] CALIBRATE_NUM_STATES completed successfully
(process:201965): libfprint-elan-DEBUG: 19:36:14.143: 55247928405: ../libfprint/drivers/elan.c:816
(process:201965): libfprint-elan-DEBUG: 19:36:14.143: 55247928424: ../libfprint/drivers/elan.c:643
(process:201965): libfprint-elan-DEBUG: 19:36:14.143: 55247928443: ../libfprint/drivers/elan.c:100
(process:201965): libfprint-SSM-DEBUG: 19:36:14.143: [elan] CAPTURE_NUM_STATES entering state 0
(process:201965): libfprint-elan-DEBUG: 19:36:14.143: 55247928560: ../libfprint/drivers/elan.c:356
(process:201965): libfprint-elan-DEBUG: 19:36:14.143: 55247928590: ../libfprint/drivers/elan.c:376
(process:201965): libfprint-elan-DEBUG: 19:36:14.143: 55247928609: ../libfprint/drivers/elan.c:389
(process:201965): libfprint-elan-DEBUG: 19:36:14.143: skipping read, not expecting anything
(process:201965): libfprint-elan-DEBUG: 19:36:14.143: 55247928645: ../libfprint/drivers/elan.c:345
(process:201965): libfprint-SSM-DEBUG: 19:36:14.143: [elan] CAPTURE_NUM_STATES entering state 1
(process:201965): libfprint-elan-DEBUG: 19:36:14.143: 55247928827: ../libfprint/drivers/elan.c:356
(process:201965): libfprint-elan-DEBUG: 19:36:14.144: 55247928851: ../libfprint/drivers/elan.c:376
(process:201965): libfprint-elan-DEBUG: 19:36:14.144: 55247928870: ../libfprint/drivers/elan.c:389
(process:201965): libfprint-elan-DEBUG: 19:36:17.974: 55251759050: ../libfprint/drivers/elan.c:356
(process:201965): libfprint-elan-DEBUG: 19:36:17.974: 55251759158: ../libfprint/drivers/elan.c:345
(process:201965): libfprint-SSM-DEBUG: 19:36:17.974: [elan] CAPTURE_NUM_STATES entering state 2
(process:201965): libfprint-device-DEBUG: 19:36:17.974: Device reported finger status change: FP_FINGER_STATUS_NEEDED -> FP_FINGER_STATUS_NEEDED | FP_FINGER_STATUS_PRESENT
(process:201965): libfprint-image_device-DEBUG: 19:36:17.974: Image device reported finger status: on
(process:201965): libfprint-image_device-DEBUG: 19:36:17.974: Image device internal state change from FPI_IMAGE_DEVICE_STATE_AWAIT_FINGER_ON to FPI_IMAGE_DEVICE_STATE_CAPTURE
(process:201965): libfprint-elan-DEBUG: 19:36:17.974: 55251759507: ../libfprint/drivers/elan.c:1000
(process:201965): libfprint-elan-DEBUG: 19:36:17.974: 55251759662: ../libfprint/drivers/elan.c:356
(process:201965): libfprint-elan-DEBUG: 19:36:17.974: 55251759685: ../libfprint/drivers/elan.c:376
(process:201965): libfprint-elan-DEBUG: 19:36:17.974: 55251759703: ../libfprint/drivers/elan.c:389
(process:201965): libfprint-elan-DEBUG: 19:36:18.006: 55251791480: ../libfprint/drivers/elan.c:356
(process:201965): libfprint-elan-DEBUG: 19:36:18.006: 55251791563: ../libfprint/drivers/elan.c:345
(process:201965): libfprint-SSM-DEBUG: 19:36:18.006: [elan] CAPTURE_NUM_STATES entering state 3
(process:201965): libfprint-elan-DEBUG: 19:36:18.006: 55251791606: ../libfprint/drivers/elan.c:203
(process:201965): libfprint-elan-DEBUG: 19:36:18.006: 55251791625: ../libfprint/drivers/elan.c:118
(process:201965): libfprint-SSM-DEBUG: 19:36:18.006: [elan] CAPTURE_NUM_STATES entering state 1
(process:201965): libfprint-elan-DEBUG: 19:36:18.006: 55251791846: ../libfprint/drivers/elan.c:356
(process:201965): libfprint-elan-DEBUG: 19:36:18.007: 55251791870: ../libfprint/drivers/elan.c:376
(process:201965): libfprint-elan-DEBUG: 19:36:18.007: 55251791889: ../libfprint/drivers/elan.c:389
(process:201965): libfprint-elan-DEBUG: 19:36:18.050: 55251835236: ../libfprint/drivers/elan.c:356
(process:201965): libfprint-elan-DEBUG: 19:36:18.050: 55251835353: ../libfprint/drivers/elan.c:345
(process:201965): libfprint-SSM-DEBUG: 19:36:18.050: [elan] CAPTURE_NUM_STATES entering state 2
(process:201965): libfprint-image_device-DEBUG: 19:36:18.050: Image device reported finger status: on
(process:201965): libfprint-elan-DEBUG: 19:36:18.050: 55251835589: ../libfprint/drivers/elan.c:356
(process:201965): libfprint-elan-DEBUG: 19:36:18.050: 55251835619: ../libfprint/drivers/elan.c:376
(process:201965): libfprint-elan-DEBUG: 19:36:18.050: 55251835641: ../libfprint/drivers/elan.c:389
(process:201965): libfprint-elan-DEBUG: 19:36:18.082: 55251867357: ../libfprint/drivers/elan.c:356
(process:201965): libfprint-elan-DEBUG: 19:36:18.082: 55251867421: ../libfprint/drivers/elan.c:345
(process:201965): libfprint-SSM-DEBUG: 19:36:18.082: [elan] CAPTURE_NUM_STATES entering state 3
(process:201965): libfprint-elan-DEBUG: 19:36:18.082: 55251867477: ../libfprint/drivers/elan.c:203
(process:201965): libfprint-elan-DEBUG: 19:36:18.082: 55251867503: ../libfprint/drivers/elan.c:118
(process:201965): libfprint-SSM-DEBUG: 19:36:18.082: [elan] CAPTURE_NUM_STATES entering state 1
(process:201965): libfprint-elan-DEBUG: 19:36:18.083: 55251868419: ../libfprint/drivers/elan.c:356
(process:201965): libfprint-elan-DEBUG: 19:36:18.083: 55251868516: ../libfprint/drivers/elan.c:376
(process:201965): libfprint-elan-DEBUG: 19:36:18.083: 55251868536: ../libfprint/drivers/elan.c:389
(process:201965): libfprint-elan-DEBUG: 19:36:18.126: 55251911059: ../libfprint/drivers/elan.c:356
(process:201965): libfprint-elan-DEBUG: 19:36:18.126: 55251911199: ../libfprint/drivers/elan.c:345
(process:201965): libfprint-SSM-DEBUG: 19:36:18.126: [elan] CAPTURE_NUM_STATES entering state 2
(process:201965): libfprint-image_device-DEBUG: 19:36:18.126: Image device reported finger status: on
(process:201965): libfprint-elan-DEBUG: 19:36:18.126: 55251911595: ../libfprint/drivers/elan.c:356
(process:201965): libfprint-elan-DEBUG: 19:36:18.126: 55251911640: ../libfprint/drivers/elan.c:376
(process:201965): libfprint-elan-DEBUG: 19:36:18.126: 55251911677: ../libfprint/drivers/elan.c:389
(process:201965): libfprint-elan-DEBUG: 19:36:18.158: 55251943481: ../libfprint/drivers/elan.c:356
(process:201965): libfprint-elan-DEBUG: 19:36:18.158: 55251943617: ../libfprint/drivers/elan.c:345
(process:201965): libfprint-SSM-DEBUG: 19:36:18.158: [elan] CAPTURE_NUM_STATES entering state 3
(process:201965): libfprint-elan-DEBUG: 19:36:18.158: 55251943722: ../libfprint/drivers/elan.c:203
(process:201965): libfprint-elan-DEBUG: 19:36:18.158: 55251943772: ../libfprint/drivers/elan.c:118
(process:201965): libfprint-SSM-DEBUG: 19:36:18.159: [elan] CAPTURE_NUM_STATES entering state 1
(process:201965): libfprint-elan-DEBUG: 19:36:18.159: 55251944232: ../libfprint/drivers/elan.c:356
(process:201965): libfprint-elan-DEBUG: 19:36:18.159: 55251944289: ../libfprint/drivers/elan.c:376
(process:201965): libfprint-elan-DEBUG: 19:36:18.159: 55251944340: ../libfprint/drivers/elan.c:389
(process:201965): libfprint-elan-DEBUG: 19:36:18.202: 55251987450: ../libfprint/drivers/elan.c:356
(process:201965): libfprint-elan-DEBUG: 19:36:18.202: 55251987530: ../libfprint/drivers/elan.c:345
(process:201965): libfprint-SSM-DEBUG: 19:36:18.202: [elan] CAPTURE_NUM_STATES entering state 2
(process:201965): libfprint-image_device-DEBUG: 19:36:18.202: Image device reported finger status: on
(process:201965): libfprint-elan-DEBUG: 19:36:18.202: 55251987824: ../libfprint/drivers/elan.c:356
(process:201965): libfprint-elan-DEBUG: 19:36:18.202: 55251987847: ../libfprint/drivers/elan.c:376
(process:201965): libfprint-elan-DEBUG: 19:36:18.203: 55251987866: ../libfprint/drivers/elan.c:389
(process:201965): libfprint-elan-DEBUG: 19:36:18.234: 55252019594: ../libfprint/drivers/elan.c:356
(process:201965): libfprint-elan-DEBUG: 19:36:18.234: 55252019671: ../libfprint/drivers/elan.c:345
(process:201965): libfprint-SSM-DEBUG: 19:36:18.234: [elan] CAPTURE_NUM_STATES entering state 3
(process:201965): libfprint-elan-DEBUG: 19:36:18.234: 55252019713: ../libfprint/drivers/elan.c:203
(process:201965): libfprint-elan-DEBUG: 19:36:18.234: 55252019732: ../libfprint/drivers/elan.c:118
(process:201965): libfprint-SSM-DEBUG: 19:36:18.234: [elan] CAPTURE_NUM_STATES entering state 1
(process:201965): libfprint-elan-DEBUG: 19:36:18.235: 55252020052: ../libfprint/drivers/elan.c:356
(process:201965): libfprint-elan-DEBUG: 19:36:18.235: 55252020105: ../libfprint/drivers/elan.c:376
(process:201965): libfprint-elan-DEBUG: 19:36:18.235: 55252020123: ../libfprint/drivers/elan.c:389
(process:201965): libfprint-elan-DEBUG: 19:36:18.278: 55252063291: ../libfprint/drivers/elan.c:356
(process:201965): libfprint-elan-DEBUG: 19:36:18.278: 55252063430: ../libfprint/drivers/elan.c:345
(process:201965): libfprint-SSM-DEBUG: 19:36:18.278: [elan] CAPTURE_NUM_STATES entering state 2
(process:201965): libfprint-image_device-DEBUG: 19:36:18.278: Image device reported finger status: on
(process:201965): libfprint-elan-DEBUG: 19:36:18.279: 55252064065: ../libfprint/drivers/elan.c:356
(process:201965): libfprint-elan-DEBUG: 19:36:18.279: 55252064135: ../libfprint/drivers/elan.c:376
(process:201965): libfprint-elan-DEBUG: 19:36:18.279: 55252064198: ../libfprint/drivers/elan.c:389
(process:201965): libfprint-elan-DEBUG: 19:36:18.310: 55252095553: ../libfprint/drivers/elan.c:356
(process:201965): libfprint-elan-DEBUG: 19:36:18.310: 55252095663: ../libfprint/drivers/elan.c:345
(process:201965): libfprint-SSM-DEBUG: 19:36:18.310: [elan] CAPTURE_NUM_STATES entering state 3
(process:201965): libfprint-elan-DEBUG: 19:36:18.310: 55252095709: ../libfprint/drivers/elan.c:203
(process:201965): libfprint-elan-DEBUG: 19:36:18.310: 55252095730: ../libfprint/drivers/elan.c:118
(process:201965): libfprint-SSM-DEBUG: 19:36:18.310: [elan] CAPTURE_NUM_STATES entering state 1
(process:201965): libfprint-elan-DEBUG: 19:36:18.311: 55252096289: ../libfprint/drivers/elan.c:356
(process:201965): libfprint-elan-DEBUG: 19:36:18.311: 55252096323: ../libfprint/drivers/elan.c:376
(process:201965): libfprint-elan-DEBUG: 19:36:18.311: 55252096343: ../libfprint/drivers/elan.c:389
(process:201965): libfprint-elan-DEBUG: 19:36:18.355: 55252140093: ../libfprint/drivers/elan.c:356
(process:201965): libfprint-elan-DEBUG: 19:36:18.355: 55252140275: ../libfprint/drivers/elan.c:345
(process:201965): libfprint-SSM-DEBUG: 19:36:18.355: [elan] CAPTURE_NUM_STATES entering state 2
(process:201965): libfprint-image_device-DEBUG: 19:36:18.355: Image device reported finger status: on
(process:201965): libfprint-elan-DEBUG: 19:36:18.356: 55252140904: ../libfprint/drivers/elan.c:356
(process:201965): libfprint-elan-DEBUG: 19:36:18.356: 55252140973: ../libfprint/drivers/elan.c:376
(process:201965): libfprint-elan-DEBUG: 19:36:18.356: 55252141119: ../libfprint/drivers/elan.c:389
(process:201965): libfprint-elan-DEBUG: 19:36:18.387: 55252172810: ../libfprint/drivers/elan.c:356
(process:201965): libfprint-elan-DEBUG: 19:36:18.388: 55252172892: ../libfprint/drivers/elan.c:345
(process:201965): libfprint-SSM-DEBUG: 19:36:18.388: [elan] CAPTURE_NUM_STATES entering state 3
(process:201965): libfprint-elan-DEBUG: 19:36:18.388: 55252172935: ../libfprint/drivers/elan.c:203
(process:201965): libfprint-elan-DEBUG: 19:36:18.388: 55252172953: ../libfprint/drivers/elan.c:118
(process:201965): libfprint-SSM-DEBUG: 19:36:18.388: [elan] CAPTURE_NUM_STATES entering state 1
(process:201965): libfprint-elan-DEBUG: 19:36:18.388: 55252173152: ../libfprint/drivers/elan.c:356
(process:201965): libfprint-elan-DEBUG: 19:36:18.388: 55252173173: ../libfprint/drivers/elan.c:376
(process:201965): libfprint-elan-DEBUG: 19:36:18.388: 55252173191: ../libfprint/drivers/elan.c:389
(process:201965): libfprint-elan-DEBUG: 19:36:18.431: 55252216448: ../libfprint/drivers/elan.c:356
(process:201965): libfprint-elan-DEBUG: 19:36:18.431: 55252216544: ../libfprint/drivers/elan.c:345
(process:201965): libfprint-SSM-DEBUG: 19:36:18.431: [elan] CAPTURE_NUM_STATES entering state 2
(process:201965): libfprint-image_device-DEBUG: 19:36:18.431: Image device reported finger status: on
(process:201965): libfprint-elan-DEBUG: 19:36:18.431: 55252216713: ../libfprint/drivers/elan.c:356
(process:201965): libfprint-elan-DEBUG: 19:36:18.431: 55252216735: ../libfprint/drivers/elan.c:376
(process:201965): libfprint-elan-DEBUG: 19:36:18.431: 55252216753: ../libfprint/drivers/elan.c:389
(process:201965): libfprint-elan-DEBUG: 19:36:18.463: 55252248679: ../libfprint/drivers/elan.c:356
(process:201965): libfprint-elan-DEBUG: 19:36:18.463: 55252248761: ../libfprint/drivers/elan.c:345
(process:201965): libfprint-SSM-DEBUG: 19:36:18.463: [elan] CAPTURE_NUM_STATES entering state 3
(process:201965): libfprint-elan-DEBUG: 19:36:18.463: 55252248803: ../libfprint/drivers/elan.c:203
(process:201965): libfprint-elan-DEBUG: 19:36:18.463: 55252248822: ../libfprint/drivers/elan.c:118
(process:201965): libfprint-SSM-DEBUG: 19:36:18.464: [elan] CAPTURE_NUM_STATES entering state 1
(process:201965): libfprint-elan-DEBUG: 19:36:18.464: 55252249231: ../libfprint/drivers/elan.c:356
(process:201965): libfprint-elan-DEBUG: 19:36:18.464: 55252249312: ../libfprint/drivers/elan.c:376
(process:201965): libfprint-elan-DEBUG: 19:36:18.464: 55252249374: ../libfprint/drivers/elan.c:389
(process:201965): libfprint-elan-DEBUG: 19:36:18.507: 55252292203: ../libfprint/drivers/elan.c:356
(process:201965): libfprint-elan-DEBUG: 19:36:18.507: 55252292292: ../libfprint/drivers/elan.c:345
(process:201965): libfprint-SSM-DEBUG: 19:36:18.507: [elan] CAPTURE_NUM_STATES entering state 2
(process:201965): libfprint-image_device-DEBUG: 19:36:18.507: Image device reported finger status: on
(process:201965): libfprint-elan-DEBUG: 19:36:18.507: 55252292496: ../libfprint/drivers/elan.c:356
(process:201965): libfprint-elan-DEBUG: 19:36:18.507: 55252292518: ../libfprint/drivers/elan.c:376
(process:201965): libfprint-elan-DEBUG: 19:36:18.507: 55252292537: ../libfprint/drivers/elan.c:389
(process:201965): libfprint-elan-DEBUG: 19:36:18.539: 55252324396: ../libfprint/drivers/elan.c:356
(process:201965): libfprint-elan-DEBUG: 19:36:18.539: 55252324461: ../libfprint/drivers/elan.c:345
(process:201965): libfprint-SSM-DEBUG: 19:36:18.539: [elan] CAPTURE_NUM_STATES entering state 3
(process:201965): libfprint-elan-DEBUG: 19:36:18.539: 55252324516: ../libfprint/drivers/elan.c:203
(process:201965): libfprint-elan-DEBUG: 19:36:18.539: 55252324541: ../libfprint/drivers/elan.c:118
(process:201965): libfprint-SSM-DEBUG: 19:36:18.539: [elan] CAPTURE_NUM_STATES entering state 1
(process:201965): libfprint-elan-DEBUG: 19:36:18.540: 55252325203: ../libfprint/drivers/elan.c:356
(process:201965): libfprint-elan-DEBUG: 19:36:18.540: 55252325234: ../libfprint/drivers/elan.c:376
(process:201965): libfprint-elan-DEBUG: 19:36:18.540: 55252325258: ../libfprint/drivers/elan.c:389
(process:201965): libfprint-elan-DEBUG: 19:36:18.740: 55252525698: ../libfprint/drivers/elan.c:356
(process:201965): libfprint-SSM-DEBUG: 19:36:18.741: [elan] SSM CAPTURE_NUM_STATES failed in state 1 with error: transfer timed out
(process:201965): libfprint-SSM-DEBUG: 19:36:18.741: [elan] CAPTURE_NUM_STATES completed with error: transfer timed out
(process:201965): libfprint-elan-DEBUG: 19:36:18.741: 55252525984: ../libfprint/drivers/elan.c:609
(process:201965): libfprint-elan-DEBUG: 19:36:18.741: 55252526073: ../libfprint/drivers/elan.c:325
(process:201965): libfprint-elan-DEBUG: 19:36:18.741: 55252526134: ../libfprint/drivers/elan.c:277
(process:201965): libfprint-elan-DEBUG: 19:36:18.743: 55252527867: ../libfprint/drivers/elan.c:277
(process:201965): libfprint-elan-DEBUG: 19:36:18.744: 55252529286: ../libfprint/drivers/elan.c:277
(process:201965): libfprint-elan-DEBUG: 19:36:18.745: 55252530332: ../libfprint/drivers/elan.c:277
(process:201965): libfprint-elan-DEBUG: 19:36:18.746: 55252531365: ../libfprint/drivers/elan.c:277
(process:201965): libfprint-elan-DEBUG: 19:36:18.747: 55252532367: ../libfprint/drivers/elan.c:277
(process:201965): libfprint-assembling-DEBUG: 19:36:18.809: calc delta completed in 0.060536 secs
(process:201965): libfprint-assembling-DEBUG: 19:36:18.860: calc delta completed in 0.051727 secs
(process:201965): libfprint-assembling-DEBUG: 19:36:18.861: errors: 81269 rev: 98935
(process:201965): libfprint-assembling-DEBUG: 19:36:18.912: calc delta completed in 0.051697 secs
(process:201965): libfprint-assembling-DEBUG: 19:36:18.912: height is 84
(process:201965): libfprint-image_device-DEBUG: 19:36:18.912: Image device captured an image
(process:201965): libfprint-image_device-DEBUG: 19:36:18.913: Image device internal state change from FPI_IMAGE_DEVICE_STATE_CAPTURE to FPI_IMAGE_DEVICE_STATE_AWAIT_FINGER_OFF
(process:201965): libfprint-elan-DEBUG: 19:36:18.913: 55252697886: ../libfprint/drivers/elan.c:1000
(process:201965): libfprint-device-DEBUG: 19:36:18.913: Device reported finger status change: FP_FINGER_STATUS_NEEDED | FP_FINGER_STATUS_PRESENT -> FP_FINGER_STATUS_PRESENT
(process:201965): libfprint-elan-DEBUG: 19:36:18.913: 55252697934: ../libfprint/drivers/elan.c:517
(process:201965): libfprint-elan-DEBUG: 19:36:18.913: 55252697954: ../libfprint/drivers/elan.c:100
(process:201965): libfprint-SSM-DEBUG: 19:36:18.913: [elan] STOP_CAPTURE_NUM_STATES entering state 0
(process:201965): libfprint-elan-DEBUG: 19:36:18.913: 55252697996: ../libfprint/drivers/elan.c:476
(process:201965): libfprint-elan-DEBUG: 19:36:18.914: 55252699322: ../libfprint/drivers/elan.c:356
(process:201965): libfprint-elan-DEBUG: 19:36:18.914: 55252699353: ../libfprint/drivers/elan.c:376
(process:201965): libfprint-elan-DEBUG: 19:36:18.914: 55252699372: ../libfprint/drivers/elan.c:389
(process:201965): libfprint-elan-DEBUG: 19:36:18.914: skipping read, not expecting anything
(process:201965): libfprint-elan-DEBUG: 19:36:18.914: 55252699408: ../libfprint/drivers/elan.c:345
(process:201965): libfprint-SSM-DEBUG: 19:36:18.914: [elan] STOP_CAPTURE_NUM_STATES completed successfully
(process:201965): libfprint-elan-DEBUG: 19:36:18.914: 55252699447: ../libfprint/drivers/elan.c:493
(process:201965): libfprint-device-DEBUG: 19:36:18.914: Device reported finger status change: FP_FINGER_STATUS_PRESENT -> FP_FINGER_STATUS_NONE
(process:201965): libfprint-image_device-DEBUG: 19:36:18.914: Image device reported finger status: off
(process:201965): libfprint-image_device-DEBUG: 19:36:18.914: Image device internal state change from FPI_IMAGE_DEVICE_STATE_AWAIT_FINGER_OFF to FPI_IMAGE_DEVICE_STATE_IDLE
(process:201965): libfprint-elan-DEBUG: 19:36:18.914: 55252699539: ../libfprint/drivers/elan.c:1000
(process:201965): libfprint-image-DEBUG: 19:36:18.919: Minutiae scan completed in 0.006559 secs
(process:201965): libfprint-device-DEBUG: 19:36:18.919: Device reported enroll progress, reported 2 of 5 have been completed
  stage 2: err=None
(process:201965): libfprint-image_device-DEBUG: 19:36:18.919: Image device internal state change from FPI_IMAGE_DEVICE_STATE_IDLE to FPI_IMAGE_DEVICE_STATE_AWAIT_FINGER_ON
(process:201965): libfprint-elan-DEBUG: 19:36:18.920: 55252704904: ../libfprint/drivers/elan.c:1000
(process:201965): libfprint-elan-DEBUG: 19:36:18.920: 55252704925: ../libfprint/drivers/elan.c:832
(process:201965): libfprint-elan-DEBUG: 19:36:18.920: 55252704943: ../libfprint/drivers/elan.c:100
(process:201965): libfprint-SSM-DEBUG: 19:36:18.920: [elan] CALIBRATE_NUM_STATES entering state 0
(process:201965): libfprint-elan-DEBUG: 19:36:18.920: 55252704983: ../libfprint/drivers/elan.c:714
(process:201965): libfprint-device-DEBUG: 19:36:18.920: Device reported finger status change: FP_FINGER_STATUS_NONE -> FP_FINGER_STATUS_NEEDED
(process:201965): libfprint-elan-DEBUG: 19:36:18.920: 55252705203: ../libfprint/drivers/elan.c:356
(process:201965): libfprint-elan-DEBUG: 19:36:18.920: 55252705233: ../libfprint/drivers/elan.c:376
(process:201965): libfprint-elan-DEBUG: 19:36:18.920: 55252705252: ../libfprint/drivers/elan.c:389
(process:201965): libfprint-elan-DEBUG: 19:36:18.960: 55252744971: ../libfprint/drivers/elan.c:356
(process:201965): libfprint-elan-DEBUG: 19:36:18.960: 55252745103: ../libfprint/drivers/elan.c:345
(process:201965): libfprint-SSM-DEBUG: 19:36:18.960: [elan] CALIBRATE_NUM_STATES entering state 1
(process:201965): libfprint-elan-DEBUG: 19:36:18.960: 55252745181: ../libfprint/drivers/elan.c:714
(process:201965): libfprint-elan-DEBUG: 19:36:18.960: 55252745224: ../libfprint/drivers/elan.c:156
(process:201965): libfprint-elan-DEBUG: 19:36:18.960: 55252745246: ../libfprint/drivers/elan.c:118
(process:201965): libfprint-SSM-DEBUG: 19:36:18.960: [elan] CALIBRATE_NUM_STATES entering state 2
(process:201965): libfprint-elan-DEBUG: 19:36:18.960: 55252745294: ../libfprint/drivers/elan.c:714
(process:201965): libfprint-elan-DEBUG: 19:36:18.960: 55252745558: ../libfprint/drivers/elan.c:356
(process:201965): libfprint-elan-DEBUG: 19:36:18.960: 55252745579: ../libfprint/drivers/elan.c:376
(process:201965): libfprint-elan-DEBUG: 19:36:18.960: 55252745597: ../libfprint/drivers/elan.c:389
(process:201965): libfprint-elan-DEBUG: 19:36:18.960: 55252745787: ../libfprint/drivers/elan.c:356
(process:201965): libfprint-elan-DEBUG: 19:36:18.960: 55252745811: ../libfprint/drivers/elan.c:345
(process:201965): libfprint-SSM-DEBUG: 19:36:18.960: [elan] CALIBRATE_NUM_STATES entering state 3
(process:201965): libfprint-elan-DEBUG: 19:36:18.960: 55252745848: ../libfprint/drivers/elan.c:714
(process:201965): libfprint-elan-DEBUG: 19:36:18.961: 55252745887: ../libfprint/drivers/elan.c:657
(process:201965): libfprint-elan-DEBUG: 19:36:18.961: calibration mean: 8327, bg mean: 9495, delta: 1168
(process:201965): libfprint-SSM-DEBUG: 19:36:18.961: [elan] CALIBRATE_NUM_STATES entering state 4
(process:201965): libfprint-elan-DEBUG: 19:36:18.961: 55252745945: ../libfprint/drivers/elan.c:714
(process:201965): libfprint-elan-DEBUG: 19:36:18.961: 55252746060: ../libfprint/drivers/elan.c:356
(process:201965): libfprint-elan-DEBUG: 19:36:18.961: 55252746082: ../libfprint/drivers/elan.c:376
(process:201965): libfprint-elan-DEBUG: 19:36:18.961: 55252746101: ../libfprint/drivers/elan.c:389
(process:201965): libfprint-elan-DEBUG: 19:36:18.962: 55252747221: ../libfprint/drivers/elan.c:356
(process:201965): libfprint-elan-DEBUG: 19:36:18.962: 55252747272: ../libfprint/drivers/elan.c:345
(process:201965): libfprint-SSM-DEBUG: 19:36:18.962: [elan] CALIBRATE_NUM_STATES entering state 5
(process:201965): libfprint-elan-DEBUG: 19:36:18.962: 55252747378: ../libfprint/drivers/elan.c:714
(process:201965): libfprint-elan-DEBUG: 19:36:18.962: calibration status: 0x01
(process:201965): libfprint-SSM-DEBUG: 19:36:19.012: [elan] CALIBRATE_NUM_STATES entering state 0
(process:201965): libfprint-elan-DEBUG: 19:36:19.012: 55252797498: ../libfprint/drivers/elan.c:714
(process:201965): libfprint-elan-DEBUG: 19:36:19.012: 55252797687: ../libfprint/drivers/elan.c:356
(process:201965): libfprint-elan-DEBUG: 19:36:19.012: 55252797716: ../libfprint/drivers/elan.c:376
(process:201965): libfprint-elan-DEBUG: 19:36:19.012: 55252797735: ../libfprint/drivers/elan.c:389
(process:201965): libfprint-elan-DEBUG: 19:36:19.139: 55252923913: ../libfprint/drivers/elan.c:356
(process:201965): libfprint-elan-DEBUG: 19:36:19.139: 55252924070: ../libfprint/drivers/elan.c:345
(process:201965): libfprint-SSM-DEBUG: 19:36:19.139: [elan] CALIBRATE_NUM_STATES entering state 1
(process:201965): libfprint-elan-DEBUG: 19:36:19.139: 55252924121: ../libfprint/drivers/elan.c:714
(process:201965): libfprint-elan-DEBUG: 19:36:19.139: 55252924144: ../libfprint/drivers/elan.c:156
(process:201965): libfprint-elan-DEBUG: 19:36:19.139: 55252924168: ../libfprint/drivers/elan.c:118
(process:201965): libfprint-SSM-DEBUG: 19:36:19.139: [elan] CALIBRATE_NUM_STATES entering state 2
(process:201965): libfprint-elan-DEBUG: 19:36:19.139: 55252924221: ../libfprint/drivers/elan.c:714
(process:201965): libfprint-elan-DEBUG: 19:36:19.139: 55252924449: ../libfprint/drivers/elan.c:356
(process:201965): libfprint-elan-DEBUG: 19:36:19.139: 55252924476: ../libfprint/drivers/elan.c:376
(process:201965): libfprint-elan-DEBUG: 19:36:19.139: 55252924500: ../libfprint/drivers/elan.c:389
(process:201965): libfprint-elan-DEBUG: 19:36:19.139: 55252924664: ../libfprint/drivers/elan.c:356
(process:201965): libfprint-elan-DEBUG: 19:36:19.139: 55252924691: ../libfprint/drivers/elan.c:345
(process:201965): libfprint-SSM-DEBUG: 19:36:19.139: [elan] CALIBRATE_NUM_STATES entering state 3
(process:201965): libfprint-elan-DEBUG: 19:36:19.139: 55252924739: ../libfprint/drivers/elan.c:714
(process:201965): libfprint-elan-DEBUG: 19:36:19.139: 55252924761: ../libfprint/drivers/elan.c:657
(process:201965): libfprint-elan-DEBUG: 19:36:19.139: calibration mean: 8308, bg mean: 8434, delta: 126
(process:201965): libfprint-SSM-DEBUG: 19:36:19.139: [elan] CALIBRATE_NUM_STATES completed successfully
(process:201965): libfprint-elan-DEBUG: 19:36:19.139: 55252924833: ../libfprint/drivers/elan.c:816
(process:201965): libfprint-elan-DEBUG: 19:36:19.140: 55252924856: ../libfprint/drivers/elan.c:643
(process:201965): libfprint-elan-DEBUG: 19:36:19.140: 55252924879: ../libfprint/drivers/elan.c:100
(process:201965): libfprint-SSM-DEBUG: 19:36:19.140: [elan] CAPTURE_NUM_STATES entering state 0
(process:201965): libfprint-elan-DEBUG: 19:36:19.140: 55252925107: ../libfprint/drivers/elan.c:356
(process:201965): libfprint-elan-DEBUG: 19:36:19.140: 55252925133: ../libfprint/drivers/elan.c:376
(process:201965): libfprint-elan-DEBUG: 19:36:19.140: 55252925156: ../libfprint/drivers/elan.c:389
(process:201965): libfprint-elan-DEBUG: 19:36:19.140: skipping read, not expecting anything
(process:201965): libfprint-elan-DEBUG: 19:36:19.140: 55252925201: ../libfprint/drivers/elan.c:345
(process:201965): libfprint-SSM-DEBUG: 19:36:19.140: [elan] CAPTURE_NUM_STATES entering state 1
(process:201965): libfprint-elan-DEBUG: 19:36:19.140: 55252925367: ../libfprint/drivers/elan.c:356
(process:201965): libfprint-elan-DEBUG: 19:36:19.140: 55252925391: ../libfprint/drivers/elan.c:376
(process:201965): libfprint-elan-DEBUG: 19:36:19.140: 55252925415: ../libfprint/drivers/elan.c:389
(process:201965): libfprint-elan-DEBUG: 19:36:19.271: 55253056319: ../libfprint/drivers/elan.c:356
(process:201965): libfprint-elan-DEBUG: 19:36:19.271: 55253056415: ../libfprint/drivers/elan.c:345
(process:201965): libfprint-SSM-DEBUG: 19:36:19.271: [elan] CAPTURE_NUM_STATES entering state 2
(process:201965): libfprint-SSM-DEBUG: 19:36:19.281: [elan] CAPTURE_NUM_STATES entering state 1
(process:201965): libfprint-elan-DEBUG: 19:36:19.281: 55253066823: ../libfprint/drivers/elan.c:356
(process:201965): libfprint-elan-DEBUG: 19:36:19.282: 55253066869: ../libfprint/drivers/elan.c:376
(process:201965): libfprint-elan-DEBUG: 19:36:19.282: 55253066902: ../libfprint/drivers/elan.c:389
(process:201965): libfprint-elan-DEBUG: 19:36:19.325: 55253110079: ../libfprint/drivers/elan.c:356
(process:201965): libfprint-elan-DEBUG: 19:36:19.325: 55253110186: ../libfprint/drivers/elan.c:345
(process:201965): libfprint-SSM-DEBUG: 19:36:19.325: [elan] CAPTURE_NUM_STATES entering state 2
(process:201965): libfprint-SSM-DEBUG: 19:36:19.335: [elan] CAPTURE_NUM_STATES entering state 1
(process:201965): libfprint-elan-DEBUG: 19:36:19.335: 55253120585: ../libfprint/drivers/elan.c:356
(process:201965): libfprint-elan-DEBUG: 19:36:19.335: 55253120656: ../libfprint/drivers/elan.c:376
(process:201965): libfprint-elan-DEBUG: 19:36:19.335: 55253120725: ../libfprint/drivers/elan.c:389
(process:201965): libfprint-elan-DEBUG: 19:36:19.379: 55253163987: ../libfprint/drivers/elan.c:356
(process:201965): libfprint-elan-DEBUG: 19:36:19.379: 55253164060: ../libfprint/drivers/elan.c:345
(process:201965): libfprint-SSM-DEBUG: 19:36:19.379: [elan] CAPTURE_NUM_STATES entering state 2
(process:201965): libfprint-SSM-DEBUG: 19:36:19.389: [elan] CAPTURE_NUM_STATES entering state 1
(process:201965): libfprint-elan-DEBUG: 19:36:19.389: 55253174500: ../libfprint/drivers/elan.c:356
(process:201965): libfprint-elan-DEBUG: 19:36:19.389: 55253174534: ../libfprint/drivers/elan.c:376
(process:201965): libfprint-elan-DEBUG: 19:36:19.389: 55253174554: ../libfprint/drivers/elan.c:389
(process:201965): libfprint-elan-DEBUG: 19:36:19.433: 55253217974: ../libfprint/drivers/elan.c:356
(process:201965): libfprint-elan-DEBUG: 19:36:19.433: 55253218146: ../libfprint/drivers/elan.c:345
(process:201965): libfprint-SSM-DEBUG: 19:36:19.433: [elan] CAPTURE_NUM_STATES entering state 2
(process:201965): libfprint-SSM-DEBUG: 19:36:19.443: [elan] CAPTURE_NUM_STATES entering state 1
(process:201965): libfprint-elan-DEBUG: 19:36:19.443: 55253228541: ../libfprint/drivers/elan.c:356
(process:201965): libfprint-elan-DEBUG: 19:36:19.443: 55253228618: ../libfprint/drivers/elan.c:376
(process:201965): libfprint-elan-DEBUG: 19:36:19.443: 55253228681: ../libfprint/drivers/elan.c:389
(process:201965): libfprint-elan-DEBUG: 19:36:19.487: 55253272122: ../libfprint/drivers/elan.c:356
(process:201965): libfprint-elan-DEBUG: 19:36:19.487: 55253272232: ../libfprint/drivers/elan.c:345
(process:201965): libfprint-SSM-DEBUG: 19:36:19.487: [elan] CAPTURE_NUM_STATES entering state 2
(process:201965): libfprint-SSM-DEBUG: 19:36:19.497: [elan] CAPTURE_NUM_STATES entering state 1
(process:201965): libfprint-elan-DEBUG: 19:36:19.497: 55253282440: ../libfprint/drivers/elan.c:356
(process:201965): libfprint-elan-DEBUG: 19:36:19.497: 55253282469: ../libfprint/drivers/elan.c:376
(process:201965): libfprint-elan-DEBUG: 19:36:19.497: 55253282489: ../libfprint/drivers/elan.c:389
(process:201965): libfprint-elan-DEBUG: 19:36:19.541: 55253325823: ../libfprint/drivers/elan.c:356
(process:201965): libfprint-elan-DEBUG: 19:36:19.541: 55253325920: ../libfprint/drivers/elan.c:345
(process:201965): libfprint-SSM-DEBUG: 19:36:19.541: [elan] CAPTURE_NUM_STATES entering state 2
(process:201965): libfprint-SSM-DEBUG: 19:36:19.551: [elan] CAPTURE_NUM_STATES entering state 1
(process:201965): libfprint-elan-DEBUG: 19:36:19.551: 55253336567: ../libfprint/drivers/elan.c:356
(process:201965): libfprint-elan-DEBUG: 19:36:19.551: 55253336607: ../libfprint/drivers/elan.c:376
(process:201965): libfprint-elan-DEBUG: 19:36:19.551: 55253336663: ../libfprint/drivers/elan.c:389
(process:201965): libfprint-elan-DEBUG: 19:36:19.594: 55253379742: ../libfprint/drivers/elan.c:356
(process:201965): libfprint-elan-DEBUG: 19:36:19.594: 55253379845: ../libfprint/drivers/elan.c:345
(process:201965): libfprint-SSM-DEBUG: 19:36:19.595: [elan] CAPTURE_NUM_STATES entering state 2
(process:201965): libfprint-SSM-DEBUG: 19:36:19.605: [elan] CAPTURE_NUM_STATES entering state 1
(process:201965): libfprint-elan-DEBUG: 19:36:19.605: 55253390498: ../libfprint/drivers/elan.c:356
(process:201965): libfprint-elan-DEBUG: 19:36:19.605: 55253390530: ../libfprint/drivers/elan.c:376
(process:201965): libfprint-elan-DEBUG: 19:36:19.605: 55253390554: ../libfprint/drivers/elan.c:389
(process:201965): libfprint-elan-DEBUG: 19:36:19.648: 55253433628: ../libfprint/drivers/elan.c:356
(process:201965): libfprint-elan-DEBUG: 19:36:19.648: 55253433771: ../libfprint/drivers/elan.c:345
(process:201965): libfprint-SSM-DEBUG: 19:36:19.649: [elan] CAPTURE_NUM_STATES entering state 2
(process:201965): libfprint-SSM-DEBUG: 19:36:19.658: [elan] CAPTURE_NUM_STATES entering state 1
(process:201965): libfprint-elan-DEBUG: 19:36:19.659: 55253444257: ../libfprint/drivers/elan.c:356
(process:201965): libfprint-elan-DEBUG: 19:36:19.659: 55253444337: ../libfprint/drivers/elan.c:376
(process:201965): libfprint-elan-DEBUG: 19:36:19.659: 55253444400: ../libfprint/drivers/elan.c:389
(process:201965): libfprint-elan-DEBUG: 19:36:19.703: 55253487982: ../libfprint/drivers/elan.c:356
(process:201965): libfprint-elan-DEBUG: 19:36:19.703: 55253488079: ../libfprint/drivers/elan.c:345
(process:201965): libfprint-SSM-DEBUG: 19:36:19.703: [elan] CAPTURE_NUM_STATES entering state 2
(process:201965): libfprint-SSM-DEBUG: 19:36:19.713: [elan] CAPTURE_NUM_STATES entering state 1
(process:201965): libfprint-elan-DEBUG: 19:36:19.713: 55253498401: ../libfprint/drivers/elan.c:356
(process:201965): libfprint-elan-DEBUG: 19:36:19.713: 55253498432: ../libfprint/drivers/elan.c:376
(process:201965): libfprint-elan-DEBUG: 19:36:19.713: 55253498452: ../libfprint/drivers/elan.c:389
(process:201965): libfprint-elan-DEBUG: 19:36:19.757: 55253542267: ../libfprint/drivers/elan.c:356
(process:201965): libfprint-elan-DEBUG: 19:36:19.757: 55253542400: ../libfprint/drivers/elan.c:345
(process:201965): libfprint-SSM-DEBUG: 19:36:19.757: [elan] CAPTURE_NUM_STATES entering state 2
(process:201965): libfprint-SSM-DEBUG: 19:36:19.767: [elan] CAPTURE_NUM_STATES entering state 1
(process:201965): libfprint-elan-DEBUG: 19:36:19.768: 55253552848: ../libfprint/drivers/elan.c:356
(process:201965): libfprint-elan-DEBUG: 19:36:19.768: 55253552922: ../libfprint/drivers/elan.c:376
(process:201965): libfprint-elan-DEBUG: 19:36:19.768: 55253552980: ../libfprint/drivers/elan.c:389
(process:201965): libfprint-elan-DEBUG: 19:36:19.810: 55253595809: ../libfprint/drivers/elan.c:356
(process:201965): libfprint-elan-DEBUG: 19:36:19.811: 55253595868: ../libfprint/drivers/elan.c:345
(process:201965): libfprint-SSM-DEBUG: 19:36:19.811: [elan] CAPTURE_NUM_STATES entering state 2
(process:201965): libfprint-SSM-DEBUG: 19:36:19.821: [elan] CAPTURE_NUM_STATES entering state 1
(process:201965): libfprint-elan-DEBUG: 19:36:19.821: 55253606681: ../libfprint/drivers/elan.c:356
(process:201965): libfprint-elan-DEBUG: 19:36:19.821: 55253606708: ../libfprint/drivers/elan.c:376
(process:201965): libfprint-elan-DEBUG: 19:36:19.821: 55253606729: ../libfprint/drivers/elan.c:389
(process:201965): libfprint-elan-DEBUG: 19:36:19.865: 55253649897: ../libfprint/drivers/elan.c:356
(process:201965): libfprint-elan-DEBUG: 19:36:19.865: 55253650070: ../libfprint/drivers/elan.c:345
(process:201965): libfprint-SSM-DEBUG: 19:36:19.865: [elan] CAPTURE_NUM_STATES entering state 2
(process:201965): libfprint-SSM-DEBUG: 19:36:19.875: [elan] CAPTURE_NUM_STATES entering state 1
(process:201965): libfprint-elan-DEBUG: 19:36:19.875: 55253660493: ../libfprint/drivers/elan.c:356
(process:201965): libfprint-elan-DEBUG: 19:36:19.875: 55253660588: ../libfprint/drivers/elan.c:376
(process:201965): libfprint-elan-DEBUG: 19:36:19.875: 55253660653: ../libfprint/drivers/elan.c:389
(process:201965): libfprint-elan-DEBUG: 19:36:19.918: 55253703643: ../libfprint/drivers/elan.c:356
(process:201965): libfprint-elan-DEBUG: 19:36:19.919: 55253703895: ../libfprint/drivers/elan.c:345
(process:201965): libfprint-SSM-DEBUG: 19:36:19.919: [elan] CAPTURE_NUM_STATES entering state 2
(process:201965): libfprint-SSM-DEBUG: 19:36:19.929: [elan] CAPTURE_NUM_STATES entering state 1
(process:201965): libfprint-elan-DEBUG: 19:36:19.929: 55253714226: ../libfprint/drivers/elan.c:356
(process:201965): libfprint-elan-DEBUG: 19:36:19.929: 55253714250: ../libfprint/drivers/elan.c:376
(process:201965): libfprint-elan-DEBUG: 19:36:19.929: 55253714269: ../libfprint/drivers/elan.c:389
(process:201965): libfprint-elan-DEBUG: 19:36:19.972: 55253757468: ../libfprint/drivers/elan.c:356
(process:201965): libfprint-elan-DEBUG: 19:36:19.972: 55253757558: ../libfprint/drivers/elan.c:345
(process:201965): libfprint-SSM-DEBUG: 19:36:19.972: [elan] CAPTURE_NUM_STATES entering state 2
(process:201965): libfprint-SSM-DEBUG: 19:36:19.982: [elan] CAPTURE_NUM_STATES entering state 1
(process:201965): libfprint-elan-DEBUG: 19:36:19.983: 55253768156: ../libfprint/drivers/elan.c:356
(process:201965): libfprint-elan-DEBUG: 19:36:19.983: 55253768188: ../libfprint/drivers/elan.c:376
(process:201965): libfprint-elan-DEBUG: 19:36:19.983: 55253768214: ../libfprint/drivers/elan.c:389
(process:201965): libfprint-elan-DEBUG: 19:36:20.026: 55253811585: ../libfprint/drivers/elan.c:356
(process:201965): libfprint-elan-DEBUG: 19:36:20.026: 55253811648: ../libfprint/drivers/elan.c:345
(process:201965): libfprint-SSM-DEBUG: 19:36:20.026: [elan] CAPTURE_NUM_STATES entering state 2
(process:201965): libfprint-SSM-DEBUG: 19:36:20.036: [elan] CAPTURE_NUM_STATES entering state 1
(process:201965): libfprint-elan-DEBUG: 19:36:20.037: 55253822193: ../libfprint/drivers/elan.c:356
(process:201965): libfprint-elan-DEBUG: 19:36:20.037: 55253822219: ../libfprint/drivers/elan.c:376
(process:201965): libfprint-elan-DEBUG: 19:36:20.037: 55253822238: ../libfprint/drivers/elan.c:389
(process:201965): libfprint-elan-DEBUG: 19:36:20.080: 55253865406: ../libfprint/drivers/elan.c:356
(process:201965): libfprint-elan-DEBUG: 19:36:20.080: 55253865552: ../libfprint/drivers/elan.c:345
(process:201965): libfprint-SSM-DEBUG: 19:36:20.080: [elan] CAPTURE_NUM_STATES entering state 2
(process:201965): libfprint-SSM-DEBUG: 19:36:20.090: [elan] CAPTURE_NUM_STATES entering state 1
(process:201965): libfprint-elan-DEBUG: 19:36:20.091: 55253876162: ../libfprint/drivers/elan.c:356
(process:201965): libfprint-elan-DEBUG: 19:36:20.091: 55253876234: ../libfprint/drivers/elan.c:376
(process:201965): libfprint-elan-DEBUG: 19:36:20.091: 55253876297: ../libfprint/drivers/elan.c:389
(process:201965): libfprint-elan-DEBUG: 19:36:20.134: 55253919115: ../libfprint/drivers/elan.c:356
(process:201965): libfprint-elan-DEBUG: 19:36:20.134: 55253919339: ../libfprint/drivers/elan.c:345
(process:201965): libfprint-SSM-DEBUG: 19:36:20.134: [elan] CAPTURE_NUM_STATES entering state 2
(process:201965): libfprint-SSM-DEBUG: 19:36:20.144: [elan] CAPTURE_NUM_STATES entering state 1
(process:201965): libfprint-elan-DEBUG: 19:36:20.144: 55253929549: ../libfprint/drivers/elan.c:356
(process:201965): libfprint-elan-DEBUG: 19:36:20.144: 55253929580: ../libfprint/drivers/elan.c:376
(process:201965): libfprint-elan-DEBUG: 19:36:20.144: 55253929599: ../libfprint/drivers/elan.c:389
(process:201965): libfprint-elan-DEBUG: 19:36:20.188: 55253972922: ../libfprint/drivers/elan.c:356
(process:201965): libfprint-elan-DEBUG: 19:36:20.188: 55253973106: ../libfprint/drivers/elan.c:345
(process:201965): libfprint-SSM-DEBUG: 19:36:20.188: [elan] CAPTURE_NUM_STATES entering state 2
(process:201965): libfprint-SSM-DEBUG: 19:36:20.198: [elan] CAPTURE_NUM_STATES entering state 1
(process:201965): libfprint-elan-DEBUG: 19:36:20.198: 55253983577: ../libfprint/drivers/elan.c:356
(process:201965): libfprint-elan-DEBUG: 19:36:20.198: 55253983660: ../libfprint/drivers/elan.c:376
(process:201965): libfprint-elan-DEBUG: 19:36:20.198: 55253983723: ../libfprint/drivers/elan.c:389
(process:201965): libfprint-elan-DEBUG: 19:36:20.241: 55254026620: ../libfprint/drivers/elan.c:356
(process:201965): libfprint-elan-DEBUG: 19:36:20.241: 55254026680: ../libfprint/drivers/elan.c:345
(process:201965): libfprint-SSM-DEBUG: 19:36:20.241: [elan] CAPTURE_NUM_STATES entering state 2
(process:201965): libfprint-SSM-DEBUG: 19:36:20.251: [elan] CAPTURE_NUM_STATES entering state 1
(process:201965): libfprint-elan-DEBUG: 19:36:20.252: 55254036983: ../libfprint/drivers/elan.c:356
(process:201965): libfprint-elan-DEBUG: 19:36:20.252: 55254037021: ../libfprint/drivers/elan.c:376
(process:201965): libfprint-elan-DEBUG: 19:36:20.252: 55254037040: ../libfprint/drivers/elan.c:389
(process:201965): libfprint-elan-DEBUG: 19:36:20.296: 55254080915: ../libfprint/drivers/elan.c:356
(process:201965): libfprint-elan-DEBUG: 19:36:20.296: 55254081086: ../libfprint/drivers/elan.c:345
(process:201965): libfprint-SSM-DEBUG: 19:36:20.296: [elan] CAPTURE_NUM_STATES entering state 2
(process:201965): libfprint-SSM-DEBUG: 19:36:20.306: [elan] CAPTURE_NUM_STATES entering state 1
(process:201965): libfprint-elan-DEBUG: 19:36:20.306: 55254091668: ../libfprint/drivers/elan.c:356
(process:201965): libfprint-elan-DEBUG: 19:36:20.306: 55254091753: ../libfprint/drivers/elan.c:376
(process:201965): libfprint-elan-DEBUG: 19:36:20.306: 55254091817: ../libfprint/drivers/elan.c:389
(process:201965): libfprint-elan-DEBUG: 19:36:20.349: 55254134584: ../libfprint/drivers/elan.c:356
(process:201965): libfprint-elan-DEBUG: 19:36:20.349: 55254134638: ../libfprint/drivers/elan.c:345
(process:201965): libfprint-SSM-DEBUG: 19:36:20.349: [elan] CAPTURE_NUM_STATES entering state 2
(process:201965): libfprint-SSM-DEBUG: 19:36:20.359: [elan] CAPTURE_NUM_STATES entering state 1
(process:201965): libfprint-elan-DEBUG: 19:36:20.360: 55254144989: ../libfprint/drivers/elan.c:356
(process:201965): libfprint-elan-DEBUG: 19:36:20.360: 55254145066: ../libfprint/drivers/elan.c:376
(process:201965): libfprint-elan-DEBUG: 19:36:20.360: 55254145085: ../libfprint/drivers/elan.c:389
(process:201965): libfprint-elan-DEBUG: 19:36:20.403: 55254188389: ../libfprint/drivers/elan.c:356
(process:201965): libfprint-elan-DEBUG: 19:36:20.403: 55254188523: ../libfprint/drivers/elan.c:345
(process:201965): libfprint-SSM-DEBUG: 19:36:20.403: [elan] CAPTURE_NUM_STATES entering state 2
(process:201965): libfprint-SSM-DEBUG: 19:36:20.413: [elan] CAPTURE_NUM_STATES entering state 1
(process:201965): libfprint-elan-DEBUG: 19:36:20.414: 55254198950: ../libfprint/drivers/elan.c:356
(process:201965): libfprint-elan-DEBUG: 19:36:20.414: 55254199068: ../libfprint/drivers/elan.c:376
(process:201965): libfprint-elan-DEBUG: 19:36:20.414: 55254199133: ../libfprint/drivers/elan.c:389
(process:201965): libfprint-elan-DEBUG: 19:36:20.457: 55254241988: ../libfprint/drivers/elan.c:356
(process:201965): libfprint-elan-DEBUG: 19:36:20.457: 55254242065: ../libfprint/drivers/elan.c:345
(process:201965): libfprint-SSM-DEBUG: 19:36:20.457: [elan] CAPTURE_NUM_STATES entering state 2
(process:201965): libfprint-SSM-DEBUG: 19:36:20.467: [elan] CAPTURE_NUM_STATES entering state 1
(process:201965): libfprint-elan-DEBUG: 19:36:20.467: 55254252323: ../libfprint/drivers/elan.c:356
(process:201965): libfprint-elan-DEBUG: 19:36:20.467: 55254252350: ../libfprint/drivers/elan.c:376
(process:201965): libfprint-elan-DEBUG: 19:36:20.467: 55254252370: ../libfprint/drivers/elan.c:389
(process:201965): libfprint-elan-DEBUG: 19:36:20.510: 55254295489: ../libfprint/drivers/elan.c:356
(process:201965): libfprint-elan-DEBUG: 19:36:20.510: 55254295569: ../libfprint/drivers/elan.c:345
(process:201965): libfprint-SSM-DEBUG: 19:36:20.510: [elan] CAPTURE_NUM_STATES entering state 2
(process:201965): libfprint-SSM-DEBUG: 19:36:20.520: [elan] CAPTURE_NUM_STATES entering state 1
(process:201965): libfprint-elan-DEBUG: 19:36:20.521: 55254306028: ../libfprint/drivers/elan.c:356
(process:201965): libfprint-elan-DEBUG: 19:36:20.521: 55254306120: ../libfprint/drivers/elan.c:376
(process:201965): libfprint-elan-DEBUG: 19:36:20.521: 55254306185: ../libfprint/drivers/elan.c:389
(process:201965): libfprint-elan-DEBUG: 19:36:20.564: 55254349464: ../libfprint/drivers/elan.c:356
(process:201965): libfprint-elan-DEBUG: 19:36:20.564: 55254349518: ../libfprint/drivers/elan.c:345
(process:201965): libfprint-SSM-DEBUG: 19:36:20.564: [elan] CAPTURE_NUM_STATES entering state 2
(process:201965): libfprint-SSM-DEBUG: 19:36:20.574: [elan] CAPTURE_NUM_STATES entering state 1
(process:201965): libfprint-elan-DEBUG: 19:36:20.575: 55254360102: ../libfprint/drivers/elan.c:356
(process:201965): libfprint-elan-DEBUG: 19:36:20.575: 55254360133: ../libfprint/drivers/elan.c:376
(process:201965): libfprint-elan-DEBUG: 19:36:20.575: 55254360154: ../libfprint/drivers/elan.c:389
(process:201965): libfprint-elan-DEBUG: 19:36:20.618: 55254403330: ../libfprint/drivers/elan.c:356
(process:201965): libfprint-elan-DEBUG: 19:36:20.618: 55254403472: ../libfprint/drivers/elan.c:345
(process:201965): libfprint-SSM-DEBUG: 19:36:20.618: [elan] CAPTURE_NUM_STATES entering state 2
(process:201965): libfprint-SSM-DEBUG: 19:36:20.628: [elan] CAPTURE_NUM_STATES entering state 1
(process:201965): libfprint-elan-DEBUG: 19:36:20.629: 55254414041: ../libfprint/drivers/elan.c:356
(process:201965): libfprint-elan-DEBUG: 19:36:20.629: 55254414133: ../libfprint/drivers/elan.c:376
(process:201965): libfprint-elan-DEBUG: 19:36:20.629: 55254414237: ../libfprint/drivers/elan.c:389
(process:201965): libfprint-elan-DEBUG: 19:36:20.672: 55254456963: ../libfprint/drivers/elan.c:356
(process:201965): libfprint-elan-DEBUG: 19:36:20.672: 55254457042: ../libfprint/drivers/elan.c:345
(process:201965): libfprint-SSM-DEBUG: 19:36:20.672: [elan] CAPTURE_NUM_STATES entering state 2
(process:201965): libfprint-SSM-DEBUG: 19:36:20.682: [elan] CAPTURE_NUM_STATES entering state 1
(process:201965): libfprint-elan-DEBUG: 19:36:20.682: 55254467755: ../libfprint/drivers/elan.c:356
(process:201965): libfprint-elan-DEBUG: 19:36:20.682: 55254467796: ../libfprint/drivers/elan.c:376
(process:201965): libfprint-elan-DEBUG: 19:36:20.682: 55254467823: ../libfprint/drivers/elan.c:389
(process:201965): libfprint-elan-DEBUG: 19:36:20.725: 55254510767: ../libfprint/drivers/elan.c:356
(process:201965): libfprint-elan-DEBUG: 19:36:20.726: 55254510912: ../libfprint/drivers/elan.c:345
(process:201965): libfprint-SSM-DEBUG: 19:36:20.726: [elan] CAPTURE_NUM_STATES entering state 2
(process:201965): libfprint-SSM-DEBUG: 19:36:20.736: [elan] CAPTURE_NUM_STATES entering state 1
(process:201965): libfprint-elan-DEBUG: 19:36:20.736: 55254521400: ../libfprint/drivers/elan.c:356
(process:201965): libfprint-elan-DEBUG: 19:36:20.736: 55254521497: ../libfprint/drivers/elan.c:376
(process:201965): libfprint-elan-DEBUG: 19:36:20.736: 55254521563: ../libfprint/drivers/elan.c:389
(process:201965): libfprint-elan-DEBUG: 19:36:20.779: 55254564770: ../libfprint/drivers/elan.c:356
(process:201965): libfprint-elan-DEBUG: 19:36:20.779: 55254564841: ../libfprint/drivers/elan.c:345
(process:201965): libfprint-SSM-DEBUG: 19:36:20.780: [elan] CAPTURE_NUM_STATES entering state 2
(process:201965): libfprint-SSM-DEBUG: 19:36:20.790: [elan] CAPTURE_NUM_STATES entering state 1
(process:201965): libfprint-elan-DEBUG: 19:36:20.790: 55254575386: ../libfprint/drivers/elan.c:356
(process:201965): libfprint-elan-DEBUG: 19:36:20.790: 55254575413: ../libfprint/drivers/elan.c:376
(process:201965): libfprint-elan-DEBUG: 19:36:20.790: 55254575432: ../libfprint/drivers/elan.c:389
(process:201965): libfprint-elan-DEBUG: 19:36:20.834: 55254619196: ../libfprint/drivers/elan.c:356
(process:201965): libfprint-elan-DEBUG: 19:36:20.834: 55254619295: ../libfprint/drivers/elan.c:345
(process:201965): libfprint-SSM-DEBUG: 19:36:20.834: [elan] CAPTURE_NUM_STATES entering state 2
(process:201965): libfprint-SSM-DEBUG: 19:36:20.844: [elan] CAPTURE_NUM_STATES entering state 1
(process:201965): libfprint-elan-DEBUG: 19:36:20.844: 55254629771: ../libfprint/drivers/elan.c:356
(process:201965): libfprint-elan-DEBUG: 19:36:20.845: 55254629943: ../libfprint/drivers/elan.c:376
(process:201965): libfprint-elan-DEBUG: 19:36:20.845: 55254630036: ../libfprint/drivers/elan.c:389
(process:201965): libfprint-elan-DEBUG: 19:36:20.888: 55254672948: ../libfprint/drivers/elan.c:356
(process:201965): libfprint-elan-DEBUG: 19:36:20.888: 55254673082: ../libfprint/drivers/elan.c:345
(process:201965): libfprint-SSM-DEBUG: 19:36:20.888: [elan] CAPTURE_NUM_STATES entering state 2
(process:201965): libfprint-SSM-DEBUG: 19:36:20.898: [elan] CAPTURE_NUM_STATES entering state 1
(process:201965): libfprint-elan-DEBUG: 19:36:20.898: 55254683510: ../libfprint/drivers/elan.c:356
(process:201965): libfprint-elan-DEBUG: 19:36:20.898: 55254683538: ../libfprint/drivers/elan.c:376
(process:201965): libfprint-elan-DEBUG: 19:36:20.898: 55254683557: ../libfprint/drivers/elan.c:389
(process:201965): libfprint-elan-DEBUG: 19:36:20.941: 55254726782: ../libfprint/drivers/elan.c:356
(process:201965): libfprint-elan-DEBUG: 19:36:20.942: 55254726927: ../libfprint/drivers/elan.c:345
(process:201965): libfprint-SSM-DEBUG: 19:36:20.942: [elan] CAPTURE_NUM_STATES entering state 2
(process:201965): libfprint-SSM-DEBUG: 19:36:20.952: [elan] CAPTURE_NUM_STATES entering state 1
(process:201965): libfprint-elan-DEBUG: 19:36:20.952: 55254737137: ../libfprint/drivers/elan.c:356
(process:201965): libfprint-elan-DEBUG: 19:36:20.952: 55254737164: ../libfprint/drivers/elan.c:376
(process:201965): libfprint-elan-DEBUG: 19:36:20.952: 55254737183: ../libfprint/drivers/elan.c:389
(process:201965): libfprint-elan-DEBUG: 19:36:20.995: 55254780217: ../libfprint/drivers/elan.c:356
(process:201965): libfprint-elan-DEBUG: 19:36:20.995: 55254780273: ../libfprint/drivers/elan.c:345
(process:201965): libfprint-SSM-DEBUG: 19:36:20.995: [elan] CAPTURE_NUM_STATES entering state 2
(process:201965): libfprint-SSM-DEBUG: 19:36:21.005: [elan] CAPTURE_NUM_STATES entering state 1
(process:201965): libfprint-elan-DEBUG: 19:36:21.005: 55254790628: ../libfprint/drivers/elan.c:356
(process:201965): libfprint-elan-DEBUG: 19:36:21.005: 55254790653: ../libfprint/drivers/elan.c:376
(process:201965): libfprint-elan-DEBUG: 19:36:21.005: 55254790672: ../libfprint/drivers/elan.c:389
(process:201965): libfprint-elan-DEBUG: 19:36:21.049: 55254834072: ../libfprint/drivers/elan.c:356
(process:201965): libfprint-elan-DEBUG: 19:36:21.049: 55254834214: ../libfprint/drivers/elan.c:345
(process:201965): libfprint-SSM-DEBUG: 19:36:21.049: [elan] CAPTURE_NUM_STATES entering state 2
(process:201965): libfprint-SSM-DEBUG: 19:36:21.059: [elan] CAPTURE_NUM_STATES entering state 1
(process:201965): libfprint-elan-DEBUG: 19:36:21.059: 55254844691: ../libfprint/drivers/elan.c:356
(process:201965): libfprint-elan-DEBUG: 19:36:21.059: 55254844780: ../libfprint/drivers/elan.c:376
(process:201965): libfprint-elan-DEBUG: 19:36:21.060: 55254844845: ../libfprint/drivers/elan.c:389
(process:201965): libfprint-elan-DEBUG: 19:36:21.103: 55254888193: ../libfprint/drivers/elan.c:356
(process:201965): libfprint-elan-DEBUG: 19:36:21.103: 55254888264: ../libfprint/drivers/elan.c:345
(process:201965): libfprint-SSM-DEBUG: 19:36:21.103: [elan] CAPTURE_NUM_STATES entering state 2
(process:201965): libfprint-SSM-DEBUG: 19:36:21.113: [elan] CAPTURE_NUM_STATES entering state 1
(process:201965): libfprint-elan-DEBUG: 19:36:21.113: 55254898584: ../libfprint/drivers/elan.c:356
(process:201965): libfprint-elan-DEBUG: 19:36:21.113: 55254898611: ../libfprint/drivers/elan.c:376
(process:201965): libfprint-elan-DEBUG: 19:36:21.113: 55254898631: ../libfprint/drivers/elan.c:389
(process:201965): libfprint-elan-DEBUG: 19:36:21.157: 55254941934: ../libfprint/drivers/elan.c:356
(process:201965): libfprint-elan-DEBUG: 19:36:21.157: 55254942098: ../libfprint/drivers/elan.c:345
(process:201965): libfprint-SSM-DEBUG: 19:36:21.157: [elan] CAPTURE_NUM_STATES entering state 2
(process:201965): libfprint-SSM-DEBUG: 19:36:21.167: [elan] CAPTURE_NUM_STATES entering state 1
(process:201965): libfprint-elan-DEBUG: 19:36:21.167: 55254952540: ../libfprint/drivers/elan.c:356
(process:201965): libfprint-elan-DEBUG: 19:36:21.167: 55254952566: ../libfprint/drivers/elan.c:376
(process:201965): libfprint-elan-DEBUG: 19:36:21.167: 55254952585: ../libfprint/drivers/elan.c:389
(process:201965): libfprint-elan-DEBUG: 19:36:21.211: 55254996111: ../libfprint/drivers/elan.c:356
(process:201965): libfprint-elan-DEBUG: 19:36:21.211: 55254996172: ../libfprint/drivers/elan.c:345
(process:201965): libfprint-SSM-DEBUG: 19:36:21.211: [elan] CAPTURE_NUM_STATES entering state 2
(process:201965): libfprint-SSM-DEBUG: 19:36:21.221: [elan] CAPTURE_NUM_STATES entering state 1
(process:201965): libfprint-elan-DEBUG: 19:36:21.221: 55255006598: ../libfprint/drivers/elan.c:356
(process:201965): libfprint-elan-DEBUG: 19:36:21.221: 55255006624: ../libfprint/drivers/elan.c:376
(process:201965): libfprint-elan-DEBUG: 19:36:21.221: 55255006643: ../libfprint/drivers/elan.c:389
(process:201965): libfprint-elan-DEBUG: 19:36:21.265: 55255049942: ../libfprint/drivers/elan.c:356
(process:201965): libfprint-elan-DEBUG: 19:36:21.265: 55255050132: ../libfprint/drivers/elan.c:345
(process:201965): libfprint-SSM-DEBUG: 19:36:21.265: [elan] CAPTURE_NUM_STATES entering state 2
(process:201965): libfprint-SSM-DEBUG: 19:36:21.275: [elan] CAPTURE_NUM_STATES entering state 1
(process:201965): libfprint-elan-DEBUG: 19:36:21.275: 55255060550: ../libfprint/drivers/elan.c:356
(process:201965): libfprint-elan-DEBUG: 19:36:21.275: 55255060631: ../libfprint/drivers/elan.c:376
(process:201965): libfprint-elan-DEBUG: 19:36:21.275: 55255060695: ../libfprint/drivers/elan.c:389
(process:201965): libfprint-elan-DEBUG: 19:36:21.320: 55255105106: ../libfprint/drivers/elan.c:356
(process:201965): libfprint-elan-DEBUG: 19:36:21.320: 55255105174: ../libfprint/drivers/elan.c:345
(process:201965): libfprint-SSM-DEBUG: 19:36:21.320: [elan] CAPTURE_NUM_STATES entering state 2
(process:201965): libfprint-SSM-DEBUG: 19:36:21.330: [elan] CAPTURE_NUM_STATES entering state 1
(process:201965): libfprint-elan-DEBUG: 19:36:21.330: 55255115447: ../libfprint/drivers/elan.c:356
(process:201965): libfprint-elan-DEBUG: 19:36:21.330: 55255115479: ../libfprint/drivers/elan.c:376
(process:201965): libfprint-elan-DEBUG: 19:36:21.330: 55255115499: ../libfprint/drivers/elan.c:389
(process:201965): libfprint-elan-DEBUG: 19:36:21.374: 55255159262: ../libfprint/drivers/elan.c:356
(process:201965): libfprint-elan-DEBUG: 19:36:21.374: 55255159402: ../libfprint/drivers/elan.c:345
(process:201965): libfprint-SSM-DEBUG: 19:36:21.374: [elan] CAPTURE_NUM_STATES entering state 2
(process:201965): libfprint-SSM-DEBUG: 19:36:21.384: [elan] CAPTURE_NUM_STATES entering state 1
(process:201965): libfprint-elan-DEBUG: 19:36:21.385: 55255169850: ../libfprint/drivers/elan.c:356
(process:201965): libfprint-elan-DEBUG: 19:36:21.385: 55255169926: ../libfprint/drivers/elan.c:376
(process:201965): libfprint-elan-DEBUG: 19:36:21.385: 55255169988: ../libfprint/drivers/elan.c:389
(process:201965): libfprint-elan-DEBUG: 19:36:21.428: 55255213026: ../libfprint/drivers/elan.c:356
(process:201965): libfprint-elan-DEBUG: 19:36:21.428: 55255213105: ../libfprint/drivers/elan.c:345
(process:201965): libfprint-SSM-DEBUG: 19:36:21.428: [elan] CAPTURE_NUM_STATES entering state 2
(process:201965): libfprint-SSM-DEBUG: 19:36:21.438: [elan] CAPTURE_NUM_STATES entering state 1
(process:201965): libfprint-elan-DEBUG: 19:36:21.438: 55255223503: ../libfprint/drivers/elan.c:356
(process:201965): libfprint-elan-DEBUG: 19:36:21.438: 55255223527: ../libfprint/drivers/elan.c:376
(process:201965): libfprint-elan-DEBUG: 19:36:21.438: 55255223546: ../libfprint/drivers/elan.c:389
(process:201965): libfprint-elan-DEBUG: 19:36:21.482: 55255266941: ../libfprint/drivers/elan.c:356
(process:201965): libfprint-elan-DEBUG: 19:36:21.482: 55255267127: ../libfprint/drivers/elan.c:345
(process:201965): libfprint-SSM-DEBUG: 19:36:21.482: [elan] CAPTURE_NUM_STATES entering state 2
(process:201965): libfprint-SSM-DEBUG: 19:36:21.492: [elan] CAPTURE_NUM_STATES entering state 1
(process:201965): libfprint-elan-DEBUG: 19:36:21.492: 55255277670: ../libfprint/drivers/elan.c:356
(process:201965): libfprint-elan-DEBUG: 19:36:21.492: 55255277766: ../libfprint/drivers/elan.c:376
(process:201965): libfprint-elan-DEBUG: 19:36:21.492: 55255277833: ../libfprint/drivers/elan.c:389
(process:201965): libfprint-elan-DEBUG: 19:36:21.535: 55255320678: ../libfprint/drivers/elan.c:356
(process:201965): libfprint-elan-DEBUG: 19:36:21.535: 55255320747: ../libfprint/drivers/elan.c:345
(process:201965): libfprint-SSM-DEBUG: 19:36:21.535: [elan] CAPTURE_NUM_STATES entering state 2
(process:201965): libfprint-SSM-DEBUG: 19:36:21.546: [elan] CAPTURE_NUM_STATES entering state 1
(process:201965): libfprint-elan-DEBUG: 19:36:21.546: 55255331268: ../libfprint/drivers/elan.c:356
(process:201965): libfprint-elan-DEBUG: 19:36:21.546: 55255331301: ../libfprint/drivers/elan.c:376
(process:201965): libfprint-elan-DEBUG: 19:36:21.546: 55255331396: ../libfprint/drivers/elan.c:389
(process:201965): libfprint-elan-DEBUG: 19:36:21.589: 55255374758: ../libfprint/drivers/elan.c:356
(process:201965): libfprint-elan-DEBUG: 19:36:21.590: 55255374901: ../libfprint/drivers/elan.c:345
(process:201965): libfprint-SSM-DEBUG: 19:36:21.590: [elan] CAPTURE_NUM_STATES entering state 2
(process:201965): libfprint-SSM-DEBUG: 19:36:21.600: [elan] CAPTURE_NUM_STATES entering state 1
(process:201965): libfprint-elan-DEBUG: 19:36:21.600: 55255385334: ../libfprint/drivers/elan.c:356
(process:201965): libfprint-elan-DEBUG: 19:36:21.600: 55255385428: ../libfprint/drivers/elan.c:376
(process:201965): libfprint-elan-DEBUG: 19:36:21.600: 55255385492: ../libfprint/drivers/elan.c:389
(process:201965): libfprint-elan-DEBUG: 19:36:21.643: 55255428770: ../libfprint/drivers/elan.c:356
(process:201965): libfprint-elan-DEBUG: 19:36:21.643: 55255428823: ../libfprint/drivers/elan.c:345
(process:201965): libfprint-SSM-DEBUG: 19:36:21.644: [elan] CAPTURE_NUM_STATES entering state 2
(process:201965): libfprint-SSM-DEBUG: 19:36:21.654: [elan] CAPTURE_NUM_STATES entering state 1
(process:201965): libfprint-elan-DEBUG: 19:36:21.654: 55255439563: ../libfprint/drivers/elan.c:356
(process:201965): libfprint-elan-DEBUG: 19:36:21.654: 55255439602: ../libfprint/drivers/elan.c:376
(process:201965): libfprint-elan-DEBUG: 19:36:21.654: 55255439624: ../libfprint/drivers/elan.c:389
(process:201965): libfprint-elan-DEBUG: 19:36:21.697: 55255482718: ../libfprint/drivers/elan.c:356
(process:201965): libfprint-elan-DEBUG: 19:36:21.698: 55255482860: ../libfprint/drivers/elan.c:345
(process:201965): libfprint-SSM-DEBUG: 19:36:21.698: [elan] CAPTURE_NUM_STATES entering state 2
(process:201965): libfprint-SSM-DEBUG: 19:36:21.708: [elan] CAPTURE_NUM_STATES entering state 1
(process:201965): libfprint-elan-DEBUG: 19:36:21.708: 55255493327: ../libfprint/drivers/elan.c:356
(process:201965): libfprint-elan-DEBUG: 19:36:21.708: 55255493403: ../libfprint/drivers/elan.c:376
(process:201965): libfprint-elan-DEBUG: 19:36:21.708: 55255493467: ../libfprint/drivers/elan.c:389
(process:201965): libfprint-elan-DEBUG: 19:36:21.752: 55255537342: ../libfprint/drivers/elan.c:356
(process:201965): libfprint-elan-DEBUG: 19:36:21.752: 55255537405: ../libfprint/drivers/elan.c:345
(process:201965): libfprint-SSM-DEBUG: 19:36:21.752: [elan] CAPTURE_NUM_STATES entering state 2
(process:201965): libfprint-SSM-DEBUG: 19:36:21.762: [elan] CAPTURE_NUM_STATES entering state 1
(process:201965): libfprint-elan-DEBUG: 19:36:21.762: 55255547768: ../libfprint/drivers/elan.c:356
(process:201965): libfprint-elan-DEBUG: 19:36:21.762: 55255547834: ../libfprint/drivers/elan.c:376
(process:201965): libfprint-elan-DEBUG: 19:36:21.763: 55255547856: ../libfprint/drivers/elan.c:389
(process:201965): libfprint-elan-DEBUG: 19:36:21.806: 55255591044: ../libfprint/drivers/elan.c:356
(process:201965): libfprint-elan-DEBUG: 19:36:21.806: 55255591143: ../libfprint/drivers/elan.c:345
(process:201965): libfprint-SSM-DEBUG: 19:36:21.806: [elan] CAPTURE_NUM_STATES entering state 2
(process:201965): libfprint-SSM-DEBUG: 19:36:21.816: [elan] CAPTURE_NUM_STATES entering state 1
(process:201965): libfprint-elan-DEBUG: 19:36:21.816: 55255601706: ../libfprint/drivers/elan.c:356
(process:201965): libfprint-elan-DEBUG: 19:36:21.816: 55255601801: ../libfprint/drivers/elan.c:376
(process:201965): libfprint-elan-DEBUG: 19:36:21.817: 55255601867: ../libfprint/drivers/elan.c:389
(process:201965): libfprint-elan-DEBUG: 19:36:21.860: 55255644994: ../libfprint/drivers/elan.c:356
(process:201965): libfprint-elan-DEBUG: 19:36:21.860: 55255645065: ../libfprint/drivers/elan.c:345
(process:201965): libfprint-SSM-DEBUG: 19:36:21.860: [elan] CAPTURE_NUM_STATES entering state 2
(process:201965): libfprint-SSM-DEBUG: 19:36:21.870: [elan] CAPTURE_NUM_STATES entering state 1
(process:201965): libfprint-elan-DEBUG: 19:36:21.870: 55255655639: ../libfprint/drivers/elan.c:356
(process:201965): libfprint-elan-DEBUG: 19:36:21.870: 55255655669: ../libfprint/drivers/elan.c:376
(process:201965): libfprint-elan-DEBUG: 19:36:21.870: 55255655692: ../libfprint/drivers/elan.c:389
(process:201965): libfprint-elan-DEBUG: 19:36:21.914: 55255699378: ../libfprint/drivers/elan.c:356
(process:201965): libfprint-elan-DEBUG: 19:36:21.914: 55255699520: ../libfprint/drivers/elan.c:345
(process:201965): libfprint-SSM-DEBUG: 19:36:21.914: [elan] CAPTURE_NUM_STATES entering state 2
(process:201965): libfprint-SSM-DEBUG: 19:36:21.924: [elan] CAPTURE_NUM_STATES entering state 1
(process:201965): libfprint-elan-DEBUG: 19:36:21.925: 55255710037: ../libfprint/drivers/elan.c:356
(process:201965): libfprint-elan-DEBUG: 19:36:21.925: 55255710113: ../libfprint/drivers/elan.c:376
(process:201965): libfprint-elan-DEBUG: 19:36:21.925: 55255710176: ../libfprint/drivers/elan.c:389
(process:201965): libfprint-elan-DEBUG: 19:36:21.968: 55255753059: ../libfprint/drivers/elan.c:356
(process:201965): libfprint-elan-DEBUG: 19:36:21.968: 55255753144: ../libfprint/drivers/elan.c:345
(process:201965): libfprint-SSM-DEBUG: 19:36:21.968: [elan] CAPTURE_NUM_STATES entering state 2
(process:201965): libfprint-SSM-DEBUG: 19:36:21.978: [elan] CAPTURE_NUM_STATES entering state 1
(process:201965): libfprint-elan-DEBUG: 19:36:21.978: 55255763518: ../libfprint/drivers/elan.c:356
(process:201965): libfprint-elan-DEBUG: 19:36:21.978: 55255763554: ../libfprint/drivers/elan.c:376
(process:201965): libfprint-elan-DEBUG: 19:36:21.978: 55255763573: ../libfprint/drivers/elan.c:389
(process:201965): libfprint-elan-DEBUG: 19:36:22.022: 55255806937: ../libfprint/drivers/elan.c:356
(process:201965): libfprint-elan-DEBUG: 19:36:22.022: 55255807133: ../libfprint/drivers/elan.c:345
(process:201965): libfprint-SSM-DEBUG: 19:36:22.022: [elan] CAPTURE_NUM_STATES entering state 2
(process:201965): libfprint-SSM-DEBUG: 19:36:22.032: [elan] CAPTURE_NUM_STATES entering state 1
(process:201965): libfprint-elan-DEBUG: 19:36:22.032: 55255817670: ../libfprint/drivers/elan.c:356
(process:201965): libfprint-elan-DEBUG: 19:36:22.032: 55255817747: ../libfprint/drivers/elan.c:376
(process:201965): libfprint-elan-DEBUG: 19:36:22.032: 55255817811: ../libfprint/drivers/elan.c:389
(process:201965): libfprint-elan-DEBUG: 19:36:22.075: 55255860611: ../libfprint/drivers/elan.c:356
(process:201965): libfprint-elan-DEBUG: 19:36:22.075: 55255860671: ../libfprint/drivers/elan.c:345
(process:201965): libfprint-SSM-DEBUG: 19:36:22.075: [elan] CAPTURE_NUM_STATES entering state 2
(process:201965): libfprint-SSM-DEBUG: 19:36:22.086: [elan] CAPTURE_NUM_STATES entering state 1
(process:201965): libfprint-elan-DEBUG: 19:36:22.086: 55255871329: ../libfprint/drivers/elan.c:356
(process:201965): libfprint-elan-DEBUG: 19:36:22.086: 55255871360: ../libfprint/drivers/elan.c:376
(process:201965): libfprint-elan-DEBUG: 19:36:22.086: 55255871381: ../libfprint/drivers/elan.c:389
(process:201965): libfprint-elan-DEBUG: 19:36:22.129: 55255914387: ../libfprint/drivers/elan.c:356
(process:201965): libfprint-elan-DEBUG: 19:36:22.129: 55255914528: ../libfprint/drivers/elan.c:345
(process:201965): libfprint-SSM-DEBUG: 19:36:22.129: [elan] CAPTURE_NUM_STATES entering state 2
(process:201965): libfprint-SSM-DEBUG: 19:36:22.139: [elan] CAPTURE_NUM_STATES entering state 1
(process:201965): libfprint-elan-DEBUG: 19:36:22.140: 55255924991: ../libfprint/drivers/elan.c:356
(process:201965): libfprint-elan-DEBUG: 19:36:22.140: 55255925087: ../libfprint/drivers/elan.c:376
(process:201965): libfprint-elan-DEBUG: 19:36:22.140: 55255925150: ../libfprint/drivers/elan.c:389
(process:201965): libfprint-elan-DEBUG: 19:36:22.183: 55255968462: ../libfprint/drivers/elan.c:356
(process:201965): libfprint-elan-DEBUG: 19:36:22.183: 55255968548: ../libfprint/drivers/elan.c:345
(process:201965): libfprint-SSM-DEBUG: 19:36:22.183: [elan] CAPTURE_NUM_STATES entering state 2
(process:201965): libfprint-SSM-DEBUG: 19:36:22.193: [elan] CAPTURE_NUM_STATES entering state 1
(process:201965): libfprint-elan-DEBUG: 19:36:22.194: 55255979040: ../libfprint/drivers/elan.c:356
(process:201965): libfprint-elan-DEBUG: 19:36:22.194: 55255979074: ../libfprint/drivers/elan.c:376
(process:201965): libfprint-elan-DEBUG: 19:36:22.194: 55255979093: ../libfprint/drivers/elan.c:389
(process:201965): libfprint-elan-DEBUG: 19:36:22.237: 55256022475: ../libfprint/drivers/elan.c:356
(process:201965): libfprint-elan-DEBUG: 19:36:22.237: 55256022618: ../libfprint/drivers/elan.c:345
(process:201965): libfprint-SSM-DEBUG: 19:36:22.237: [elan] CAPTURE_NUM_STATES entering state 2
(process:201965): libfprint-SSM-DEBUG: 19:36:22.247: [elan] CAPTURE_NUM_STATES entering state 1
(process:201965): libfprint-elan-DEBUG: 19:36:22.248: 55256033073: ../libfprint/drivers/elan.c:356
(process:201965): libfprint-elan-DEBUG: 19:36:22.248: 55256033164: ../libfprint/drivers/elan.c:376
(process:201965): libfprint-elan-DEBUG: 19:36:22.248: 55256033229: ../libfprint/drivers/elan.c:389
(process:201965): libfprint-elan-DEBUG: 19:36:22.291: 55256076198: ../libfprint/drivers/elan.c:356
(process:201965): libfprint-elan-DEBUG: 19:36:22.291: 55256076274: ../libfprint/drivers/elan.c:345
(process:201965): libfprint-SSM-DEBUG: 19:36:22.291: [elan] CAPTURE_NUM_STATES entering state 2
(process:201965): libfprint-SSM-DEBUG: 19:36:22.301: [elan] CAPTURE_NUM_STATES entering state 1
(process:201965): libfprint-elan-DEBUG: 19:36:22.301: 55256086804: ../libfprint/drivers/elan.c:356
(process:201965): libfprint-elan-DEBUG: 19:36:22.301: 55256086843: ../libfprint/drivers/elan.c:376
(process:201965): libfprint-elan-DEBUG: 19:36:22.302: 55256086870: ../libfprint/drivers/elan.c:389
(process:201965): libfprint-elan-DEBUG: 19:36:22.345: 55256130111: ../libfprint/drivers/elan.c:356
(process:201965): libfprint-elan-DEBUG: 19:36:22.345: 55256130295: ../libfprint/drivers/elan.c:345
(process:201965): libfprint-SSM-DEBUG: 19:36:22.345: [elan] CAPTURE_NUM_STATES entering state 2
(process:201965): libfprint-SSM-DEBUG: 19:36:22.355: [elan] CAPTURE_NUM_STATES entering state 1
(process:201965): libfprint-elan-DEBUG: 19:36:22.355: 55256140730: ../libfprint/drivers/elan.c:356
(process:201965): libfprint-elan-DEBUG: 19:36:22.356: 55256140838: ../libfprint/drivers/elan.c:376
(process:201965): libfprint-elan-DEBUG: 19:36:22.356: 55256140902: ../libfprint/drivers/elan.c:389
(process:201965): libfprint-elan-DEBUG: 19:36:22.399: 55256184360: ../libfprint/drivers/elan.c:356
(process:201965): libfprint-elan-DEBUG: 19:36:22.399: 55256184532: ../libfprint/drivers/elan.c:345
(process:201965): libfprint-SSM-DEBUG: 19:36:22.399: [elan] CAPTURE_NUM_STATES entering state 2
(process:201965): libfprint-SSM-DEBUG: 19:36:22.409: [elan] CAPTURE_NUM_STATES entering state 1
(process:201965): libfprint-elan-DEBUG: 19:36:22.409: 55256194718: ../libfprint/drivers/elan.c:356
(process:201965): libfprint-elan-DEBUG: 19:36:22.409: 55256194741: ../libfprint/drivers/elan.c:376
(process:201965): libfprint-elan-DEBUG: 19:36:22.409: 55256194760: ../libfprint/drivers/elan.c:389
(process:201965): libfprint-elan-DEBUG: 19:36:22.453: 55256238494: ../libfprint/drivers/elan.c:356
(process:201965): libfprint-elan-DEBUG: 19:36:22.453: 55256238636: ../libfprint/drivers/elan.c:345
(process:201965): libfprint-SSM-DEBUG: 19:36:22.453: [elan] CAPTURE_NUM_STATES entering state 2
(process:201965): libfprint-SSM-DEBUG: 19:36:22.463: [elan] CAPTURE_NUM_STATES entering state 1
(process:201965): libfprint-elan-DEBUG: 19:36:22.464: 55256249201: ../libfprint/drivers/elan.c:356
(process:201965): libfprint-elan-DEBUG: 19:36:22.464: 55256249279: ../libfprint/drivers/elan.c:376
(process:201965): libfprint-elan-DEBUG: 19:36:22.464: 55256249342: ../libfprint/drivers/elan.c:389
(process:201965): libfprint-elan-DEBUG: 19:36:22.507: 55256292148: ../libfprint/drivers/elan.c:356
(process:201965): libfprint-elan-DEBUG: 19:36:22.507: 55256292207: ../libfprint/drivers/elan.c:345
(process:201965): libfprint-SSM-DEBUG: 19:36:22.507: [elan] CAPTURE_NUM_STATES entering state 2
(process:201965): libfprint-SSM-DEBUG: 19:36:22.517: [elan] CAPTURE_NUM_STATES entering state 1
(process:201965): libfprint-elan-DEBUG: 19:36:22.517: 55256302558: ../libfprint/drivers/elan.c:356
(process:201965): libfprint-elan-DEBUG: 19:36:22.517: 55256302587: ../libfprint/drivers/elan.c:376
(process:201965): libfprint-elan-DEBUG: 19:36:22.517: 55256302606: ../libfprint/drivers/elan.c:389
(process:201965): libfprint-elan-DEBUG: 19:36:22.560: 55256345733: ../libfprint/drivers/elan.c:356
(process:201965): libfprint-elan-DEBUG: 19:36:22.560: 55256345817: ../libfprint/drivers/elan.c:345
(process:201965): libfprint-SSM-DEBUG: 19:36:22.560: [elan] CAPTURE_NUM_STATES entering state 2
(process:201965): libfprint-SSM-DEBUG: 19:36:22.571: [elan] CAPTURE_NUM_STATES entering state 1
(process:201965): libfprint-elan-DEBUG: 19:36:22.571: 55256356551: ../libfprint/drivers/elan.c:356
(process:201965): libfprint-elan-DEBUG: 19:36:22.571: 55256356655: ../libfprint/drivers/elan.c:376
(process:201965): libfprint-elan-DEBUG: 19:36:22.571: 55256356719: ../libfprint/drivers/elan.c:389
(process:201965): libfprint-elan-DEBUG: 19:36:22.614: 55256399695: ../libfprint/drivers/elan.c:356
(process:201965): libfprint-elan-DEBUG: 19:36:22.614: 55256399760: ../libfprint/drivers/elan.c:345
(process:201965): libfprint-SSM-DEBUG: 19:36:22.614: [elan] CAPTURE_NUM_STATES entering state 2
(process:201965): libfprint-SSM-DEBUG: 19:36:22.625: [elan] CAPTURE_NUM_STATES entering state 1
(process:201965): libfprint-elan-DEBUG: 19:36:22.625: 55256410230: ../libfprint/drivers/elan.c:356
(process:201965): libfprint-elan-DEBUG: 19:36:22.625: 55256410256: ../libfprint/drivers/elan.c:376
(process:201965): libfprint-elan-DEBUG: 19:36:22.625: 55256410295: ../libfprint/drivers/elan.c:389
(process:201965): libfprint-elan-DEBUG: 19:36:22.668: 55256453500: ../libfprint/drivers/elan.c:356
(process:201965): libfprint-elan-DEBUG: 19:36:22.668: 55256453641: ../libfprint/drivers/elan.c:345
(process:201965): libfprint-SSM-DEBUG: 19:36:22.668: [elan] CAPTURE_NUM_STATES entering state 2
(process:201965): libfprint-SSM-DEBUG: 19:36:22.678: [elan] CAPTURE_NUM_STATES entering state 1
(process:201965): libfprint-elan-DEBUG: 19:36:22.679: 55256464272: ../libfprint/drivers/elan.c:356
(process:201965): libfprint-elan-DEBUG: 19:36:22.679: 55256464364: ../libfprint/drivers/elan.c:376
(process:201965): libfprint-elan-DEBUG: 19:36:22.679: 55256464613: ../libfprint/drivers/elan.c:389
(process:201965): libfprint-elan-DEBUG: 19:36:22.722: 55256507726: ../libfprint/drivers/elan.c:356
(process:201965): libfprint-elan-DEBUG: 19:36:22.722: 55256507788: ../libfprint/drivers/elan.c:345
(process:201965): libfprint-SSM-DEBUG: 19:36:22.722: [elan] CAPTURE_NUM_STATES entering state 2
(process:201965): libfprint-SSM-DEBUG: 19:36:22.732: [elan] CAPTURE_NUM_STATES entering state 1
(process:201965): libfprint-elan-DEBUG: 19:36:22.733: 55256518297: ../libfprint/drivers/elan.c:356
(process:201965): libfprint-elan-DEBUG: 19:36:22.733: 55256518343: ../libfprint/drivers/elan.c:376
(process:201965): libfprint-elan-DEBUG: 19:36:22.733: 55256518362: ../libfprint/drivers/elan.c:389
(process:201965): libfprint-elan-DEBUG: 19:36:22.776: 55256561492: ../libfprint/drivers/elan.c:356
(process:201965): libfprint-elan-DEBUG: 19:36:22.776: 55256561672: ../libfprint/drivers/elan.c:345
(process:201965): libfprint-SSM-DEBUG: 19:36:22.776: [elan] CAPTURE_NUM_STATES entering state 2
(process:201965): libfprint-SSM-DEBUG: 19:36:22.786: [elan] CAPTURE_NUM_STATES entering state 1
(process:201965): libfprint-elan-DEBUG: 19:36:22.787: 55256572065: ../libfprint/drivers/elan.c:356
(process:201965): libfprint-elan-DEBUG: 19:36:22.787: 55256572141: ../libfprint/drivers/elan.c:376
(process:201965): libfprint-elan-DEBUG: 19:36:22.787: 55256572202: ../libfprint/drivers/elan.c:389
(process:201965): libfprint-elan-DEBUG: 19:36:22.830: 55256615304: ../libfprint/drivers/elan.c:356
(process:201965): libfprint-elan-DEBUG: 19:36:22.830: 55256615378: ../libfprint/drivers/elan.c:345
(process:201965): libfprint-SSM-DEBUG: 19:36:22.830: [elan] CAPTURE_NUM_STATES entering state 2
(process:201965): libfprint-SSM-DEBUG: 19:36:22.840: [elan] CAPTURE_NUM_STATES entering state 1
(process:201965): libfprint-elan-DEBUG: 19:36:22.840: 55256625717: ../libfprint/drivers/elan.c:356
(process:201965): libfprint-elan-DEBUG: 19:36:22.840: 55256625747: ../libfprint/drivers/elan.c:376
(process:201965): libfprint-elan-DEBUG: 19:36:22.840: 55256625766: ../libfprint/drivers/elan.c:389
(process:201965): libfprint-elan-DEBUG: 19:36:22.884: 55256669075: ../libfprint/drivers/elan.c:356
(process:201965): libfprint-elan-DEBUG: 19:36:22.884: 55256669218: ../libfprint/drivers/elan.c:345
(process:201965): libfprint-SSM-DEBUG: 19:36:22.884: [elan] CAPTURE_NUM_STATES entering state 2
(process:201965): libfprint-SSM-DEBUG: 19:36:22.894: [elan] CAPTURE_NUM_STATES entering state 1
(process:201965): libfprint-elan-DEBUG: 19:36:22.894: 55256679617: ../libfprint/drivers/elan.c:356
(process:201965): libfprint-elan-DEBUG: 19:36:22.894: 55256679706: ../libfprint/drivers/elan.c:376
(process:201965): libfprint-elan-DEBUG: 19:36:22.894: 55256679770: ../libfprint/drivers/elan.c:389
(process:201965): libfprint-elan-DEBUG: 19:36:22.938: 55256723032: ../libfprint/drivers/elan.c:356
(process:201965): libfprint-elan-DEBUG: 19:36:22.938: 55256723104: ../libfprint/drivers/elan.c:345
(process:201965): libfprint-SSM-DEBUG: 19:36:22.938: [elan] CAPTURE_NUM_STATES entering state 2
(process:201965): libfprint-SSM-DEBUG: 19:36:22.948: [elan] CAPTURE_NUM_STATES entering state 1
(process:201965): libfprint-elan-DEBUG: 19:36:22.948: 55256733500: ../libfprint/drivers/elan.c:356
(process:201965): libfprint-elan-DEBUG: 19:36:22.948: 55256733526: ../libfprint/drivers/elan.c:376
(process:201965): libfprint-elan-DEBUG: 19:36:22.948: 55256733547: ../libfprint/drivers/elan.c:389
(process:201965): libfprint-elan-DEBUG: 19:36:22.992: 55256777273: ../libfprint/drivers/elan.c:356
(process:201965): libfprint-elan-DEBUG: 19:36:22.992: 55256777354: ../libfprint/drivers/elan.c:345
(process:201965): libfprint-SSM-DEBUG: 19:36:22.992: [elan] CAPTURE_NUM_STATES entering state 2
(process:201965): libfprint-SSM-DEBUG: 19:36:23.002: [elan] CAPTURE_NUM_STATES entering state 1
(process:201965): libfprint-elan-DEBUG: 19:36:23.002: 55256787634: ../libfprint/drivers/elan.c:356
(process:201965): libfprint-elan-DEBUG: 19:36:23.002: 55256787659: ../libfprint/drivers/elan.c:376
(process:201965): libfprint-elan-DEBUG: 19:36:23.002: 55256787707: ../libfprint/drivers/elan.c:389
(process:201965): libfprint-elan-DEBUG: 19:36:23.045: 55256830830: ../libfprint/drivers/elan.c:356
(process:201965): libfprint-elan-DEBUG: 19:36:23.046: 55256830894: ../libfprint/drivers/elan.c:345
(process:201965): libfprint-SSM-DEBUG: 19:36:23.046: [elan] CAPTURE_NUM_STATES entering state 2
(process:201965): libfprint-SSM-DEBUG: 19:36:23.056: [elan] CAPTURE_NUM_STATES entering state 1
(process:201965): libfprint-elan-DEBUG: 19:36:23.056: 55256841374: ../libfprint/drivers/elan.c:356
(process:201965): libfprint-elan-DEBUG: 19:36:23.056: 55256841403: ../libfprint/drivers/elan.c:376
(process:201965): libfprint-elan-DEBUG: 19:36:23.056: 55256841426: ../libfprint/drivers/elan.c:389
(process:201965): libfprint-elan-DEBUG: 19:36:23.099: 55256884746: ../libfprint/drivers/elan.c:356
(process:201965): libfprint-elan-DEBUG: 19:36:23.100: 55256884886: ../libfprint/drivers/elan.c:345
(process:201965): libfprint-SSM-DEBUG: 19:36:23.100: [elan] CAPTURE_NUM_STATES entering state 2
(process:201965): libfprint-SSM-DEBUG: 19:36:23.110: [elan] CAPTURE_NUM_STATES entering state 1
(process:201965): libfprint-elan-DEBUG: 19:36:23.110: 55256895436: ../libfprint/drivers/elan.c:356
(process:201965): libfprint-elan-DEBUG: 19:36:23.110: 55256895505: ../libfprint/drivers/elan.c:376
(process:201965): libfprint-elan-DEBUG: 19:36:23.110: 55256895565: ../libfprint/drivers/elan.c:389
(process:201965): libfprint-elan-DEBUG: 19:36:23.153: 55256938476: ../libfprint/drivers/elan.c:356
(process:201965): libfprint-elan-DEBUG: 19:36:23.153: 55256938533: ../libfprint/drivers/elan.c:345
(process:201965): libfprint-SSM-DEBUG: 19:36:23.153: [elan] CAPTURE_NUM_STATES entering state 2
(process:201965): libfprint-SSM-DEBUG: 19:36:23.163: [elan] CAPTURE_NUM_STATES entering state 1
(process:201965): libfprint-elan-DEBUG: 19:36:23.164: 55256949057: ../libfprint/drivers/elan.c:356
(process:201965): libfprint-elan-DEBUG: 19:36:23.164: 55256949082: ../libfprint/drivers/elan.c:376
(process:201965): libfprint-elan-DEBUG: 19:36:23.164: 55256949101: ../libfprint/drivers/elan.c:389
(process:201965): libfprint-elan-DEBUG: 19:36:23.207: 55256992369: ../libfprint/drivers/elan.c:356
(process:201965): libfprint-elan-DEBUG: 19:36:23.207: 55256992507: ../libfprint/drivers/elan.c:345
(process:201965): libfprint-SSM-DEBUG: 19:36:23.207: [elan] CAPTURE_NUM_STATES entering state 2
(process:201965): libfprint-SSM-DEBUG: 19:36:23.217: [elan] CAPTURE_NUM_STATES entering state 1
(process:201965): libfprint-elan-DEBUG: 19:36:23.218: 55257002920: ../libfprint/drivers/elan.c:356
(process:201965): libfprint-elan-DEBUG: 19:36:23.218: 55257002993: ../libfprint/drivers/elan.c:376
(process:201965): libfprint-elan-DEBUG: 19:36:23.218: 55257003101: ../libfprint/drivers/elan.c:389
(process:201965): libfprint-elan-DEBUG: 19:36:23.261: 55257046832: ../libfprint/drivers/elan.c:356
(process:201965): libfprint-elan-DEBUG: 19:36:23.262: 55257046891: ../libfprint/drivers/elan.c:345
(process:201965): libfprint-SSM-DEBUG: 19:36:23.262: [elan] CAPTURE_NUM_STATES entering state 2
(process:201965): libfprint-SSM-DEBUG: 19:36:23.272: [elan] CAPTURE_NUM_STATES entering state 1
(process:201965): libfprint-elan-DEBUG: 19:36:23.272: 55257057493: ../libfprint/drivers/elan.c:356
(process:201965): libfprint-elan-DEBUG: 19:36:23.272: 55257057524: ../libfprint/drivers/elan.c:376
(process:201965): libfprint-elan-DEBUG: 19:36:23.272: 55257057544: ../libfprint/drivers/elan.c:389
(process:201965): libfprint-elan-DEBUG: 19:36:23.315: 55257100763: ../libfprint/drivers/elan.c:356
(process:201965): libfprint-elan-DEBUG: 19:36:23.316: 55257100897: ../libfprint/drivers/elan.c:345
(process:201965): libfprint-SSM-DEBUG: 19:36:23.316: [elan] CAPTURE_NUM_STATES entering state 2
(process:201965): libfprint-SSM-DEBUG: 19:36:23.326: [elan] CAPTURE_NUM_STATES entering state 1
(process:201965): libfprint-elan-DEBUG: 19:36:23.326: 55257111368: ../libfprint/drivers/elan.c:356
(process:201965): libfprint-elan-DEBUG: 19:36:23.326: 55257111462: ../libfprint/drivers/elan.c:376
(process:201965): libfprint-elan-DEBUG: 19:36:23.326: 55257111528: ../libfprint/drivers/elan.c:389
(process:201965): libfprint-elan-DEBUG: 19:36:23.369: 55257154683: ../libfprint/drivers/elan.c:356
(process:201965): libfprint-elan-DEBUG: 19:36:23.370: 55257155151: ../libfprint/drivers/elan.c:345
(process:201965): libfprint-SSM-DEBUG: 19:36:23.370: [elan] CAPTURE_NUM_STATES entering state 2
(process:201965): libfprint-SSM-DEBUG: 19:36:23.379: [elan] CAPTURE_NUM_STATES entering state 1
(process:201965): libfprint-elan-DEBUG: 19:36:23.380: 55257164989: ../libfprint/drivers/elan.c:356
(process:201965): libfprint-elan-DEBUG: 19:36:23.380: 55257165029: ../libfprint/drivers/elan.c:376
(process:201965): libfprint-elan-DEBUG: 19:36:23.380: 55257165049: ../libfprint/drivers/elan.c:389
(process:201965): libfprint-elan-DEBUG: 19:36:23.423: 55257208349: ../libfprint/drivers/elan.c:356
(process:201965): libfprint-elan-DEBUG: 19:36:23.423: 55257208490: ../libfprint/drivers/elan.c:345
(process:201965): libfprint-SSM-DEBUG: 19:36:23.423: [elan] CAPTURE_NUM_STATES entering state 2
(process:201965): libfprint-SSM-DEBUG: 19:36:23.433: [elan] CAPTURE_NUM_STATES entering state 1
(process:201965): libfprint-elan-DEBUG: 19:36:23.434: 55257218909: ../libfprint/drivers/elan.c:356
(process:201965): libfprint-elan-DEBUG: 19:36:23.434: 55257218989: ../libfprint/drivers/elan.c:376
(process:201965): libfprint-elan-DEBUG: 19:36:23.434: 55257219096: ../libfprint/drivers/elan.c:389
(process:201965): libfprint-elan-DEBUG: 19:36:23.477: 55257261970: ../libfprint/drivers/elan.c:356
(process:201965): libfprint-elan-DEBUG: 19:36:23.477: 55257262146: ../libfprint/drivers/elan.c:345
(process:201965): libfprint-SSM-DEBUG: 19:36:23.477: [elan] CAPTURE_NUM_STATES entering state 2
(process:201965): libfprint-SSM-DEBUG: 19:36:23.487: [elan] CAPTURE_NUM_STATES entering state 1
(process:201965): libfprint-elan-DEBUG: 19:36:23.487: 55257272654: ../libfprint/drivers/elan.c:356
(process:201965): libfprint-elan-DEBUG: 19:36:23.487: 55257272686: ../libfprint/drivers/elan.c:376
(process:201965): libfprint-elan-DEBUG: 19:36:23.487: 55257272707: ../libfprint/drivers/elan.c:389
(process:201965): libfprint-elan-DEBUG: 19:36:23.531: 55257316343: ../libfprint/drivers/elan.c:356
(process:201965): libfprint-elan-DEBUG: 19:36:23.531: 55257316486: ../libfprint/drivers/elan.c:345
(process:201965): libfprint-SSM-DEBUG: 19:36:23.531: [elan] CAPTURE_NUM_STATES entering state 2
(process:201965): libfprint-SSM-DEBUG: 19:36:23.541: [elan] CAPTURE_NUM_STATES entering state 1
(process:201965): libfprint-elan-DEBUG: 19:36:23.542: 55257326938: ../libfprint/drivers/elan.c:356
(process:201965): libfprint-elan-DEBUG: 19:36:23.542: 55257327072: ../libfprint/drivers/elan.c:376
(process:201965): libfprint-elan-DEBUG: 19:36:23.542: 55257327135: ../libfprint/drivers/elan.c:389
(process:201965): libfprint-elan-DEBUG: 19:36:23.585: 55257370018: ../libfprint/drivers/elan.c:356
(process:201965): libfprint-elan-DEBUG: 19:36:23.585: 55257370194: ../libfprint/drivers/elan.c:345
(process:201965): libfprint-SSM-DEBUG: 19:36:23.585: [elan] CAPTURE_NUM_STATES entering state 2
(process:201965): libfprint-SSM-DEBUG: 19:36:23.595: [elan] CAPTURE_NUM_STATES entering state 1
(process:201965): libfprint-elan-DEBUG: 19:36:23.595: 55257380474: ../libfprint/drivers/elan.c:356
(process:201965): libfprint-elan-DEBUG: 19:36:23.595: 55257380501: ../libfprint/drivers/elan.c:376
(process:201965): libfprint-elan-DEBUG: 19:36:23.595: 55257380519: ../libfprint/drivers/elan.c:389
(process:201965): libfprint-elan-DEBUG: 19:36:23.639: 55257423882: ../libfprint/drivers/elan.c:356
(process:201965): libfprint-elan-DEBUG: 19:36:23.639: 55257423963: ../libfprint/drivers/elan.c:345
(process:201965): libfprint-SSM-DEBUG: 19:36:23.639: [elan] CAPTURE_NUM_STATES entering state 2
(process:201965): libfprint-SSM-DEBUG: 19:36:23.649: [elan] CAPTURE_NUM_STATES entering state 1
(process:201965): libfprint-elan-DEBUG: 19:36:23.649: 55257434515: ../libfprint/drivers/elan.c:356
(process:201965): libfprint-elan-DEBUG: 19:36:23.649: 55257434591: ../libfprint/drivers/elan.c:376
(process:201965): libfprint-elan-DEBUG: 19:36:23.649: 55257434655: ../libfprint/drivers/elan.c:389
(process:201965): libfprint-elan-DEBUG: 19:36:23.693: 55257478063: ../libfprint/drivers/elan.c:356
(process:201965): libfprint-elan-DEBUG: 19:36:23.693: 55257478132: ../libfprint/drivers/elan.c:345
(process:201965): libfprint-SSM-DEBUG: 19:36:23.693: [elan] CAPTURE_NUM_STATES entering state 2
(process:201965): libfprint-SSM-DEBUG: 19:36:23.703: [elan] CAPTURE_NUM_STATES entering state 1
(process:201965): libfprint-elan-DEBUG: 19:36:23.703: 55257488670: ../libfprint/drivers/elan.c:356
(process:201965): libfprint-elan-DEBUG: 19:36:23.703: 55257488695: ../libfprint/drivers/elan.c:376
(process:201965): libfprint-elan-DEBUG: 19:36:23.703: 55257488713: ../libfprint/drivers/elan.c:389
(process:201965): libfprint-elan-DEBUG: 19:36:23.746: 55257531711: ../libfprint/drivers/elan.c:356
(process:201965): libfprint-elan-DEBUG: 19:36:23.746: 55257531792: ../libfprint/drivers/elan.c:345
(process:201965): libfprint-SSM-DEBUG: 19:36:23.746: [elan] CAPTURE_NUM_STATES entering state 2
(process:201965): libfprint-SSM-DEBUG: 19:36:23.757: [elan] CAPTURE_NUM_STATES entering state 1
(process:201965): libfprint-elan-DEBUG: 19:36:23.757: 55257542325: ../libfprint/drivers/elan.c:356
(process:201965): libfprint-elan-DEBUG: 19:36:23.757: 55257542362: ../libfprint/drivers/elan.c:376
(process:201965): libfprint-elan-DEBUG: 19:36:23.757: 55257542388: ../libfprint/drivers/elan.c:389
(process:201965): libfprint-elan-DEBUG: 19:36:23.800: 55257585833: ../libfprint/drivers/elan.c:356
(process:201965): libfprint-elan-DEBUG: 19:36:23.801: 55257585889: ../libfprint/drivers/elan.c:345
(process:201965): libfprint-SSM-DEBUG: 19:36:23.801: [elan] CAPTURE_NUM_STATES entering state 2
(process:201965): libfprint-SSM-DEBUG: 19:36:23.811: [elan] CAPTURE_NUM_STATES entering state 1
(process:201965): libfprint-elan-DEBUG: 19:36:23.811: 55257596565: ../libfprint/drivers/elan.c:356
(process:201965): libfprint-elan-DEBUG: 19:36:23.811: 55257596593: ../libfprint/drivers/elan.c:376
(process:201965): libfprint-elan-DEBUG: 19:36:23.811: 55257596668: ../libfprint/drivers/elan.c:389
(process:201965): libfprint-elan-DEBUG: 19:36:23.854: 55257639786: ../libfprint/drivers/elan.c:356
(process:201965): libfprint-elan-DEBUG: 19:36:23.855: 55257639928: ../libfprint/drivers/elan.c:345
(process:201965): libfprint-SSM-DEBUG: 19:36:23.855: [elan] CAPTURE_NUM_STATES entering state 2
(process:201965): libfprint-SSM-DEBUG: 19:36:23.865: [elan] CAPTURE_NUM_STATES entering state 1
(process:201965): libfprint-elan-DEBUG: 19:36:23.865: 55257650521: ../libfprint/drivers/elan.c:356
(process:201965): libfprint-elan-DEBUG: 19:36:23.865: 55257650610: ../libfprint/drivers/elan.c:376
(process:201965): libfprint-elan-DEBUG: 19:36:23.865: 55257650674: ../libfprint/drivers/elan.c:389
(process:201965): libfprint-elan-DEBUG: 19:36:23.908: 55257693596: ../libfprint/drivers/elan.c:356
(process:201965): libfprint-elan-DEBUG: 19:36:23.908: 55257693708: ../libfprint/drivers/elan.c:345
(process:201965): libfprint-SSM-DEBUG: 19:36:23.908: [elan] CAPTURE_NUM_STATES entering state 2
(process:201965): libfprint-SSM-DEBUG: 19:36:23.918: [elan] CAPTURE_NUM_STATES entering state 1
(process:201965): libfprint-elan-DEBUG: 19:36:23.919: 55257704143: ../libfprint/drivers/elan.c:356
(process:201965): libfprint-elan-DEBUG: 19:36:23.919: 55257704173: ../libfprint/drivers/elan.c:376
(process:201965): libfprint-elan-DEBUG: 19:36:23.919: 55257704192: ../libfprint/drivers/elan.c:389
(process:201965): libfprint-elan-DEBUG: 19:36:23.962: 55257747382: ../libfprint/drivers/elan.c:356
(process:201965): libfprint-elan-DEBUG: 19:36:23.962: 55257747533: ../libfprint/drivers/elan.c:345
(process:201965): libfprint-SSM-DEBUG: 19:36:23.962: [elan] CAPTURE_NUM_STATES entering state 2
(process:201965): libfprint-SSM-DEBUG: 19:36:23.972: [elan] CAPTURE_NUM_STATES entering state 1
(process:201965): libfprint-elan-DEBUG: 19:36:23.973: 55257757985: ../libfprint/drivers/elan.c:356
(process:201965): libfprint-elan-DEBUG: 19:36:23.973: 55257758104: ../libfprint/drivers/elan.c:376
(process:201965): libfprint-elan-DEBUG: 19:36:23.973: 55257758168: ../libfprint/drivers/elan.c:389
(process:201965): libfprint-elan-DEBUG: 19:36:24.016: 55257801031: ../libfprint/drivers/elan.c:356
(process:201965): libfprint-elan-DEBUG: 19:36:24.016: 55257801093: ../libfprint/drivers/elan.c:345
(process:201965): libfprint-SSM-DEBUG: 19:36:24.016: [elan] CAPTURE_NUM_STATES entering state 2
(process:201965): libfprint-SSM-DEBUG: 19:36:24.026: [elan] CAPTURE_NUM_STATES entering state 1
(process:201965): libfprint-elan-DEBUG: 19:36:24.026: 55257811590: ../libfprint/drivers/elan.c:356
(process:201965): libfprint-elan-DEBUG: 19:36:24.026: 55257811615: ../libfprint/drivers/elan.c:376
(process:201965): libfprint-elan-DEBUG: 19:36:24.026: 55257811633: ../libfprint/drivers/elan.c:389
(process:201965): libfprint-elan-DEBUG: 19:36:24.070: 55257855336: ../libfprint/drivers/elan.c:356
(process:201965): libfprint-elan-DEBUG: 19:36:24.070: 55257855526: ../libfprint/drivers/elan.c:345
(process:201965): libfprint-SSM-DEBUG: 19:36:24.070: [elan] CAPTURE_NUM_STATES entering state 2
(process:201965): libfprint-SSM-DEBUG: 19:36:24.080: [elan] CAPTURE_NUM_STATES entering state 1
(process:201965): libfprint-elan-DEBUG: 19:36:24.081: 55257865837: ../libfprint/drivers/elan.c:356
(process:201965): libfprint-elan-DEBUG: 19:36:24.081: 55257865925: ../libfprint/drivers/elan.c:376
(process:201965): libfprint-elan-DEBUG: 19:36:24.081: 55257865987: ../libfprint/drivers/elan.c:389
(process:201965): libfprint-elan-DEBUG: 19:36:24.124: 55257908902: ../libfprint/drivers/elan.c:356
(process:201965): libfprint-elan-DEBUG: 19:36:24.124: 55257908970: ../libfprint/drivers/elan.c:345
(process:201965): libfprint-SSM-DEBUG: 19:36:24.124: [elan] CAPTURE_NUM_STATES entering state 2
(process:201965): libfprint-SSM-DEBUG: 19:36:24.134: [elan] CAPTURE_NUM_STATES entering state 1
(process:201965): libfprint-elan-DEBUG: 19:36:24.134: 55257919538: ../libfprint/drivers/elan.c:356
(process:201965): libfprint-elan-DEBUG: 19:36:24.134: 55257919565: ../libfprint/drivers/elan.c:376
(process:201965): libfprint-elan-DEBUG: 19:36:24.134: 55257919587: ../libfprint/drivers/elan.c:389
(process:201965): libfprint-elan-DEBUG: 19:36:24.178: 55257962920: ../libfprint/drivers/elan.c:356
(process:201965): libfprint-elan-DEBUG: 19:36:24.178: 55257963100: ../libfprint/drivers/elan.c:345
(process:201965): libfprint-SSM-DEBUG: 19:36:24.178: [elan] CAPTURE_NUM_STATES entering state 2
(process:201965): libfprint-SSM-DEBUG: 19:36:24.188: [elan] CAPTURE_NUM_STATES entering state 1
(process:201965): libfprint-elan-DEBUG: 19:36:24.188: 55257973452: ../libfprint/drivers/elan.c:356
(process:201965): libfprint-elan-DEBUG: 19:36:24.188: 55257973550: ../libfprint/drivers/elan.c:376
(process:201965): libfprint-elan-DEBUG: 19:36:24.188: 55257973615: ../libfprint/drivers/elan.c:389
(process:201965): libfprint-elan-DEBUG: 19:36:24.231: 55258016519: ../libfprint/drivers/elan.c:356
(process:201965): libfprint-elan-DEBUG: 19:36:24.231: 55258016587: ../libfprint/drivers/elan.c:345
(process:201965): libfprint-SSM-DEBUG: 19:36:24.231: [elan] CAPTURE_NUM_STATES entering state 2
(process:201965): libfprint-SSM-DEBUG: 19:36:24.241: [elan] CAPTURE_NUM_STATES entering state 1
(process:201965): libfprint-elan-DEBUG: 19:36:24.242: 55258026915: ../libfprint/drivers/elan.c:356
(process:201965): libfprint-elan-DEBUG: 19:36:24.242: 55258026956: ../libfprint/drivers/elan.c:376
(process:201965): libfprint-elan-DEBUG: 19:36:24.242: 55258026977: ../libfprint/drivers/elan.c:389
(process:201965): libfprint-elan-DEBUG: 19:36:24.285: 55258070337: ../libfprint/drivers/elan.c:356
(process:201965): libfprint-elan-DEBUG: 19:36:24.285: 55258070478: ../libfprint/drivers/elan.c:345
(process:201965): libfprint-SSM-DEBUG: 19:36:24.285: [elan] CAPTURE_NUM_STATES entering state 2
(process:201965): libfprint-SSM-DEBUG: 19:36:24.295: [elan] CAPTURE_NUM_STATES entering state 1
(process:201965): libfprint-elan-DEBUG: 19:36:24.296: 55258080879: ../libfprint/drivers/elan.c:356
(process:201965): libfprint-elan-DEBUG: 19:36:24.296: 55258080969: ../libfprint/drivers/elan.c:376
(process:201965): libfprint-elan-DEBUG: 19:36:24.296: 55258081113: ../libfprint/drivers/elan.c:389
(process:201965): libfprint-elan-DEBUG: 19:36:24.339: 55258124358: ../libfprint/drivers/elan.c:356
(process:201965): libfprint-elan-DEBUG: 19:36:24.339: 55258124412: ../libfprint/drivers/elan.c:345
(process:201965): libfprint-SSM-DEBUG: 19:36:24.339: [elan] CAPTURE_NUM_STATES entering state 2
(process:201965): libfprint-SSM-DEBUG: 19:36:24.349: [elan] CAPTURE_NUM_STATES entering state 1
(process:201965): libfprint-elan-DEBUG: 19:36:24.350: 55258134887: ../libfprint/drivers/elan.c:356
(process:201965): libfprint-elan-DEBUG: 19:36:24.350: 55258134920: ../libfprint/drivers/elan.c:376
(process:201965): libfprint-elan-DEBUG: 19:36:24.350: 55258134939: ../libfprint/drivers/elan.c:389
(process:201965): libfprint-elan-DEBUG: 19:36:24.393: 55258178036: ../libfprint/drivers/elan.c:356
(process:201965): libfprint-elan-DEBUG: 19:36:24.393: 55258178178: ../libfprint/drivers/elan.c:345
(process:201965): libfprint-SSM-DEBUG: 19:36:24.393: [elan] CAPTURE_NUM_STATES entering state 2
(process:201965): libfprint-SSM-DEBUG: 19:36:24.403: [elan] CAPTURE_NUM_STATES entering state 1
(process:201965): libfprint-elan-DEBUG: 19:36:24.403: 55258188532: ../libfprint/drivers/elan.c:356
(process:201965): libfprint-elan-DEBUG: 19:36:24.403: 55258188613: ../libfprint/drivers/elan.c:376
(process:201965): libfprint-elan-DEBUG: 19:36:24.403: 55258188675: ../libfprint/drivers/elan.c:389
(process:201965): libfprint-elan-DEBUG: 19:36:24.446: 55258231529: ../libfprint/drivers/elan.c:356
(process:201965): libfprint-elan-DEBUG: 19:36:24.446: 55258231591: ../libfprint/drivers/elan.c:345
(process:201965): libfprint-SSM-DEBUG: 19:36:24.446: [elan] CAPTURE_NUM_STATES entering state 2
(process:201965): libfprint-SSM-DEBUG: 19:36:24.456: [elan] CAPTURE_NUM_STATES entering state 1
(process:201965): libfprint-elan-DEBUG: 19:36:24.457: 55258242154: ../libfprint/drivers/elan.c:356
(process:201965): libfprint-elan-DEBUG: 19:36:24.457: 55258242182: ../libfprint/drivers/elan.c:376
(process:201965): libfprint-elan-DEBUG: 19:36:24.457: 55258242203: ../libfprint/drivers/elan.c:389
(process:201965): libfprint-elan-DEBUG: 19:36:24.500: 55258285474: ../libfprint/drivers/elan.c:356
(process:201965): libfprint-elan-DEBUG: 19:36:24.500: 55258285614: ../libfprint/drivers/elan.c:345
(process:201965): libfprint-SSM-DEBUG: 19:36:24.500: [elan] CAPTURE_NUM_STATES entering state 2
(process:201965): libfprint-SSM-DEBUG: 19:36:24.510: [elan] CAPTURE_NUM_STATES entering state 1
(process:201965): libfprint-elan-DEBUG: 19:36:24.511: 55258296080: ../libfprint/drivers/elan.c:356
(process:201965): libfprint-elan-DEBUG: 19:36:24.511: 55258296272: ../libfprint/drivers/elan.c:376
(process:201965): libfprint-elan-DEBUG: 19:36:24.511: 55258296335: ../libfprint/drivers/elan.c:389
(process:201965): libfprint-elan-DEBUG: 19:36:24.554: 55258339171: ../libfprint/drivers/elan.c:356
(process:201965): libfprint-elan-DEBUG: 19:36:24.554: 55258339236: ../libfprint/drivers/elan.c:345
(process:201965): libfprint-SSM-DEBUG: 19:36:24.554: [elan] CAPTURE_NUM_STATES entering state 2
(process:201965): libfprint-SSM-DEBUG: 19:36:24.564: [elan] CAPTURE_NUM_STATES entering state 1
(process:201965): libfprint-elan-DEBUG: 19:36:24.564: 55258349691: ../libfprint/drivers/elan.c:356
(process:201965): libfprint-elan-DEBUG: 19:36:24.564: 55258349715: ../libfprint/drivers/elan.c:376
(process:201965): libfprint-elan-DEBUG: 19:36:24.564: 55258349733: ../libfprint/drivers/elan.c:389
(process:201965): libfprint-elan-DEBUG: 19:36:24.608: 55258393403: ../libfprint/drivers/elan.c:356
(process:201965): libfprint-elan-DEBUG: 19:36:24.608: 55258393545: ../libfprint/drivers/elan.c:345
(process:201965): libfprint-SSM-DEBUG: 19:36:24.608: [elan] CAPTURE_NUM_STATES entering state 2
(process:201965): libfprint-SSM-DEBUG: 19:36:24.618: [elan] CAPTURE_NUM_STATES entering state 1
(process:201965): libfprint-elan-DEBUG: 19:36:24.619: 55258404083: ../libfprint/drivers/elan.c:356
(process:201965): libfprint-elan-DEBUG: 19:36:24.619: 55258404166: ../libfprint/drivers/elan.c:376
(process:201965): libfprint-elan-DEBUG: 19:36:24.619: 55258404230: ../libfprint/drivers/elan.c:389
(process:201965): libfprint-elan-DEBUG: 19:36:24.662: 55258447091: ../libfprint/drivers/elan.c:356
(process:201965): libfprint-elan-DEBUG: 19:36:24.662: 55258447172: ../libfprint/drivers/elan.c:345
(process:201965): libfprint-SSM-DEBUG: 19:36:24.662: [elan] CAPTURE_NUM_STATES entering state 2
(process:201965): libfprint-SSM-DEBUG: 19:36:24.672: [elan] CAPTURE_NUM_STATES entering state 1
(process:201965): libfprint-elan-DEBUG: 19:36:24.672: 55258457672: ../libfprint/drivers/elan.c:356
(process:201965): libfprint-elan-DEBUG: 19:36:24.672: 55258457696: ../libfprint/drivers/elan.c:376
(process:201965): libfprint-elan-DEBUG: 19:36:24.672: 55258457715: ../libfprint/drivers/elan.c:389
(process:201965): libfprint-elan-DEBUG: 19:36:24.716: 55258500996: ../libfprint/drivers/elan.c:356
(process:201965): libfprint-elan-DEBUG: 19:36:24.716: 55258501175: ../libfprint/drivers/elan.c:345
(process:201965): libfprint-SSM-DEBUG: 19:36:24.716: [elan] CAPTURE_NUM_STATES entering state 2
(process:201965): libfprint-SSM-DEBUG: 19:36:24.726: [elan] CAPTURE_NUM_STATES entering state 1
(process:201965): libfprint-elan-DEBUG: 19:36:24.726: 55258511624: ../libfprint/drivers/elan.c:356
(process:201965): libfprint-elan-DEBUG: 19:36:24.726: 55258511703: ../libfprint/drivers/elan.c:376
(process:201965): libfprint-elan-DEBUG: 19:36:24.726: 55258511766: ../libfprint/drivers/elan.c:389
(process:201965): libfprint-elan-DEBUG: 19:36:24.769: 55258554615: ../libfprint/drivers/elan.c:356
(process:201965): libfprint-elan-DEBUG: 19:36:24.769: 55258554674: ../libfprint/drivers/elan.c:345
(process:201965): libfprint-SSM-DEBUG: 19:36:24.769: [elan] CAPTURE_NUM_STATES entering state 2
(process:201965): libfprint-SSM-DEBUG: 19:36:24.779: [elan] CAPTURE_NUM_STATES entering state 1
(process:201965): libfprint-elan-DEBUG: 19:36:24.780: 55258564940: ../libfprint/drivers/elan.c:356
(process:201965): libfprint-elan-DEBUG: 19:36:24.780: 55258564964: ../libfprint/drivers/elan.c:376
(process:201965): libfprint-elan-DEBUG: 19:36:24.780: 55258565078: ../libfprint/drivers/elan.c:389
(process:201965): libfprint-elan-DEBUG: 19:36:24.823: 55258608333: ../libfprint/drivers/elan.c:356
(process:201965): libfprint-elan-DEBUG: 19:36:24.823: 55258608473: ../libfprint/drivers/elan.c:345
(process:201965): libfprint-SSM-DEBUG: 19:36:24.823: [elan] CAPTURE_NUM_STATES entering state 2
(process:201965): libfprint-SSM-DEBUG: 19:36:24.833: [elan] CAPTURE_NUM_STATES entering state 1
(process:201965): libfprint-elan-DEBUG: 19:36:24.834: 55258618934: ../libfprint/drivers/elan.c:356
(process:201965): libfprint-elan-DEBUG: 19:36:24.834: 55258619054: ../libfprint/drivers/elan.c:376
(process:201965): libfprint-elan-DEBUG: 19:36:24.834: 55258619119: ../libfprint/drivers/elan.c:389
(process:201965): libfprint-elan-DEBUG: 19:36:24.877: 55258662366: ../libfprint/drivers/elan.c:356
(process:201965): libfprint-elan-DEBUG: 19:36:24.877: 55258662428: ../libfprint/drivers/elan.c:345
(process:201965): libfprint-SSM-DEBUG: 19:36:24.877: [elan] CAPTURE_NUM_STATES entering state 2
(process:201965): libfprint-SSM-DEBUG: 19:36:24.887: [elan] CAPTURE_NUM_STATES entering state 1
(process:201965): libfprint-elan-DEBUG: 19:36:24.888: 55258672995: ../libfprint/drivers/elan.c:356
(process:201965): libfprint-elan-DEBUG: 19:36:24.888: 55258673048: ../libfprint/drivers/elan.c:376
(process:201965): libfprint-elan-DEBUG: 19:36:24.888: 55258673074: ../libfprint/drivers/elan.c:389
(process:201965): libfprint-elan-DEBUG: 19:36:24.931: 55258716314: ../libfprint/drivers/elan.c:356
(process:201965): libfprint-elan-DEBUG: 19:36:24.931: 55258716456: ../libfprint/drivers/elan.c:345
(process:201965): libfprint-SSM-DEBUG: 19:36:24.931: [elan] CAPTURE_NUM_STATES entering state 2
(process:201965): libfprint-SSM-DEBUG: 19:36:24.941: [elan] CAPTURE_NUM_STATES entering state 1
(process:201965): libfprint-elan-DEBUG: 19:36:24.942: 55258726869: ../libfprint/drivers/elan.c:356
(process:201965): libfprint-elan-DEBUG: 19:36:24.942: 55258726947: ../libfprint/drivers/elan.c:376
(process:201965): libfprint-elan-DEBUG: 19:36:24.942: 55258727032: ../libfprint/drivers/elan.c:389
(process:201965): libfprint-elan-DEBUG: 19:36:24.985: 55258770020: ../libfprint/drivers/elan.c:356
(process:201965): libfprint-elan-DEBUG: 19:36:24.985: 55258770077: ../libfprint/drivers/elan.c:345
(process:201965): libfprint-SSM-DEBUG: 19:36:24.985: [elan] CAPTURE_NUM_STATES entering state 2
(process:201965): libfprint-SSM-DEBUG: 19:36:24.995: [elan] CAPTURE_NUM_STATES entering state 1
(process:201965): libfprint-elan-DEBUG: 19:36:24.995: 55258780667: ../libfprint/drivers/elan.c:356
(process:201965): libfprint-elan-DEBUG: 19:36:24.995: 55258780691: ../libfprint/drivers/elan.c:376
(process:201965): libfprint-elan-DEBUG: 19:36:24.995: 55258780710: ../libfprint/drivers/elan.c:389
(process:201965): libfprint-elan-DEBUG: 19:36:25.038: 55258823805: ../libfprint/drivers/elan.c:356
(process:201965): libfprint-elan-DEBUG: 19:36:25.039: 55258823942: ../libfprint/drivers/elan.c:345
(process:201965): libfprint-SSM-DEBUG: 19:36:25.039: [elan] CAPTURE_NUM_STATES entering state 2
(process:201965): libfprint-SSM-DEBUG: 19:36:25.049: [elan] CAPTURE_NUM_STATES entering state 1
(process:201965): libfprint-elan-DEBUG: 19:36:25.049: 55258834543: ../libfprint/drivers/elan.c:356
(process:201965): libfprint-elan-DEBUG: 19:36:25.049: 55258834619: ../libfprint/drivers/elan.c:376
(process:201965): libfprint-elan-DEBUG: 19:36:25.049: 55258834682: ../libfprint/drivers/elan.c:389
(process:201965): libfprint-elan-DEBUG: 19:36:25.093: 55258878813: ../libfprint/drivers/elan.c:356
(process:201965): libfprint-elan-DEBUG: 19:36:25.094: 55258878883: ../libfprint/drivers/elan.c:345
(process:201965): libfprint-SSM-DEBUG: 19:36:25.094: [elan] CAPTURE_NUM_STATES entering state 2
(process:201965): libfprint-SSM-DEBUG: 19:36:25.104: [elan] CAPTURE_NUM_STATES entering state 1
(process:201965): libfprint-elan-DEBUG: 19:36:25.104: 55258889592: ../libfprint/drivers/elan.c:356
(process:201965): libfprint-elan-DEBUG: 19:36:25.104: 55258889618: ../libfprint/drivers/elan.c:376
(process:201965): libfprint-elan-DEBUG: 19:36:25.104: 55258889638: ../libfprint/drivers/elan.c:389
(process:201965): libfprint-elan-DEBUG: 19:36:25.148: 55258933252: ../libfprint/drivers/elan.c:356
(process:201965): libfprint-elan-DEBUG: 19:36:25.148: 55258933394: ../libfprint/drivers/elan.c:345
(process:201965): libfprint-SSM-DEBUG: 19:36:25.148: [elan] CAPTURE_NUM_STATES entering state 2
(process:201965): libfprint-SSM-DEBUG: 19:36:25.158: [elan] CAPTURE_NUM_STATES entering state 1
(process:201965): libfprint-elan-DEBUG: 19:36:25.158: 55258943828: ../libfprint/drivers/elan.c:356
(process:201965): libfprint-elan-DEBUG: 19:36:25.159: 55258943904: ../libfprint/drivers/elan.c:376
(process:201965): libfprint-elan-DEBUG: 19:36:25.159: 55258943968: ../libfprint/drivers/elan.c:389
(process:201965): libfprint-elan-DEBUG: 19:36:25.202: 55258986877: ../libfprint/drivers/elan.c:356
(process:201965): libfprint-elan-DEBUG: 19:36:25.202: 55258986932: ../libfprint/drivers/elan.c:345
(process:201965): libfprint-SSM-DEBUG: 19:36:25.202: [elan] CAPTURE_NUM_STATES entering state 2
(process:201965): libfprint-SSM-DEBUG: 19:36:25.212: [elan] CAPTURE_NUM_STATES entering state 1
(process:201965): libfprint-elan-DEBUG: 19:36:25.212: 55258997523: ../libfprint/drivers/elan.c:356
(process:201965): libfprint-elan-DEBUG: 19:36:25.212: 55258997577: ../libfprint/drivers/elan.c:376
(process:201965): libfprint-elan-DEBUG: 19:36:25.212: 55258997598: ../libfprint/drivers/elan.c:389
(process:201965): libfprint-elan-DEBUG: 19:36:25.256: 55259040912: ../libfprint/drivers/elan.c:356
(process:201965): libfprint-elan-DEBUG: 19:36:25.256: 55259041019: ../libfprint/drivers/elan.c:345
(process:201965): libfprint-SSM-DEBUG: 19:36:25.256: [elan] CAPTURE_NUM_STATES entering state 2
(process:201965): libfprint-SSM-DEBUG: 19:36:25.266: [elan] CAPTURE_NUM_STATES entering state 1
(process:201965): libfprint-elan-DEBUG: 19:36:25.266: 55259051631: ../libfprint/drivers/elan.c:356
(process:201965): libfprint-elan-DEBUG: 19:36:25.266: 55259051725: ../libfprint/drivers/elan.c:376
(process:201965): libfprint-elan-DEBUG: 19:36:25.266: 55259051789: ../libfprint/drivers/elan.c:389
(process:201965): libfprint-elan-DEBUG: 19:36:25.310: 55259095132: ../libfprint/drivers/elan.c:356
(process:201965): libfprint-elan-DEBUG: 19:36:25.310: 55259095199: ../libfprint/drivers/elan.c:345
(process:201965): libfprint-SSM-DEBUG: 19:36:25.310: [elan] CAPTURE_NUM_STATES entering state 2
(process:201965): libfprint-SSM-DEBUG: 19:36:25.320: [elan] CAPTURE_NUM_STATES entering state 1
(process:201965): libfprint-elan-DEBUG: 19:36:25.320: 55259105797: ../libfprint/drivers/elan.c:356
(process:201965): libfprint-elan-DEBUG: 19:36:25.320: 55259105832: ../libfprint/drivers/elan.c:376
(process:201965): libfprint-elan-DEBUG: 19:36:25.321: 55259105854: ../libfprint/drivers/elan.c:389
(process:201965): libfprint-elan-DEBUG: 19:36:25.364: 55259148853: ../libfprint/drivers/elan.c:356
(process:201965): libfprint-elan-DEBUG: 19:36:25.364: 55259148982: ../libfprint/drivers/elan.c:345
(process:201965): libfprint-SSM-DEBUG: 19:36:25.364: [elan] CAPTURE_NUM_STATES entering state 2
(process:201965): libfprint-SSM-DEBUG: 19:36:25.374: [elan] CAPTURE_NUM_STATES entering state 1
(process:201965): libfprint-elan-DEBUG: 19:36:25.374: 55259159275: ../libfprint/drivers/elan.c:356
(process:201965): libfprint-elan-DEBUG: 19:36:25.374: 55259159302: ../libfprint/drivers/elan.c:376
(process:201965): libfprint-elan-DEBUG: 19:36:25.374: 55259159321: ../libfprint/drivers/elan.c:389
(process:201965): libfprint-elan-DEBUG: 19:36:25.418: 55259203297: ../libfprint/drivers/elan.c:356
(process:201965): libfprint-elan-DEBUG: 19:36:25.418: 55259203364: ../libfprint/drivers/elan.c:345
(process:201965): libfprint-SSM-DEBUG: 19:36:25.418: [elan] CAPTURE_NUM_STATES entering state 2
(process:201965): libfprint-SSM-DEBUG: 19:36:25.428: [elan] CAPTURE_NUM_STATES entering state 1
(process:201965): libfprint-elan-DEBUG: 19:36:25.428: 55259213694: ../libfprint/drivers/elan.c:356
(process:201965): libfprint-elan-DEBUG: 19:36:25.428: 55259213721: ../libfprint/drivers/elan.c:376
(process:201965): libfprint-elan-DEBUG: 19:36:25.428: 55259213740: ../libfprint/drivers/elan.c:389
(process:201965): libfprint-elan-DEBUG: 19:36:25.472: 55259256993: ../libfprint/drivers/elan.c:356
(process:201965): libfprint-elan-DEBUG: 19:36:25.472: 55259257161: ../libfprint/drivers/elan.c:345
(process:201965): libfprint-SSM-DEBUG: 19:36:25.472: [elan] CAPTURE_NUM_STATES entering state 2
(process:201965): libfprint-SSM-DEBUG: 19:36:25.482: [elan] CAPTURE_NUM_STATES entering state 1
(process:201965): libfprint-elan-DEBUG: 19:36:25.482: 55259267648: ../libfprint/drivers/elan.c:356
(process:201965): libfprint-elan-DEBUG: 19:36:25.482: 55259267726: ../libfprint/drivers/elan.c:376
(process:201965): libfprint-elan-DEBUG: 19:36:25.482: 55259267791: ../libfprint/drivers/elan.c:389
(process:201965): libfprint-elan-DEBUG: 19:36:25.526: 55259311057: ../libfprint/drivers/elan.c:356
(process:201965): libfprint-elan-DEBUG: 19:36:25.526: 55259311119: ../libfprint/drivers/elan.c:345
(process:201965): libfprint-SSM-DEBUG: 19:36:25.526: [elan] CAPTURE_NUM_STATES entering state 2
(process:201965): libfprint-SSM-DEBUG: 19:36:25.536: [elan] CAPTURE_NUM_STATES entering state 1
(process:201965): libfprint-elan-DEBUG: 19:36:25.536: 55259321521: ../libfprint/drivers/elan.c:356
(process:201965): libfprint-elan-DEBUG: 19:36:25.536: 55259321547: ../libfprint/drivers/elan.c:376
(process:201965): libfprint-elan-DEBUG: 19:36:25.536: 55259321566: ../libfprint/drivers/elan.c:389
(process:201965): libfprint-elan-DEBUG: 19:36:25.580: 55259365070: ../libfprint/drivers/elan.c:356
(process:201965): libfprint-elan-DEBUG: 19:36:25.580: 55259365210: ../libfprint/drivers/elan.c:345
(process:201965): libfprint-SSM-DEBUG: 19:36:25.580: [elan] CAPTURE_NUM_STATES entering state 2
(process:201965): libfprint-SSM-DEBUG: 19:36:25.590: [elan] CAPTURE_NUM_STATES entering state 1
(process:201965): libfprint-elan-DEBUG: 19:36:25.590: 55259375579: ../libfprint/drivers/elan.c:356
(process:201965): libfprint-elan-DEBUG: 19:36:25.590: 55259375667: ../libfprint/drivers/elan.c:376
(process:201965): libfprint-elan-DEBUG: 19:36:25.590: 55259375732: ../libfprint/drivers/elan.c:389
(process:201965): libfprint-elan-DEBUG: 19:36:25.634: 55259419115: ../libfprint/drivers/elan.c:356
(process:201965): libfprint-elan-DEBUG: 19:36:25.634: 55259419179: ../libfprint/drivers/elan.c:345
(process:201965): libfprint-SSM-DEBUG: 19:36:25.634: [elan] CAPTURE_NUM_STATES entering state 2
(process:201965): libfprint-SSM-DEBUG: 19:36:25.644: [elan] CAPTURE_NUM_STATES entering state 1
(process:201965): libfprint-elan-DEBUG: 19:36:25.644: 55259429490: ../libfprint/drivers/elan.c:356
(process:201965): libfprint-elan-DEBUG: 19:36:25.644: 55259429623: ../libfprint/drivers/elan.c:376
(process:201965): libfprint-elan-DEBUG: 19:36:25.644: 55259429694: ../libfprint/drivers/elan.c:389
(process:201965): libfprint-elan-DEBUG: 19:36:25.688: 55259473390: ../libfprint/drivers/elan.c:356
(process:201965): libfprint-elan-DEBUG: 19:36:25.688: 55259473533: ../libfprint/drivers/elan.c:345
(process:201965): libfprint-SSM-DEBUG: 19:36:25.688: [elan] CAPTURE_NUM_STATES entering state 2
(process:201965): libfprint-SSM-DEBUG: 19:36:25.698: [elan] CAPTURE_NUM_STATES entering state 1
(process:201965): libfprint-elan-DEBUG: 19:36:25.699: 55259484108: ../libfprint/drivers/elan.c:356
(process:201965): libfprint-elan-DEBUG: 19:36:25.699: 55259484195: ../libfprint/drivers/elan.c:376
(process:201965): libfprint-elan-DEBUG: 19:36:25.699: 55259484259: ../libfprint/drivers/elan.c:389
(process:201965): libfprint-elan-DEBUG: 19:36:25.742: 55259526988: ../libfprint/drivers/elan.c:356
(process:201965): libfprint-elan-DEBUG: 19:36:25.742: 55259527063: ../libfprint/drivers/elan.c:345
(process:201965): libfprint-SSM-DEBUG: 19:36:25.742: [elan] CAPTURE_NUM_STATES entering state 2
(process:201965): libfprint-SSM-DEBUG: 19:36:25.752: [elan] CAPTURE_NUM_STATES entering state 1
(process:201965): libfprint-elan-DEBUG: 19:36:25.752: 55259537518: ../libfprint/drivers/elan.c:356
(process:201965): libfprint-elan-DEBUG: 19:36:25.752: 55259537586: ../libfprint/drivers/elan.c:376
(process:201965): libfprint-elan-DEBUG: 19:36:25.752: 55259537679: ../libfprint/drivers/elan.c:389
(process:201965): libfprint-elan-DEBUG: 19:36:25.795: 55259580744: ../libfprint/drivers/elan.c:356
(process:201965): libfprint-elan-DEBUG: 19:36:25.796: 55259580879: ../libfprint/drivers/elan.c:345
(process:201965): libfprint-SSM-DEBUG: 19:36:25.796: [elan] CAPTURE_NUM_STATES entering state 2
(process:201965): libfprint-SSM-DEBUG: 19:36:25.806: [elan] CAPTURE_NUM_STATES entering state 1
(process:201965): libfprint-elan-DEBUG: 19:36:25.806: 55259591332: ../libfprint/drivers/elan.c:356
(process:201965): libfprint-elan-DEBUG: 19:36:25.806: 55259591406: ../libfprint/drivers/elan.c:376
(process:201965): libfprint-elan-DEBUG: 19:36:25.806: 55259591511: ../libfprint/drivers/elan.c:389
(process:201965): libfprint-elan-DEBUG: 19:36:25.849: 55259634390: ../libfprint/drivers/elan.c:356
(process:201965): libfprint-elan-DEBUG: 19:36:25.849: 55259634452: ../libfprint/drivers/elan.c:345
(process:201965): libfprint-SSM-DEBUG: 19:36:25.849: [elan] CAPTURE_NUM_STATES entering state 2
(process:201965): libfprint-SSM-DEBUG: 19:36:25.859: [elan] CAPTURE_NUM_STATES entering state 1
(process:201965): libfprint-elan-DEBUG: 19:36:25.860: 55259645119: ../libfprint/drivers/elan.c:356
(process:201965): libfprint-elan-DEBUG: 19:36:25.860: 55259645179: ../libfprint/drivers/elan.c:376
(process:201965): libfprint-elan-DEBUG: 19:36:25.860: 55259645199: ../libfprint/drivers/elan.c:389
(process:201965): libfprint-elan-DEBUG: 19:36:25.903: 55259688264: ../libfprint/drivers/elan.c:356
(process:201965): libfprint-elan-DEBUG: 19:36:25.903: 55259688434: ../libfprint/drivers/elan.c:345
(process:201965): libfprint-SSM-DEBUG: 19:36:25.903: [elan] CAPTURE_NUM_STATES entering state 2
(process:201965): libfprint-SSM-DEBUG: 19:36:25.913: [elan] CAPTURE_NUM_STATES entering state 1
(process:201965): libfprint-elan-DEBUG: 19:36:25.914: 55259698912: ../libfprint/drivers/elan.c:356
(process:201965): libfprint-elan-DEBUG: 19:36:25.914: 55259698990: ../libfprint/drivers/elan.c:376
(process:201965): libfprint-elan-DEBUG: 19:36:25.914: 55259699092: ../libfprint/drivers/elan.c:389
(process:201965): libfprint-elan-DEBUG: 19:36:25.957: 55259742386: ../libfprint/drivers/elan.c:356
(process:201965): libfprint-elan-DEBUG: 19:36:25.957: 55259742451: ../libfprint/drivers/elan.c:345
(process:201965): libfprint-SSM-DEBUG: 19:36:25.957: [elan] CAPTURE_NUM_STATES entering state 2
(process:201965): libfprint-SSM-DEBUG: 19:36:25.967: [elan] CAPTURE_NUM_STATES entering state 1
(process:201965): libfprint-elan-DEBUG: 19:36:25.967: 55259752743: ../libfprint/drivers/elan.c:356
(process:201965): libfprint-elan-DEBUG: 19:36:25.967: 55259752769: ../libfprint/drivers/elan.c:376
(process:201965): libfprint-elan-DEBUG: 19:36:25.967: 55259752788: ../libfprint/drivers/elan.c:389
(process:201965): libfprint-elan-DEBUG: 19:36:26.011: 55259796249: ../libfprint/drivers/elan.c:356
(process:201965): libfprint-elan-DEBUG: 19:36:26.011: 55259796431: ../libfprint/drivers/elan.c:345
(process:201965): libfprint-SSM-DEBUG: 19:36:26.011: [elan] CAPTURE_NUM_STATES entering state 2
(process:201965): libfprint-SSM-DEBUG: 19:36:26.021: [elan] CAPTURE_NUM_STATES entering state 1
(process:201965): libfprint-elan-DEBUG: 19:36:26.022: 55259806971: ../libfprint/drivers/elan.c:356
(process:201965): libfprint-elan-DEBUG: 19:36:26.022: 55259807183: ../libfprint/drivers/elan.c:376
(process:201965): libfprint-elan-DEBUG: 19:36:26.022: 55259807247: ../libfprint/drivers/elan.c:389
(process:201965): libfprint-elan-DEBUG: 19:36:26.065: 55259850173: ../libfprint/drivers/elan.c:356
(process:201965): libfprint-elan-DEBUG: 19:36:26.065: 55259850243: ../libfprint/drivers/elan.c:345
(process:201965): libfprint-SSM-DEBUG: 19:36:26.065: [elan] CAPTURE_NUM_STATES entering state 2
(process:201965): libfprint-SSM-DEBUG: 19:36:26.075: [elan] CAPTURE_NUM_STATES entering state 1
(process:201965): libfprint-elan-DEBUG: 19:36:26.075: 55259860581: ../libfprint/drivers/elan.c:356
(process:201965): libfprint-elan-DEBUG: 19:36:26.075: 55259860610: ../libfprint/drivers/elan.c:376
(process:201965): libfprint-elan-DEBUG: 19:36:26.075: 55259860629: ../libfprint/drivers/elan.c:389
(process:201965): libfprint-elan-DEBUG: 19:36:26.119: 55259903972: ../libfprint/drivers/elan.c:356
(process:201965): libfprint-elan-DEBUG: 19:36:26.119: 55259904208: ../libfprint/drivers/elan.c:345
(process:201965): libfprint-SSM-DEBUG: 19:36:26.119: [elan] CAPTURE_NUM_STATES entering state 2
(process:201965): libfprint-SSM-DEBUG: 19:36:26.129: [elan] CAPTURE_NUM_STATES entering state 1
(process:201965): libfprint-elan-DEBUG: 19:36:26.129: 55259914776: ../libfprint/drivers/elan.c:356
(process:201965): libfprint-elan-DEBUG: 19:36:26.130: 55259914868: ../libfprint/drivers/elan.c:376
(process:201965): libfprint-elan-DEBUG: 19:36:26.130: 55259914934: ../libfprint/drivers/elan.c:389
(process:201965): libfprint-elan-DEBUG: 19:36:26.174: 55259958855: ../libfprint/drivers/elan.c:356
(process:201965): libfprint-elan-DEBUG: 19:36:26.174: 55259958917: ../libfprint/drivers/elan.c:345
(process:201965): libfprint-SSM-DEBUG: 19:36:26.174: [elan] CAPTURE_NUM_STATES entering state 2
(process:201965): libfprint-SSM-DEBUG: 19:36:26.184: [elan] CAPTURE_NUM_STATES entering state 1
(process:201965): libfprint-elan-DEBUG: 19:36:26.184: 55259969548: ../libfprint/drivers/elan.c:356
(process:201965): libfprint-elan-DEBUG: 19:36:26.184: 55259969573: ../libfprint/drivers/elan.c:376
(process:201965): libfprint-elan-DEBUG: 19:36:26.184: 55259969592: ../libfprint/drivers/elan.c:389
(process:201965): libfprint-elan-DEBUG: 19:36:26.228: 55260012986: ../libfprint/drivers/elan.c:356
(process:201965): libfprint-elan-DEBUG: 19:36:26.228: 55260013080: ../libfprint/drivers/elan.c:345
(process:201965): libfprint-SSM-DEBUG: 19:36:26.228: [elan] CAPTURE_NUM_STATES entering state 2
(process:201965): libfprint-SSM-DEBUG: 19:36:26.238: [elan] CAPTURE_NUM_STATES entering state 1
(process:201965): libfprint-elan-DEBUG: 19:36:26.238: 55260023645: ../libfprint/drivers/elan.c:356
(process:201965): libfprint-elan-DEBUG: 19:36:26.238: 55260023742: ../libfprint/drivers/elan.c:376
(process:201965): libfprint-elan-DEBUG: 19:36:26.238: 55260023806: ../libfprint/drivers/elan.c:389
(process:201965): libfprint-elan-DEBUG: 19:36:26.282: 55260067023: ../libfprint/drivers/elan.c:356
(process:201965): libfprint-elan-DEBUG: 19:36:26.282: 55260067085: ../libfprint/drivers/elan.c:345
(process:201965): libfprint-SSM-DEBUG: 19:36:26.282: [elan] CAPTURE_NUM_STATES entering state 2
(process:201965): libfprint-SSM-DEBUG: 19:36:26.292: [elan] CAPTURE_NUM_STATES entering state 1
(process:201965): libfprint-elan-DEBUG: 19:36:26.292: 55260077711: ../libfprint/drivers/elan.c:356
(process:201965): libfprint-elan-DEBUG: 19:36:26.292: 55260077738: ../libfprint/drivers/elan.c:376
(process:201965): libfprint-elan-DEBUG: 19:36:26.292: 55260077759: ../libfprint/drivers/elan.c:389
(process:201965): libfprint-elan-DEBUG: 19:36:26.336: 55260120887: ../libfprint/drivers/elan.c:356
(process:201965): libfprint-elan-DEBUG: 19:36:26.336: 55260121102: ../libfprint/drivers/elan.c:345
(process:201965): libfprint-SSM-DEBUG: 19:36:26.336: [elan] CAPTURE_NUM_STATES entering state 2
(process:201965): libfprint-SSM-DEBUG: 19:36:26.346: [elan] CAPTURE_NUM_STATES entering state 1
(process:201965): libfprint-elan-DEBUG: 19:36:26.346: 55260131522: ../libfprint/drivers/elan.c:356
(process:201965): libfprint-elan-DEBUG: 19:36:26.346: 55260131599: ../libfprint/drivers/elan.c:376
(process:201965): libfprint-elan-DEBUG: 19:36:26.346: 55260131662: ../libfprint/drivers/elan.c:389
(process:201965): libfprint-elan-DEBUG: 19:36:26.389: 55260174745: ../libfprint/drivers/elan.c:356
(process:201965): libfprint-elan-DEBUG: 19:36:26.389: 55260174816: ../libfprint/drivers/elan.c:345
(process:201965): libfprint-SSM-DEBUG: 19:36:26.390: [elan] CAPTURE_NUM_STATES entering state 2
(process:201965): libfprint-SSM-DEBUG: 19:36:26.400: [elan] CAPTURE_NUM_STATES entering state 1
(process:201965): libfprint-elan-DEBUG: 19:36:26.400: 55260185364: ../libfprint/drivers/elan.c:356
(process:201965): libfprint-elan-DEBUG: 19:36:26.400: 55260185433: ../libfprint/drivers/elan.c:376
(process:201965): libfprint-elan-DEBUG: 19:36:26.400: 55260185453: ../libfprint/drivers/elan.c:389
(process:201965): libfprint-elan-DEBUG: 19:36:26.443: 55260228619: ../libfprint/drivers/elan.c:356
(process:201965): libfprint-elan-DEBUG: 19:36:26.443: 55260228701: ../libfprint/drivers/elan.c:345
(process:201965): libfprint-SSM-DEBUG: 19:36:26.443: [elan] CAPTURE_NUM_STATES entering state 2
(process:201965): libfprint-SSM-DEBUG: 19:36:26.453: [elan] CAPTURE_NUM_STATES entering state 1
(process:201965): libfprint-elan-DEBUG: 19:36:26.454: 55260239273: ../libfprint/drivers/elan.c:356
(process:201965): libfprint-elan-DEBUG: 19:36:26.454: 55260239348: ../libfprint/drivers/elan.c:376
(process:201965): libfprint-elan-DEBUG: 19:36:26.454: 55260239409: ../libfprint/drivers/elan.c:389
(process:201965): libfprint-elan-DEBUG: 19:36:26.497: 55260282668: ../libfprint/drivers/elan.c:356
(process:201965): libfprint-elan-DEBUG: 19:36:26.497: 55260282734: ../libfprint/drivers/elan.c:345
(process:201965): libfprint-SSM-DEBUG: 19:36:26.497: [elan] CAPTURE_NUM_STATES entering state 2
(process:201965): libfprint-SSM-DEBUG: 19:36:26.507: [elan] CAPTURE_NUM_STATES entering state 1
(process:201965): libfprint-elan-DEBUG: 19:36:26.508: 55260293062: ../libfprint/drivers/elan.c:356
(process:201965): libfprint-elan-DEBUG: 19:36:26.508: 55260293089: ../libfprint/drivers/elan.c:376
(process:201965): libfprint-elan-DEBUG: 19:36:26.508: 55260293108: ../libfprint/drivers/elan.c:389
(process:201965): libfprint-elan-DEBUG: 19:36:26.551: 55260336501: ../libfprint/drivers/elan.c:356
(process:201965): libfprint-elan-DEBUG: 19:36:26.551: 55260336689: ../libfprint/drivers/elan.c:345
(process:201965): libfprint-SSM-DEBUG: 19:36:26.551: [elan] CAPTURE_NUM_STATES entering state 2
(process:201965): libfprint-SSM-DEBUG: 19:36:26.561: [elan] CAPTURE_NUM_STATES entering state 1
(process:201965): libfprint-elan-DEBUG: 19:36:26.562: 55260347126: ../libfprint/drivers/elan.c:356
(process:201965): libfprint-elan-DEBUG: 19:36:26.562: 55260347216: ../libfprint/drivers/elan.c:376
(process:201965): libfprint-elan-DEBUG: 19:36:26.562: 55260347278: ../libfprint/drivers/elan.c:389
(process:201965): libfprint-elan-DEBUG: 19:36:26.605: 55260390466: ../libfprint/drivers/elan.c:356
(process:201965): libfprint-elan-DEBUG: 19:36:26.605: 55260390668: ../libfprint/drivers/elan.c:345
(process:201965): libfprint-SSM-DEBUG: 19:36:26.605: [elan] CAPTURE_NUM_STATES entering state 2
(process:201965): libfprint-SSM-DEBUG: 19:36:26.615: [elan] CAPTURE_NUM_STATES entering state 1
(process:201965): libfprint-elan-DEBUG: 19:36:26.616: 55260400995: ../libfprint/drivers/elan.c:356
(process:201965): libfprint-elan-DEBUG: 19:36:26.616: 55260401047: ../libfprint/drivers/elan.c:376
(process:201965): libfprint-elan-DEBUG: 19:36:26.616: 55260401066: ../libfprint/drivers/elan.c:389
(process:201965): libfprint-elan-DEBUG: 19:36:26.659: 55260444449: ../libfprint/drivers/elan.c:356
(process:201965): libfprint-elan-DEBUG: 19:36:26.659: 55260444590: ../libfprint/drivers/elan.c:345
(process:201965): libfprint-SSM-DEBUG: 19:36:26.659: [elan] CAPTURE_NUM_STATES entering state 2
(process:201965): libfprint-SSM-DEBUG: 19:36:26.669: [elan] CAPTURE_NUM_STATES entering state 1
(process:201965): libfprint-elan-DEBUG: 19:36:26.670: 55260455156: ../libfprint/drivers/elan.c:356
(process:201965): libfprint-elan-DEBUG: 19:36:26.670: 55260455231: ../libfprint/drivers/elan.c:376
(process:201965): libfprint-elan-DEBUG: 19:36:26.670: 55260455292: ../libfprint/drivers/elan.c:389
(process:201965): libfprint-elan-DEBUG: 19:36:26.713: 55260497943: ../libfprint/drivers/elan.c:356
(process:201965): libfprint-elan-DEBUG: 19:36:26.713: 55260498010: ../libfprint/drivers/elan.c:345
(process:201965): libfprint-SSM-DEBUG: 19:36:26.713: [elan] CAPTURE_NUM_STATES entering state 2
(process:201965): libfprint-SSM-DEBUG: 19:36:26.723: [elan] CAPTURE_NUM_STATES entering state 1
(process:201965): libfprint-elan-DEBUG: 19:36:26.723: 55260508386: ../libfprint/drivers/elan.c:356
(process:201965): libfprint-elan-DEBUG: 19:36:26.723: 55260508411: ../libfprint/drivers/elan.c:376
(process:201965): libfprint-elan-DEBUG: 19:36:26.723: 55260508430: ../libfprint/drivers/elan.c:389
(process:201965): libfprint-elan-DEBUG: 19:36:26.767: 55260552278: ../libfprint/drivers/elan.c:356
(process:201965): libfprint-elan-DEBUG: 19:36:26.767: 55260552464: ../libfprint/drivers/elan.c:345
(process:201965): libfprint-SSM-DEBUG: 19:36:26.767: [elan] CAPTURE_NUM_STATES entering state 2
(process:201965): libfprint-SSM-DEBUG: 19:36:26.777: [elan] CAPTURE_NUM_STATES entering state 1
(process:201965): libfprint-elan-DEBUG: 19:36:26.778: 55260562857: ../libfprint/drivers/elan.c:356
(process:201965): libfprint-elan-DEBUG: 19:36:26.778: 55260562952: ../libfprint/drivers/elan.c:376
(process:201965): libfprint-elan-DEBUG: 19:36:26.778: 55260563043: ../libfprint/drivers/elan.c:389
(process:201965): libfprint-elan-DEBUG: 19:36:26.821: 55260605904: ../libfprint/drivers/elan.c:356
(process:201965): libfprint-elan-DEBUG: 19:36:26.821: 55260605958: ../libfprint/drivers/elan.c:345
(process:201965): libfprint-SSM-DEBUG: 19:36:26.821: [elan] CAPTURE_NUM_STATES entering state 2
(process:201965): libfprint-SSM-DEBUG: 19:36:26.831: [elan] CAPTURE_NUM_STATES entering state 1
(process:201965): libfprint-elan-DEBUG: 19:36:26.831: 55260616628: ../libfprint/drivers/elan.c:356
(process:201965): libfprint-elan-DEBUG: 19:36:26.831: 55260616652: ../libfprint/drivers/elan.c:376
(process:201965): libfprint-elan-DEBUG: 19:36:26.831: 55260616671: ../libfprint/drivers/elan.c:389
(process:201965): libfprint-elan-DEBUG: 19:36:26.875: 55260659967: ../libfprint/drivers/elan.c:356
(process:201965): libfprint-elan-DEBUG: 19:36:26.875: 55260660186: ../libfprint/drivers/elan.c:345
(process:201965): libfprint-SSM-DEBUG: 19:36:26.875: [elan] CAPTURE_NUM_STATES entering state 2
(process:201965): libfprint-SSM-DEBUG: 19:36:26.885: [elan] CAPTURE_NUM_STATES entering state 1
(process:201965): libfprint-elan-DEBUG: 19:36:26.885: 55260670448: ../libfprint/drivers/elan.c:356
(process:201965): libfprint-elan-DEBUG: 19:36:26.885: 55260670542: ../libfprint/drivers/elan.c:376
(process:201965): libfprint-elan-DEBUG: 19:36:26.885: 55260670607: ../libfprint/drivers/elan.c:389
(process:201965): libfprint-elan-DEBUG: 19:36:26.928: 55260713421: ../libfprint/drivers/elan.c:356
(process:201965): libfprint-elan-DEBUG: 19:36:26.928: 55260713476: ../libfprint/drivers/elan.c:345
(process:201965): libfprint-SSM-DEBUG: 19:36:26.928: [elan] CAPTURE_NUM_STATES entering state 2
(process:201965): libfprint-SSM-DEBUG: 19:36:26.938: [elan] CAPTURE_NUM_STATES entering state 1
(process:201965): libfprint-elan-DEBUG: 19:36:26.939: 55260723862: ../libfprint/drivers/elan.c:356
(process:201965): libfprint-elan-DEBUG: 19:36:26.939: 55260723923: ../libfprint/drivers/elan.c:376
(process:201965): libfprint-elan-DEBUG: 19:36:26.939: 55260723945: ../libfprint/drivers/elan.c:389
(process:201965): libfprint-elan-DEBUG: 19:36:26.982: 55260767218: ../libfprint/drivers/elan.c:356
(process:201965): libfprint-elan-DEBUG: 19:36:26.982: 55260767316: ../libfprint/drivers/elan.c:345
(process:201965): libfprint-SSM-DEBUG: 19:36:26.982: [elan] CAPTURE_NUM_STATES entering state 2
(process:201965): libfprint-SSM-DEBUG: 19:36:26.992: [elan] CAPTURE_NUM_STATES entering state 1
(process:201965): libfprint-elan-DEBUG: 19:36:26.992: 55260777530: ../libfprint/drivers/elan.c:356
(process:201965): libfprint-elan-DEBUG: 19:36:26.992: 55260777561: ../libfprint/drivers/elan.c:376
(process:201965): libfprint-elan-DEBUG: 19:36:26.992: 55260777581: ../libfprint/drivers/elan.c:389
(process:201965): libfprint-elan-DEBUG: 19:36:27.036: 55260821198: ../libfprint/drivers/elan.c:356
(process:201965): libfprint-elan-DEBUG: 19:36:27.036: 55260821263: ../libfprint/drivers/elan.c:345
(process:201965): libfprint-SSM-DEBUG: 19:36:27.036: [elan] CAPTURE_NUM_STATES entering state 2
(process:201965): libfprint-SSM-DEBUG: 19:36:27.046: [elan] CAPTURE_NUM_STATES entering state 1
(process:201965): libfprint-elan-DEBUG: 19:36:27.046: 55260831566: ../libfprint/drivers/elan.c:356
(process:201965): libfprint-elan-DEBUG: 19:36:27.046: 55260831597: ../libfprint/drivers/elan.c:376
(process:201965): libfprint-elan-DEBUG: 19:36:27.046: 55260831617: ../libfprint/drivers/elan.c:389
(process:201965): libfprint-elan-DEBUG: 19:36:27.089: 55260874761: ../libfprint/drivers/elan.c:356
(process:201965): libfprint-elan-DEBUG: 19:36:27.090: 55260874850: ../libfprint/drivers/elan.c:345
(process:201965): libfprint-SSM-DEBUG: 19:36:27.090: [elan] CAPTURE_NUM_STATES entering state 2
(process:201965): libfprint-SSM-DEBUG: 19:36:27.100: [elan] CAPTURE_NUM_STATES entering state 1
(process:201965): libfprint-elan-DEBUG: 19:36:27.100: 55260885325: ../libfprint/drivers/elan.c:356
(process:201965): libfprint-elan-DEBUG: 19:36:27.100: 55260885423: ../libfprint/drivers/elan.c:376
(process:201965): libfprint-elan-DEBUG: 19:36:27.100: 55260885487: ../libfprint/drivers/elan.c:389
(process:201965): libfprint-elan-DEBUG: 19:36:27.144: 55260929239: ../libfprint/drivers/elan.c:356
(process:201965): libfprint-elan-DEBUG: 19:36:27.144: 55260929302: ../libfprint/drivers/elan.c:345
(process:201965): libfprint-SSM-DEBUG: 19:36:27.144: [elan] CAPTURE_NUM_STATES entering state 2
(process:201965): libfprint-SSM-DEBUG: 19:36:27.154: [elan] CAPTURE_NUM_STATES entering state 1
(process:201965): libfprint-elan-DEBUG: 19:36:27.154: 55260939650: ../libfprint/drivers/elan.c:356
(process:201965): libfprint-elan-DEBUG: 19:36:27.154: 55260939675: ../libfprint/drivers/elan.c:376
(process:201965): libfprint-elan-DEBUG: 19:36:27.154: 55260939694: ../libfprint/drivers/elan.c:389
(process:201965): libfprint-elan-DEBUG: 19:36:27.198: 55260983086: ../libfprint/drivers/elan.c:356
(process:201965): libfprint-elan-DEBUG: 19:36:27.198: 55260983265: ../libfprint/drivers/elan.c:345
(process:201965): libfprint-SSM-DEBUG: 19:36:27.198: [elan] CAPTURE_NUM_STATES entering state 2
(process:201965): libfprint-SSM-DEBUG: 19:36:27.208: [elan] CAPTURE_NUM_STATES entering state 1
(process:201965): libfprint-elan-DEBUG: 19:36:27.209: 55260994197: ../libfprint/drivers/elan.c:356
(process:201965): libfprint-elan-DEBUG: 19:36:27.209: 55260994305: ../libfprint/drivers/elan.c:376
(process:201965): libfprint-elan-DEBUG: 19:36:27.209: 55260994369: ../libfprint/drivers/elan.c:389
(process:201965): libfprint-elan-DEBUG: 19:36:27.251: 55261036674: ../libfprint/drivers/elan.c:356
(process:201965): libfprint-elan-DEBUG: 19:36:27.251: 55261036734: ../libfprint/drivers/elan.c:345
(process:201965): libfprint-SSM-DEBUG: 19:36:27.251: [elan] CAPTURE_NUM_STATES entering state 2
(process:201965): libfprint-SSM-DEBUG: 19:36:27.261: [elan] CAPTURE_NUM_STATES entering state 1
(process:201965): libfprint-elan-DEBUG: 19:36:27.262: 55261046987: ../libfprint/drivers/elan.c:356
(process:201965): libfprint-elan-DEBUG: 19:36:27.262: 55261047022: ../libfprint/drivers/elan.c:376
(process:201965): libfprint-elan-DEBUG: 19:36:27.262: 55261047042: ../libfprint/drivers/elan.c:389
(process:201965): libfprint-elan-DEBUG: 19:36:27.306: 55261090906: ../libfprint/drivers/elan.c:356
(process:201965): libfprint-elan-DEBUG: 19:36:27.306: 55261091070: ../libfprint/drivers/elan.c:345
(process:201965): libfprint-SSM-DEBUG: 19:36:27.306: [elan] CAPTURE_NUM_STATES entering state 2
(process:201965): libfprint-SSM-DEBUG: 19:36:27.316: [elan] CAPTURE_NUM_STATES entering state 1
(process:201965): libfprint-elan-DEBUG: 19:36:27.316: 55261101604: ../libfprint/drivers/elan.c:356
(process:201965): libfprint-elan-DEBUG: 19:36:27.316: 55261101695: ../libfprint/drivers/elan.c:376
(process:201965): libfprint-elan-DEBUG: 19:36:27.316: 55261101758: ../libfprint/drivers/elan.c:389
(process:201965): libfprint-elan-DEBUG: 19:36:27.359: 55261144564: ../libfprint/drivers/elan.c:356
(process:201965): libfprint-elan-DEBUG: 19:36:27.359: 55261144618: ../libfprint/drivers/elan.c:345
(process:201965): libfprint-SSM-DEBUG: 19:36:27.359: [elan] CAPTURE_NUM_STATES entering state 2
(process:201965): libfprint-SSM-DEBUG: 19:36:27.369: [elan] CAPTURE_NUM_STATES entering state 1
(process:201965): libfprint-elan-DEBUG: 19:36:27.370: 55261155134: ../libfprint/drivers/elan.c:356
(process:201965): libfprint-elan-DEBUG: 19:36:27.370: 55261155159: ../libfprint/drivers/elan.c:376
(process:201965): libfprint-elan-DEBUG: 19:36:27.370: 55261155178: ../libfprint/drivers/elan.c:389
(process:201965): libfprint-elan-DEBUG: 19:36:27.413: 55261198437: ../libfprint/drivers/elan.c:356
(process:201965): libfprint-elan-DEBUG: 19:36:27.413: 55261198580: ../libfprint/drivers/elan.c:345
(process:201965): libfprint-SSM-DEBUG: 19:36:27.413: [elan] CAPTURE_NUM_STATES entering state 2
(process:201965): libfprint-SSM-DEBUG: 19:36:27.423: [elan] CAPTURE_NUM_STATES entering state 1
(process:201965): libfprint-elan-DEBUG: 19:36:27.424: 55261209162: ../libfprint/drivers/elan.c:356
(process:201965): libfprint-elan-DEBUG: 19:36:27.424: 55261209255: ../libfprint/drivers/elan.c:376
(process:201965): libfprint-elan-DEBUG: 19:36:27.424: 55261209320: ../libfprint/drivers/elan.c:389
(process:201965): libfprint-elan-DEBUG: 19:36:27.467: 55261252088: ../libfprint/drivers/elan.c:356
(process:201965): libfprint-elan-DEBUG: 19:36:27.467: 55261252143: ../libfprint/drivers/elan.c:345
(process:201965): libfprint-SSM-DEBUG: 19:36:27.467: [elan] CAPTURE_NUM_STATES entering state 2
(process:201965): libfprint-device-DEBUG: 19:36:27.467: Device reported finger status change: FP_FINGER_STATUS_NEEDED -> FP_FINGER_STATUS_NEEDED | FP_FINGER_STATUS_PRESENT
(process:201965): libfprint-image_device-DEBUG: 19:36:27.467: Image device reported finger status: on
(process:201965): libfprint-image_device-DEBUG: 19:36:27.467: Image device internal state change from FPI_IMAGE_DEVICE_STATE_AWAIT_FINGER_ON to FPI_IMAGE_DEVICE_STATE_CAPTURE
(process:201965): libfprint-elan-DEBUG: 19:36:27.467: 55261252275: ../libfprint/drivers/elan.c:1000
(process:201965): libfprint-elan-DEBUG: 19:36:27.467: 55261252448: ../libfprint/drivers/elan.c:356
(process:201965): libfprint-elan-DEBUG: 19:36:27.467: 55261252473: ../libfprint/drivers/elan.c:376
(process:201965): libfprint-elan-DEBUG: 19:36:27.467: 55261252493: ../libfprint/drivers/elan.c:389
(process:201965): libfprint-elan-DEBUG: 19:36:27.499: 55261284332: ../libfprint/drivers/elan.c:356
(process:201965): libfprint-elan-DEBUG: 19:36:27.499: 55261284415: ../libfprint/drivers/elan.c:345
(process:201965): libfprint-SSM-DEBUG: 19:36:27.499: [elan] CAPTURE_NUM_STATES entering state 3
(process:201965): libfprint-elan-DEBUG: 19:36:27.499: 55261284459: ../libfprint/drivers/elan.c:203
(process:201965): libfprint-elan-DEBUG: 19:36:27.499: 55261284478: ../libfprint/drivers/elan.c:118
(process:201965): libfprint-SSM-DEBUG: 19:36:27.499: [elan] CAPTURE_NUM_STATES entering state 1
(process:201965): libfprint-elan-DEBUG: 19:36:27.499: 55261284732: ../libfprint/drivers/elan.c:356
(process:201965): libfprint-elan-DEBUG: 19:36:27.499: 55261284763: ../libfprint/drivers/elan.c:376
(process:201965): libfprint-elan-DEBUG: 19:36:27.499: 55261284783: ../libfprint/drivers/elan.c:389
(process:201965): libfprint-elan-DEBUG: 19:36:27.543: 55261328085: ../libfprint/drivers/elan.c:356
(process:201965): libfprint-elan-DEBUG: 19:36:27.543: 55261328229: ../libfprint/drivers/elan.c:345
(process:201965): libfprint-SSM-DEBUG: 19:36:27.543: [elan] CAPTURE_NUM_STATES entering state 2
(process:201965): libfprint-image_device-DEBUG: 19:36:27.543: Image device reported finger status: on
(process:201965): libfprint-elan-DEBUG: 19:36:27.544: 55261328993: ../libfprint/drivers/elan.c:356
(process:201965): libfprint-elan-DEBUG: 19:36:27.544: 55261329098: ../libfprint/drivers/elan.c:376
(process:201965): libfprint-elan-DEBUG: 19:36:27.544: 55261329157: ../libfprint/drivers/elan.c:389
(process:201965): libfprint-elan-DEBUG: 19:36:27.575: 55261360341: ../libfprint/drivers/elan.c:356
(process:201965): libfprint-elan-DEBUG: 19:36:27.575: 55261360399: ../libfprint/drivers/elan.c:345
(process:201965): libfprint-SSM-DEBUG: 19:36:27.575: [elan] CAPTURE_NUM_STATES entering state 3
(process:201965): libfprint-elan-DEBUG: 19:36:27.575: 55261360441: ../libfprint/drivers/elan.c:203
(process:201965): libfprint-elan-DEBUG: 19:36:27.575: 55261360461: ../libfprint/drivers/elan.c:118
(process:201965): libfprint-SSM-DEBUG: 19:36:27.575: [elan] CAPTURE_NUM_STATES entering state 1
(process:201965): libfprint-elan-DEBUG: 19:36:27.575: 55261360646: ../libfprint/drivers/elan.c:356
(process:201965): libfprint-elan-DEBUG: 19:36:27.575: 55261360667: ../libfprint/drivers/elan.c:376
(process:201965): libfprint-elan-DEBUG: 19:36:27.575: 55261360720: ../libfprint/drivers/elan.c:389
(process:201965): libfprint-elan-DEBUG: 19:36:27.619: 55261404167: ../libfprint/drivers/elan.c:356
(process:201965): libfprint-elan-DEBUG: 19:36:27.619: 55261404310: ../libfprint/drivers/elan.c:345
(process:201965): libfprint-SSM-DEBUG: 19:36:27.619: [elan] CAPTURE_NUM_STATES entering state 2
(process:201965): libfprint-image_device-DEBUG: 19:36:27.619: Image device reported finger status: on
(process:201965): libfprint-elan-DEBUG: 19:36:27.619: 55261404793: ../libfprint/drivers/elan.c:356
(process:201965): libfprint-elan-DEBUG: 19:36:27.620: 55261404864: ../libfprint/drivers/elan.c:376
(process:201965): libfprint-elan-DEBUG: 19:36:27.620: 55261404925: ../libfprint/drivers/elan.c:389
(process:201965): libfprint-elan-DEBUG: 19:36:27.651: 55261436636: ../libfprint/drivers/elan.c:356
(process:201965): libfprint-elan-DEBUG: 19:36:27.651: 55261436783: ../libfprint/drivers/elan.c:345
(process:201965): libfprint-SSM-DEBUG: 19:36:27.652: [elan] CAPTURE_NUM_STATES entering state 3
(process:201965): libfprint-elan-DEBUG: 19:36:27.652: 55261436913: ../libfprint/drivers/elan.c:203
(process:201965): libfprint-elan-DEBUG: 19:36:27.652: 55261436975: ../libfprint/drivers/elan.c:118
(process:201965): libfprint-SSM-DEBUG: 19:36:27.652: [elan] CAPTURE_NUM_STATES entering state 1
(process:201965): libfprint-elan-DEBUG: 19:36:27.652: 55261437555: ../libfprint/drivers/elan.c:356
(process:201965): libfprint-elan-DEBUG: 19:36:27.652: 55261437648: ../libfprint/drivers/elan.c:376
(process:201965): libfprint-elan-DEBUG: 19:36:27.652: 55261437713: ../libfprint/drivers/elan.c:389
(process:201965): libfprint-elan-DEBUG: 19:36:27.695: 55261480602: ../libfprint/drivers/elan.c:356
(process:201965): libfprint-elan-DEBUG: 19:36:27.695: 55261480684: ../libfprint/drivers/elan.c:345
(process:201965): libfprint-SSM-DEBUG: 19:36:27.695: [elan] CAPTURE_NUM_STATES entering state 2
(process:201965): libfprint-image_device-DEBUG: 19:36:27.695: Image device reported finger status: on
(process:201965): libfprint-elan-DEBUG: 19:36:27.696: 55261480967: ../libfprint/drivers/elan.c:356
(process:201965): libfprint-elan-DEBUG: 19:36:27.696: 55261481012: ../libfprint/drivers/elan.c:376
(process:201965): libfprint-elan-DEBUG: 19:36:27.696: 55261481036: ../libfprint/drivers/elan.c:389
(process:201965): libfprint-elan-DEBUG: 19:36:27.728: 55261512875: ../libfprint/drivers/elan.c:356
(process:201965): libfprint-elan-DEBUG: 19:36:27.728: 55261512958: ../libfprint/drivers/elan.c:345
(process:201965): libfprint-SSM-DEBUG: 19:36:27.728: [elan] CAPTURE_NUM_STATES entering state 3
(process:201965): libfprint-elan-DEBUG: 19:36:27.728: 55261513019: ../libfprint/drivers/elan.c:203
(process:201965): libfprint-elan-DEBUG: 19:36:27.728: 55261513039: ../libfprint/drivers/elan.c:118
(process:201965): libfprint-SSM-DEBUG: 19:36:27.728: [elan] CAPTURE_NUM_STATES entering state 1
(process:201965): libfprint-elan-DEBUG: 19:36:27.728: 55261513233: ../libfprint/drivers/elan.c:356
(process:201965): libfprint-elan-DEBUG: 19:36:27.728: 55261513258: ../libfprint/drivers/elan.c:376
(process:201965): libfprint-elan-DEBUG: 19:36:27.728: 55261513276: ../libfprint/drivers/elan.c:389
(process:201965): libfprint-elan-DEBUG: 19:36:27.771: 55261556477: ../libfprint/drivers/elan.c:356
(process:201965): libfprint-elan-DEBUG: 19:36:27.771: 55261556583: ../libfprint/drivers/elan.c:345
(process:201965): libfprint-SSM-DEBUG: 19:36:27.771: [elan] CAPTURE_NUM_STATES entering state 2
(process:201965): libfprint-image_device-DEBUG: 19:36:27.771: Image device reported finger status: on
(process:201965): libfprint-elan-DEBUG: 19:36:27.772: 55261556877: ../libfprint/drivers/elan.c:356
(process:201965): libfprint-elan-DEBUG: 19:36:27.772: 55261556999: ../libfprint/drivers/elan.c:376
(process:201965): libfprint-elan-DEBUG: 19:36:27.772: 55261557122: ../libfprint/drivers/elan.c:389
(process:201965): libfprint-elan-DEBUG: 19:36:27.803: 55261588677: ../libfprint/drivers/elan.c:356
(process:201965): libfprint-elan-DEBUG: 19:36:27.803: 55261588735: ../libfprint/drivers/elan.c:345
(process:201965): libfprint-SSM-DEBUG: 19:36:27.803: [elan] CAPTURE_NUM_STATES entering state 3
(process:201965): libfprint-elan-DEBUG: 19:36:27.803: 55261588778: ../libfprint/drivers/elan.c:203
(process:201965): libfprint-elan-DEBUG: 19:36:27.803: 55261588797: ../libfprint/drivers/elan.c:118
(process:201965): libfprint-SSM-DEBUG: 19:36:27.803: [elan] CAPTURE_NUM_STATES entering state 1
(process:201965): libfprint-elan-DEBUG: 19:36:27.804: 55261588983: ../libfprint/drivers/elan.c:356
(process:201965): libfprint-elan-DEBUG: 19:36:27.804: 55261589023: ../libfprint/drivers/elan.c:376
(process:201965): libfprint-elan-DEBUG: 19:36:27.804: 55261589042: ../libfprint/drivers/elan.c:389
(process:201965): libfprint-elan-DEBUG: 19:36:27.848: 55261632854: ../libfprint/drivers/elan.c:356
(process:201965): libfprint-elan-DEBUG: 19:36:27.848: 55261633061: ../libfprint/drivers/elan.c:345
(process:201965): libfprint-SSM-DEBUG: 19:36:27.848: [elan] CAPTURE_NUM_STATES entering state 2
(process:201965): libfprint-image_device-DEBUG: 19:36:27.848: Image device reported finger status: on
(process:201965): libfprint-elan-DEBUG: 19:36:27.848: 55261633574: ../libfprint/drivers/elan.c:356
(process:201965): libfprint-elan-DEBUG: 19:36:27.848: 55261633673: ../libfprint/drivers/elan.c:376
(process:201965): libfprint-elan-DEBUG: 19:36:27.848: 55261633738: ../libfprint/drivers/elan.c:389
(process:201965): libfprint-elan-DEBUG: 19:36:27.880: 55261665412: ../libfprint/drivers/elan.c:356
(process:201965): libfprint-elan-DEBUG: 19:36:27.880: 55261665551: ../libfprint/drivers/elan.c:345
(process:201965): libfprint-SSM-DEBUG: 19:36:27.880: [elan] CAPTURE_NUM_STATES entering state 3
(process:201965): libfprint-elan-DEBUG: 19:36:27.880: 55261665686: ../libfprint/drivers/elan.c:203
(process:201965): libfprint-elan-DEBUG: 19:36:27.880: 55261665750: ../libfprint/drivers/elan.c:118
(process:201965): libfprint-SSM-DEBUG: 19:36:27.881: [elan] CAPTURE_NUM_STATES entering state 1
(process:201965): libfprint-elan-DEBUG: 19:36:27.881: 55261666202: ../libfprint/drivers/elan.c:356
(process:201965): libfprint-elan-DEBUG: 19:36:27.881: 55261666275: ../libfprint/drivers/elan.c:376
(process:201965): libfprint-elan-DEBUG: 19:36:27.881: 55261666337: ../libfprint/drivers/elan.c:389
(process:201965): libfprint-elan-DEBUG: 19:36:27.924: 55261709428: ../libfprint/drivers/elan.c:356
(process:201965): libfprint-elan-DEBUG: 19:36:27.924: 55261709525: ../libfprint/drivers/elan.c:345
(process:201965): libfprint-SSM-DEBUG: 19:36:27.924: [elan] CAPTURE_NUM_STATES entering state 2
(process:201965): libfprint-image_device-DEBUG: 19:36:27.924: Image device reported finger status: on
(process:201965): libfprint-elan-DEBUG: 19:36:27.924: 55261709813: ../libfprint/drivers/elan.c:356
(process:201965): libfprint-elan-DEBUG: 19:36:27.924: 55261709841: ../libfprint/drivers/elan.c:376
(process:201965): libfprint-elan-DEBUG: 19:36:27.925: 55261709861: ../libfprint/drivers/elan.c:389
(process:201965): libfprint-elan-DEBUG: 19:36:27.956: 55261741817: ../libfprint/drivers/elan.c:356
(process:201965): libfprint-elan-DEBUG: 19:36:27.957: 55261741970: ../libfprint/drivers/elan.c:345
(process:201965): libfprint-SSM-DEBUG: 19:36:27.957: [elan] CAPTURE_NUM_STATES entering state 3
(process:201965): libfprint-elan-DEBUG: 19:36:27.957: 55261742147: ../libfprint/drivers/elan.c:203
(process:201965): libfprint-elan-DEBUG: 19:36:27.957: 55261742210: ../libfprint/drivers/elan.c:118
(process:201965): libfprint-SSM-DEBUG: 19:36:27.957: [elan] CAPTURE_NUM_STATES entering state 1
(process:201965): libfprint-elan-DEBUG: 19:36:27.958: 55261743115: ../libfprint/drivers/elan.c:356
(process:201965): libfprint-elan-DEBUG: 19:36:27.958: 55261743192: ../libfprint/drivers/elan.c:376
(process:201965): libfprint-elan-DEBUG: 19:36:27.958: 55261743253: ../libfprint/drivers/elan.c:389
(process:201965): libfprint-elan-DEBUG: 19:36:28.001: 55261785866: ../libfprint/drivers/elan.c:356
(process:201965): libfprint-elan-DEBUG: 19:36:28.001: 55261786031: ../libfprint/drivers/elan.c:345
(process:201965): libfprint-SSM-DEBUG: 19:36:28.001: [elan] CAPTURE_NUM_STATES entering state 2
(process:201965): libfprint-image_device-DEBUG: 19:36:28.001: Image device reported finger status: on
(process:201965): libfprint-elan-DEBUG: 19:36:28.001: 55261786680: ../libfprint/drivers/elan.c:356
(process:201965): libfprint-elan-DEBUG: 19:36:28.001: 55261786767: ../libfprint/drivers/elan.c:376
(process:201965): libfprint-elan-DEBUG: 19:36:28.002: 55261787074: ../libfprint/drivers/elan.c:389
(process:201965): libfprint-elan-DEBUG: 19:36:28.033: 55261818207: ../libfprint/drivers/elan.c:356
(process:201965): libfprint-elan-DEBUG: 19:36:28.033: 55261818263: ../libfprint/drivers/elan.c:345
(process:201965): libfprint-SSM-DEBUG: 19:36:28.033: [elan] CAPTURE_NUM_STATES entering state 3
(process:201965): libfprint-elan-DEBUG: 19:36:28.033: 55261818306: ../libfprint/drivers/elan.c:203
(process:201965): libfprint-elan-DEBUG: 19:36:28.033: 55261818326: ../libfprint/drivers/elan.c:118
(process:201965): libfprint-SSM-DEBUG: 19:36:28.033: [elan] CAPTURE_NUM_STATES entering state 1
(process:201965): libfprint-elan-DEBUG: 19:36:28.033: 55261818780: ../libfprint/drivers/elan.c:356
(process:201965): libfprint-elan-DEBUG: 19:36:28.033: 55261818807: ../libfprint/drivers/elan.c:376
(process:201965): libfprint-elan-DEBUG: 19:36:28.033: 55261818827: ../libfprint/drivers/elan.c:389
(process:201965): libfprint-elan-DEBUG: 19:36:28.077: 55261862217: ../libfprint/drivers/elan.c:356
(process:201965): libfprint-elan-DEBUG: 19:36:28.077: 55261862366: ../libfprint/drivers/elan.c:345
(process:201965): libfprint-SSM-DEBUG: 19:36:28.077: [elan] CAPTURE_NUM_STATES entering state 2
(process:201965): libfprint-image_device-DEBUG: 19:36:28.077: Image device reported finger status: on
(process:201965): libfprint-elan-DEBUG: 19:36:28.078: 55261862898: ../libfprint/drivers/elan.c:356
(process:201965): libfprint-elan-DEBUG: 19:36:28.078: 55261862969: ../libfprint/drivers/elan.c:376
(process:201965): libfprint-elan-DEBUG: 19:36:28.078: 55261863058: ../libfprint/drivers/elan.c:389
(process:201965): libfprint-elan-DEBUG: 19:36:28.110: 55261894839: ../libfprint/drivers/elan.c:356
(process:201965): libfprint-elan-DEBUG: 19:36:28.110: 55261894989: ../libfprint/drivers/elan.c:345
(process:201965): libfprint-SSM-DEBUG: 19:36:28.110: [elan] CAPTURE_NUM_STATES entering state 3
(process:201965): libfprint-elan-DEBUG: 19:36:28.110: 55261895165: ../libfprint/drivers/elan.c:203
(process:201965): libfprint-elan-DEBUG: 19:36:28.110: 55261895238: ../libfprint/drivers/elan.c:118
(process:201965): libfprint-SSM-DEBUG: 19:36:28.110: [elan] CAPTURE_NUM_STATES entering state 1
(process:201965): libfprint-elan-DEBUG: 19:36:28.110: 55261895660: ../libfprint/drivers/elan.c:356
(process:201965): libfprint-elan-DEBUG: 19:36:28.110: 55261895728: ../libfprint/drivers/elan.c:376
(process:201965): libfprint-elan-DEBUG: 19:36:28.110: 55261895789: ../libfprint/drivers/elan.c:389
(process:201965): libfprint-elan-DEBUG: 19:36:28.154: 55261938924: ../libfprint/drivers/elan.c:356
(process:201965): libfprint-elan-DEBUG: 19:36:28.154: 55261939043: ../libfprint/drivers/elan.c:345
(process:201965): libfprint-SSM-DEBUG: 19:36:28.154: [elan] CAPTURE_NUM_STATES entering state 2
(process:201965): libfprint-image_device-DEBUG: 19:36:28.154: Image device reported finger status: on
(process:201965): libfprint-elan-DEBUG: 19:36:28.154: 55261939281: ../libfprint/drivers/elan.c:356
(process:201965): libfprint-elan-DEBUG: 19:36:28.154: 55261939303: ../libfprint/drivers/elan.c:376
(process:201965): libfprint-elan-DEBUG: 19:36:28.154: 55261939322: ../libfprint/drivers/elan.c:389
(process:201965): libfprint-elan-DEBUG: 19:36:28.186: 55261971213: ../libfprint/drivers/elan.c:356
(process:201965): libfprint-elan-DEBUG: 19:36:28.186: 55261971357: ../libfprint/drivers/elan.c:345
(process:201965): libfprint-SSM-DEBUG: 19:36:28.186: [elan] CAPTURE_NUM_STATES entering state 3
(process:201965): libfprint-elan-DEBUG: 19:36:28.186: 55261971487: ../libfprint/drivers/elan.c:203
(process:201965): libfprint-elan-DEBUG: 19:36:28.186: 55261971551: ../libfprint/drivers/elan.c:118
(process:201965): libfprint-SSM-DEBUG: 19:36:28.186: [elan] CAPTURE_NUM_STATES entering state 1
(process:201965): libfprint-elan-DEBUG: 19:36:28.187: 55261972099: ../libfprint/drivers/elan.c:356
(process:201965): libfprint-elan-DEBUG: 19:36:28.187: 55261972175: ../libfprint/drivers/elan.c:376
(process:201965): libfprint-elan-DEBUG: 19:36:28.187: 55261972237: ../libfprint/drivers/elan.c:389
(process:201965): libfprint-elan-DEBUG: 19:36:28.230: 55262015183: ../libfprint/drivers/elan.c:356
(process:201965): libfprint-elan-DEBUG: 19:36:28.230: 55262015283: ../libfprint/drivers/elan.c:345
(process:201965): libfprint-SSM-DEBUG: 19:36:28.230: [elan] CAPTURE_NUM_STATES entering state 2
(process:201965): libfprint-image_device-DEBUG: 19:36:28.230: Image device reported finger status: on
(process:201965): libfprint-elan-DEBUG: 19:36:28.230: 55262015552: ../libfprint/drivers/elan.c:356
(process:201965): libfprint-elan-DEBUG: 19:36:28.230: 55262015587: ../libfprint/drivers/elan.c:376
(process:201965): libfprint-elan-DEBUG: 19:36:28.230: 55262015617: ../libfprint/drivers/elan.c:389
(process:201965): libfprint-elan-DEBUG: 19:36:28.262: 55262047472: ../libfprint/drivers/elan.c:356
(process:201965): libfprint-elan-DEBUG: 19:36:28.262: 55262047548: ../libfprint/drivers/elan.c:345
(process:201965): libfprint-SSM-DEBUG: 19:36:28.262: [elan] CAPTURE_NUM_STATES entering state 3
(process:201965): libfprint-elan-DEBUG: 19:36:28.262: 55262047605: ../libfprint/drivers/elan.c:203
(process:201965): libfprint-elan-DEBUG: 19:36:28.262: 55262047631: ../libfprint/drivers/elan.c:118
(process:201965): libfprint-SSM-DEBUG: 19:36:28.262: [elan] CAPTURE_NUM_STATES entering state 1
(process:201965): libfprint-elan-DEBUG: 19:36:28.263: 55262047854: ../libfprint/drivers/elan.c:356
(process:201965): libfprint-elan-DEBUG: 19:36:28.263: 55262047880: ../libfprint/drivers/elan.c:376
(process:201965): libfprint-elan-DEBUG: 19:36:28.263: 55262047905: ../libfprint/drivers/elan.c:389
(process:201965): libfprint-elan-DEBUG: 19:36:28.306: 55262091248: ../libfprint/drivers/elan.c:356
(process:201965): libfprint-elan-DEBUG: 19:36:28.306: 55262091395: ../libfprint/drivers/elan.c:345
(process:201965): libfprint-SSM-DEBUG: 19:36:28.306: [elan] CAPTURE_NUM_STATES entering state 2
(process:201965): libfprint-image_device-DEBUG: 19:36:28.306: Image device reported finger status: on
(process:201965): libfprint-elan-DEBUG: 19:36:28.307: 55262091895: ../libfprint/drivers/elan.c:356
(process:201965): libfprint-elan-DEBUG: 19:36:28.307: 55262091966: ../libfprint/drivers/elan.c:376
(process:201965): libfprint-elan-DEBUG: 19:36:28.307: 55262092062: ../libfprint/drivers/elan.c:389
(process:201965): libfprint-elan-DEBUG: 19:36:28.338: 55262123808: ../libfprint/drivers/elan.c:356
(process:201965): libfprint-elan-DEBUG: 19:36:28.339: 55262123953: ../libfprint/drivers/elan.c:345
(process:201965): libfprint-SSM-DEBUG: 19:36:28.339: [elan] CAPTURE_NUM_STATES entering state 3
(process:201965): libfprint-elan-DEBUG: 19:36:28.339: 55262124118: ../libfprint/drivers/elan.c:203
(process:201965): libfprint-elan-DEBUG: 19:36:28.339: 55262124180: ../libfprint/drivers/elan.c:118
(process:201965): libfprint-SSM-DEBUG: 19:36:28.339: [elan] CAPTURE_NUM_STATES entering state 1
(process:201965): libfprint-elan-DEBUG: 19:36:28.339: 55262124677: ../libfprint/drivers/elan.c:356
(process:201965): libfprint-elan-DEBUG: 19:36:28.339: 55262124757: ../libfprint/drivers/elan.c:376
(process:201965): libfprint-elan-DEBUG: 19:36:28.339: 55262124821: ../libfprint/drivers/elan.c:389
(process:201965): libfprint-elan-DEBUG: 19:36:28.383: 55262168324: ../libfprint/drivers/elan.c:356
(process:201965): libfprint-elan-DEBUG: 19:36:28.383: 55262168407: ../libfprint/drivers/elan.c:345
(process:201965): libfprint-SSM-DEBUG: 19:36:28.383: [elan] CAPTURE_NUM_STATES entering state 2
(process:201965): libfprint-image_device-DEBUG: 19:36:28.383: Image device reported finger status: on
(process:201965): libfprint-elan-DEBUG: 19:36:28.383: 55262168645: ../libfprint/drivers/elan.c:356
(process:201965): libfprint-elan-DEBUG: 19:36:28.385: 55262169919: ../libfprint/drivers/elan.c:376
(process:201965): libfprint-elan-DEBUG: 19:36:28.385: 55262169950: ../libfprint/drivers/elan.c:389
(process:201965): libfprint-elan-DEBUG: 19:36:28.416: 55262201282: ../libfprint/drivers/elan.c:356
(process:201965): libfprint-elan-DEBUG: 19:36:28.416: 55262201429: ../libfprint/drivers/elan.c:345
(process:201965): libfprint-SSM-DEBUG: 19:36:28.416: [elan] CAPTURE_NUM_STATES entering state 3
(process:201965): libfprint-elan-DEBUG: 19:36:28.416: 55262201558: ../libfprint/drivers/elan.c:203
(process:201965): libfprint-elan-DEBUG: 19:36:28.416: 55262201620: ../libfprint/drivers/elan.c:118
(process:201965): libfprint-SSM-DEBUG: 19:36:28.416: [elan] CAPTURE_NUM_STATES entering state 1
(process:201965): libfprint-elan-DEBUG: 19:36:28.417: 55262202161: ../libfprint/drivers/elan.c:356
(process:201965): libfprint-elan-DEBUG: 19:36:28.417: 55262202313: ../libfprint/drivers/elan.c:376
(process:201965): libfprint-elan-DEBUG: 19:36:28.417: 55262202603: ../libfprint/drivers/elan.c:389
(process:201965): libfprint-elan-DEBUG: 19:36:28.461: 55262245943: ../libfprint/drivers/elan.c:356
(process:201965): libfprint-elan-DEBUG: 19:36:28.461: 55262246094: ../libfprint/drivers/elan.c:345
(process:201965): libfprint-SSM-DEBUG: 19:36:28.461: [elan] CAPTURE_NUM_STATES entering state 2
(process:201965): libfprint-image_device-DEBUG: 19:36:28.461: Image device reported finger status: on
(process:201965): libfprint-elan-DEBUG: 19:36:28.461: 55262246634: ../libfprint/drivers/elan.c:356
(process:201965): libfprint-elan-DEBUG: 19:36:28.461: 55262246704: ../libfprint/drivers/elan.c:376
(process:201965): libfprint-elan-DEBUG: 19:36:28.461: 55262246765: ../libfprint/drivers/elan.c:389
(process:201965): libfprint-elan-DEBUG: 19:36:28.493: 55262278317: ../libfprint/drivers/elan.c:356
(process:201965): libfprint-elan-DEBUG: 19:36:28.493: 55262278425: ../libfprint/drivers/elan.c:345
(process:201965): libfprint-SSM-DEBUG: 19:36:28.493: [elan] CAPTURE_NUM_STATES entering state 3
(process:201965): libfprint-elan-DEBUG: 19:36:28.493: 55262278467: ../libfprint/drivers/elan.c:203
(process:201965): libfprint-elan-DEBUG: 19:36:28.493: 55262278487: ../libfprint/drivers/elan.c:118
(process:201965): libfprint-SSM-DEBUG: 19:36:28.493: [elan] CAPTURE_NUM_STATES entering state 1
(process:201965): libfprint-elan-DEBUG: 19:36:28.493: 55262278739: ../libfprint/drivers/elan.c:356
(process:201965): libfprint-elan-DEBUG: 19:36:28.493: 55262278765: ../libfprint/drivers/elan.c:376
(process:201965): libfprint-elan-DEBUG: 19:36:28.493: 55262278786: ../libfprint/drivers/elan.c:389
(process:201965): libfprint-elan-DEBUG: 19:36:28.537: 55262322181: ../libfprint/drivers/elan.c:356
(process:201965): libfprint-elan-DEBUG: 19:36:28.537: 55262322325: ../libfprint/drivers/elan.c:345
(process:201965): libfprint-SSM-DEBUG: 19:36:28.537: [elan] CAPTURE_NUM_STATES entering state 2
(process:201965): libfprint-image_device-DEBUG: 19:36:28.537: Image device reported finger status: on
(process:201965): libfprint-elan-DEBUG: 19:36:28.538: 55262322891: ../libfprint/drivers/elan.c:356
(process:201965): libfprint-elan-DEBUG: 19:36:28.538: 55262322968: ../libfprint/drivers/elan.c:376
(process:201965): libfprint-elan-DEBUG: 19:36:28.538: 55262323060: ../libfprint/drivers/elan.c:389
(process:201965): libfprint-elan-DEBUG: 19:36:28.569: 55262354612: ../libfprint/drivers/elan.c:356
(process:201965): libfprint-elan-DEBUG: 19:36:28.569: 55262354794: ../libfprint/drivers/elan.c:345
(process:201965): libfprint-SSM-DEBUG: 19:36:28.570: [elan] CAPTURE_NUM_STATES entering state 3
(process:201965): libfprint-elan-DEBUG: 19:36:28.570: 55262354927: ../libfprint/drivers/elan.c:203
(process:201965): libfprint-elan-DEBUG: 19:36:28.570: 55262354992: ../libfprint/drivers/elan.c:118
(process:201965): libfprint-SSM-DEBUG: 19:36:28.570: [elan] CAPTURE_NUM_STATES entering state 1
(process:201965): libfprint-elan-DEBUG: 19:36:28.570: 55262355445: ../libfprint/drivers/elan.c:356
(process:201965): libfprint-elan-DEBUG: 19:36:28.570: 55262355533: ../libfprint/drivers/elan.c:376
(process:201965): libfprint-elan-DEBUG: 19:36:28.570: 55262355599: ../libfprint/drivers/elan.c:389
(process:201965): libfprint-elan-DEBUG: 19:36:28.613: 55262398541: ../libfprint/drivers/elan.c:356
(process:201965): libfprint-elan-DEBUG: 19:36:28.613: 55262398611: ../libfprint/drivers/elan.c:345
(process:201965): libfprint-SSM-DEBUG: 19:36:28.613: [elan] CAPTURE_NUM_STATES entering state 2
(process:201965): libfprint-image_device-DEBUG: 19:36:28.613: Image device reported finger status: on
(process:201965): libfprint-elan-DEBUG: 19:36:28.613: 55262398779: ../libfprint/drivers/elan.c:356
(process:201965): libfprint-elan-DEBUG: 19:36:28.613: 55262398799: ../libfprint/drivers/elan.c:376
(process:201965): libfprint-elan-DEBUG: 19:36:28.613: 55262398818: ../libfprint/drivers/elan.c:389
(process:201965): libfprint-elan-DEBUG: 19:36:28.646: 55262430878: ../libfprint/drivers/elan.c:356
(process:201965): libfprint-elan-DEBUG: 19:36:28.646: 55262431067: ../libfprint/drivers/elan.c:345
(process:201965): libfprint-SSM-DEBUG: 19:36:28.646: [elan] CAPTURE_NUM_STATES entering state 3
(process:201965): libfprint-elan-DEBUG: 19:36:28.646: 55262431200: ../libfprint/drivers/elan.c:203
(process:201965): libfprint-elan-DEBUG: 19:36:28.646: 55262431444: ../libfprint/drivers/elan.c:118
(process:201965): libfprint-SSM-DEBUG: 19:36:28.646: [elan] CAPTURE_NUM_STATES entering state 1
(process:201965): libfprint-elan-DEBUG: 19:36:28.647: 55262432277: ../libfprint/drivers/elan.c:356
(process:201965): libfprint-elan-DEBUG: 19:36:28.647: 55262432368: ../libfprint/drivers/elan.c:376
(process:201965): libfprint-elan-DEBUG: 19:36:28.647: 55262432433: ../libfprint/drivers/elan.c:389
(process:201965): libfprint-elan-DEBUG: 19:36:28.690: 55262475325: ../libfprint/drivers/elan.c:356
(process:201965): libfprint-elan-DEBUG: 19:36:28.690: 55262475462: ../libfprint/drivers/elan.c:345
(process:201965): libfprint-SSM-DEBUG: 19:36:28.690: [elan] CAPTURE_NUM_STATES entering state 2
(process:201965): libfprint-image_device-DEBUG: 19:36:28.690: Image device reported finger status: on
(process:201965): libfprint-elan-DEBUG: 19:36:28.691: 55262475981: ../libfprint/drivers/elan.c:356
(process:201965): libfprint-elan-DEBUG: 19:36:28.691: 55262476081: ../libfprint/drivers/elan.c:376
(process:201965): libfprint-elan-DEBUG: 19:36:28.691: 55262476145: ../libfprint/drivers/elan.c:389
(process:201965): libfprint-elan-DEBUG: 19:36:28.722: 55262507615: ../libfprint/drivers/elan.c:356
(process:201965): libfprint-elan-DEBUG: 19:36:28.722: 55262507679: ../libfprint/drivers/elan.c:345
(process:201965): libfprint-SSM-DEBUG: 19:36:28.722: [elan] CAPTURE_NUM_STATES entering state 3
(process:201965): libfprint-elan-DEBUG: 19:36:28.722: 55262507735: ../libfprint/drivers/elan.c:203
(process:201965): libfprint-elan-DEBUG: 19:36:28.722: 55262507761: ../libfprint/drivers/elan.c:118
(process:201965): libfprint-SSM-DEBUG: 19:36:28.722: [elan] CAPTURE_NUM_STATES entering state 1
(process:201965): libfprint-elan-DEBUG: 19:36:28.723: 55262508024: ../libfprint/drivers/elan.c:356
(process:201965): libfprint-elan-DEBUG: 19:36:28.723: 55262508055: ../libfprint/drivers/elan.c:376
(process:201965): libfprint-elan-DEBUG: 19:36:28.723: 55262508080: ../libfprint/drivers/elan.c:389
(process:201965): libfprint-elan-DEBUG: 19:36:28.766: 55262551489: ../libfprint/drivers/elan.c:356
(process:201965): libfprint-elan-DEBUG: 19:36:28.766: 55262551638: ../libfprint/drivers/elan.c:345
(process:201965): libfprint-SSM-DEBUG: 19:36:28.766: [elan] CAPTURE_NUM_STATES entering state 2
(process:201965): libfprint-image_device-DEBUG: 19:36:28.766: Image device reported finger status: on
(process:201965): libfprint-elan-DEBUG: 19:36:28.767: 55262552169: ../libfprint/drivers/elan.c:356
(process:201965): libfprint-elan-DEBUG: 19:36:28.767: 55262552249: ../libfprint/drivers/elan.c:376
(process:201965): libfprint-elan-DEBUG: 19:36:28.767: 55262552313: ../libfprint/drivers/elan.c:389
(process:201965): libfprint-elan-DEBUG: 19:36:28.799: 55262583922: ../libfprint/drivers/elan.c:356
(process:201965): libfprint-elan-DEBUG: 19:36:28.799: 55262584086: ../libfprint/drivers/elan.c:345
(process:201965): libfprint-SSM-DEBUG: 19:36:28.799: [elan] CAPTURE_NUM_STATES entering state 3
(process:201965): libfprint-elan-DEBUG: 19:36:28.799: 55262584219: ../libfprint/drivers/elan.c:203
(process:201965): libfprint-elan-DEBUG: 19:36:28.799: 55262584284: ../libfprint/drivers/elan.c:118
(process:201965): libfprint-SSM-DEBUG: 19:36:28.799: [elan] CAPTURE_NUM_STATES entering state 1
(process:201965): libfprint-elan-DEBUG: 19:36:28.799: 55262584786: ../libfprint/drivers/elan.c:356
(process:201965): libfprint-elan-DEBUG: 19:36:28.800: 55262584859: ../libfprint/drivers/elan.c:376
(process:201965): libfprint-elan-DEBUG: 19:36:28.800: 55262584925: ../libfprint/drivers/elan.c:389
(process:201965): libfprint-elan-DEBUG: 19:36:28.843: 55262627831: ../libfprint/drivers/elan.c:356
(process:201965): libfprint-elan-DEBUG: 19:36:28.843: 55262627915: ../libfprint/drivers/elan.c:345
(process:201965): libfprint-SSM-DEBUG: 19:36:28.843: [elan] CAPTURE_NUM_STATES entering state 2
(process:201965): libfprint-image_device-DEBUG: 19:36:28.843: Image device reported finger status: on
(process:201965): libfprint-elan-DEBUG: 19:36:28.843: 55262628154: ../libfprint/drivers/elan.c:356
(process:201965): libfprint-elan-DEBUG: 19:36:28.843: 55262628178: ../libfprint/drivers/elan.c:376
(process:201965): libfprint-elan-DEBUG: 19:36:28.843: 55262628197: ../libfprint/drivers/elan.c:389
(process:201965): libfprint-elan-DEBUG: 19:36:28.875: 55262660202: ../libfprint/drivers/elan.c:356
(process:201965): libfprint-elan-DEBUG: 19:36:28.875: 55262660297: ../libfprint/drivers/elan.c:345
(process:201965): libfprint-SSM-DEBUG: 19:36:28.875: [elan] CAPTURE_NUM_STATES entering state 3
(process:201965): libfprint-elan-DEBUG: 19:36:28.875: 55262660340: ../libfprint/drivers/elan.c:203
(process:201965): libfprint-elan-DEBUG: 19:36:28.875: 55262660360: ../libfprint/drivers/elan.c:118
(process:201965): libfprint-SSM-DEBUG: 19:36:28.875: [elan] CAPTURE_NUM_STATES entering state 1
(process:201965): libfprint-elan-DEBUG: 19:36:28.875: 55262660698: ../libfprint/drivers/elan.c:356
(process:201965): libfprint-elan-DEBUG: 19:36:28.875: 55262660776: ../libfprint/drivers/elan.c:376
(process:201965): libfprint-elan-DEBUG: 19:36:28.876: 55262660838: ../libfprint/drivers/elan.c:389
(process:201965): libfprint-elan-DEBUG: 19:36:28.919: 55262704364: ../libfprint/drivers/elan.c:356
(process:201965): libfprint-elan-DEBUG: 19:36:28.919: 55262704503: ../libfprint/drivers/elan.c:345
(process:201965): libfprint-SSM-DEBUG: 19:36:28.919: [elan] CAPTURE_NUM_STATES entering state 2
(process:201965): libfprint-image_device-DEBUG: 19:36:28.919: Image device reported finger status: on
(process:201965): libfprint-elan-DEBUG: 19:36:28.920: 55262704992: ../libfprint/drivers/elan.c:356
(process:201965): libfprint-elan-DEBUG: 19:36:28.920: 55262705095: ../libfprint/drivers/elan.c:376
(process:201965): libfprint-elan-DEBUG: 19:36:28.920: 55262705161: ../libfprint/drivers/elan.c:389
(process:201965): libfprint-elan-DEBUG: 19:36:28.951: 55262736719: ../libfprint/drivers/elan.c:356
(process:201965): libfprint-elan-DEBUG: 19:36:28.951: 55262736788: ../libfprint/drivers/elan.c:345
(process:201965): libfprint-SSM-DEBUG: 19:36:28.951: [elan] CAPTURE_NUM_STATES entering state 3
(process:201965): libfprint-elan-DEBUG: 19:36:28.951: 55262736838: ../libfprint/drivers/elan.c:203
(process:201965): libfprint-elan-DEBUG: 19:36:28.952: 55262736890: ../libfprint/drivers/elan.c:118
(process:201965): libfprint-SSM-DEBUG: 19:36:28.952: [elan] CAPTURE_NUM_STATES entering state 1
(process:201965): libfprint-elan-DEBUG: 19:36:28.952: 55262737114: ../libfprint/drivers/elan.c:356
(process:201965): libfprint-elan-DEBUG: 19:36:28.952: 55262737150: ../libfprint/drivers/elan.c:376
(process:201965): libfprint-elan-DEBUG: 19:36:28.952: 55262737172: ../libfprint/drivers/elan.c:389
(process:201965): libfprint-elan-DEBUG: 19:36:28.995: 55262780410: ../libfprint/drivers/elan.c:356
(process:201965): libfprint-elan-DEBUG: 19:36:28.995: 55262780517: ../libfprint/drivers/elan.c:345
(process:201965): libfprint-SSM-DEBUG: 19:36:28.995: [elan] CAPTURE_NUM_STATES entering state 2
(process:201965): libfprint-image_device-DEBUG: 19:36:28.995: Image device reported finger status: on
(process:201965): libfprint-elan-DEBUG: 19:36:28.995: 55262780734: ../libfprint/drivers/elan.c:356
(process:201965): libfprint-elan-DEBUG: 19:36:28.995: 55262780757: ../libfprint/drivers/elan.c:376
(process:201965): libfprint-elan-DEBUG: 19:36:28.995: 55262780776: ../libfprint/drivers/elan.c:389
(process:201965): libfprint-elan-DEBUG: 19:36:29.027: 55262812667: ../libfprint/drivers/elan.c:356
(process:201965): libfprint-elan-DEBUG: 19:36:29.027: 55262812800: ../libfprint/drivers/elan.c:345
(process:201965): libfprint-SSM-DEBUG: 19:36:29.028: [elan] CAPTURE_NUM_STATES entering state 3
(process:201965): libfprint-elan-DEBUG: 19:36:29.028: 55262812945: ../libfprint/drivers/elan.c:203
(process:201965): libfprint-elan-DEBUG: 19:36:29.028: 55262813101: ../libfprint/drivers/elan.c:118
(process:201965): libfprint-SSM-DEBUG: 19:36:29.028: [elan] CAPTURE_NUM_STATES entering state 1
(process:201965): libfprint-elan-DEBUG: 19:36:29.028: 55262813733: ../libfprint/drivers/elan.c:356
(process:201965): libfprint-elan-DEBUG: 19:36:29.029: 55262813994: ../libfprint/drivers/elan.c:376
(process:201965): libfprint-elan-DEBUG: 19:36:29.029: 55262814276: ../libfprint/drivers/elan.c:389
(process:201965): libfprint-elan-DEBUG: 19:36:29.072: 55262856922: ../libfprint/drivers/elan.c:356
(process:201965): libfprint-elan-DEBUG: 19:36:29.072: 55262857038: ../libfprint/drivers/elan.c:345
(process:201965): libfprint-SSM-DEBUG: 19:36:29.072: [elan] CAPTURE_NUM_STATES entering state 2
(process:201965): libfprint-SSM-DEBUG: 19:36:29.082: [elan] CAPTURE_NUM_STATES entering state 1
(process:201965): libfprint-elan-DEBUG: 19:36:29.082: 55262867591: ../libfprint/drivers/elan.c:356
(process:201965): libfprint-elan-DEBUG: 19:36:29.082: 55262867618: ../libfprint/drivers/elan.c:376
(process:201965): libfprint-elan-DEBUG: 19:36:29.082: 55262867638: ../libfprint/drivers/elan.c:389
(process:201965): libfprint-elan-DEBUG: 19:36:29.126: 55262910880: ../libfprint/drivers/elan.c:356
(process:201965): libfprint-elan-DEBUG: 19:36:29.126: 55262911066: ../libfprint/drivers/elan.c:345
(process:201965): libfprint-SSM-DEBUG: 19:36:29.126: [elan] CAPTURE_NUM_STATES entering state 2
(process:201965): libfprint-SSM-DEBUG: 19:36:29.136: [elan] CAPTURE_NUM_STATES entering state 1
(process:201965): libfprint-elan-DEBUG: 19:36:29.136: 55262921501: ../libfprint/drivers/elan.c:356
(process:201965): libfprint-elan-DEBUG: 19:36:29.136: 55262921599: ../libfprint/drivers/elan.c:376
(process:201965): libfprint-elan-DEBUG: 19:36:29.136: 55262921667: ../libfprint/drivers/elan.c:389
(process:201965): libfprint-elan-DEBUG: 19:36:29.180: 55262964977: ../libfprint/drivers/elan.c:356
(process:201965): libfprint-elan-DEBUG: 19:36:29.180: 55262965056: ../libfprint/drivers/elan.c:345
(process:201965): libfprint-SSM-DEBUG: 19:36:29.180: [elan] CAPTURE_NUM_STATES entering state 2
(process:201965): libfprint-SSM-DEBUG: 19:36:29.190: [elan] CAPTURE_NUM_STATES entering state 1
(process:201965): libfprint-elan-DEBUG: 19:36:29.190: 55262975622: ../libfprint/drivers/elan.c:356
(process:201965): libfprint-elan-DEBUG: 19:36:29.190: 55262975650: ../libfprint/drivers/elan.c:376
(process:201965): libfprint-elan-DEBUG: 19:36:29.190: 55262975672: ../libfprint/drivers/elan.c:389
(process:201965): libfprint-elan-DEBUG: 19:36:29.234: 55263018874: ../libfprint/drivers/elan.c:356
(process:201965): libfprint-elan-DEBUG: 19:36:29.234: 55263019053: ../libfprint/drivers/elan.c:345
(process:201965): libfprint-SSM-DEBUG: 19:36:29.234: [elan] CAPTURE_NUM_STATES entering state 2
(process:201965): libfprint-SSM-DEBUG: 19:36:29.244: [elan] CAPTURE_NUM_STATES entering state 1
(process:201965): libfprint-elan-DEBUG: 19:36:29.244: 55263029505: ../libfprint/drivers/elan.c:356
(process:201965): libfprint-elan-DEBUG: 19:36:29.244: 55263029629: ../libfprint/drivers/elan.c:376
(process:201965): libfprint-elan-DEBUG: 19:36:29.244: 55263029768: ../libfprint/drivers/elan.c:389
(process:201965): libfprint-elan-DEBUG: 19:36:29.288: 55263072874: ../libfprint/drivers/elan.c:356
(process:201965): libfprint-elan-DEBUG: 19:36:29.288: 55263072930: ../libfprint/drivers/elan.c:345
(process:201965): libfprint-SSM-DEBUG: 19:36:29.288: [elan] CAPTURE_NUM_STATES entering state 2
(process:201965): libfprint-SSM-DEBUG: 19:36:29.298: [elan] CAPTURE_NUM_STATES entering state 1
(process:201965): libfprint-elan-DEBUG: 19:36:29.298: 55263083557: ../libfprint/drivers/elan.c:356
(process:201965): libfprint-elan-DEBUG: 19:36:29.298: 55263083584: ../libfprint/drivers/elan.c:376
(process:201965): libfprint-elan-DEBUG: 19:36:29.298: 55263083603: ../libfprint/drivers/elan.c:389
(process:201965): libfprint-elan-DEBUG: 19:36:29.341: 55263126747: ../libfprint/drivers/elan.c:356
(process:201965): libfprint-elan-DEBUG: 19:36:29.341: 55263126832: ../libfprint/drivers/elan.c:345
(process:201965): libfprint-SSM-DEBUG: 19:36:29.342: [elan] CAPTURE_NUM_STATES entering state 2
(process:201965): libfprint-SSM-DEBUG: 19:36:29.352: [elan] CAPTURE_NUM_STATES entering state 1
(process:201965): libfprint-elan-DEBUG: 19:36:29.352: 55263137444: ../libfprint/drivers/elan.c:356
(process:201965): libfprint-elan-DEBUG: 19:36:29.352: 55263137526: ../libfprint/drivers/elan.c:376
(process:201965): libfprint-elan-DEBUG: 19:36:29.352: 55263137594: ../libfprint/drivers/elan.c:389
(process:201965): libfprint-elan-DEBUG: 19:36:29.395: 55263180384: ../libfprint/drivers/elan.c:356
(process:201965): libfprint-elan-DEBUG: 19:36:29.395: 55263180444: ../libfprint/drivers/elan.c:345
(process:201965): libfprint-SSM-DEBUG: 19:36:29.395: [elan] CAPTURE_NUM_STATES entering state 2
(process:201965): libfprint-SSM-DEBUG: 19:36:29.405: [elan] CAPTURE_NUM_STATES entering state 1
(process:201965): libfprint-elan-DEBUG: 19:36:29.405: 55263190754: ../libfprint/drivers/elan.c:356
(process:201965): libfprint-elan-DEBUG: 19:36:29.405: 55263190785: ../libfprint/drivers/elan.c:376
(process:201965): libfprint-elan-DEBUG: 19:36:29.405: 55263190809: ../libfprint/drivers/elan.c:389
(process:201965): libfprint-elan-DEBUG: 19:36:29.449: 55263234536: ../libfprint/drivers/elan.c:356
(process:201965): libfprint-elan-DEBUG: 19:36:29.449: 55263234674: ../libfprint/drivers/elan.c:345
(process:201965): libfprint-SSM-DEBUG: 19:36:29.449: [elan] CAPTURE_NUM_STATES entering state 2
(process:201965): libfprint-SSM-DEBUG: 19:36:29.459: [elan] CAPTURE_NUM_STATES entering state 1
(process:201965): libfprint-elan-DEBUG: 19:36:29.460: 55263245282: ../libfprint/drivers/elan.c:356
(process:201965): libfprint-elan-DEBUG: 19:36:29.460: 55263245468: ../libfprint/drivers/elan.c:376
(process:201965): libfprint-elan-DEBUG: 19:36:29.460: 55263245536: ../libfprint/drivers/elan.c:389
(process:201965): libfprint-elan-DEBUG: 19:36:29.503: 55263288386: ../libfprint/drivers/elan.c:356
(process:201965): libfprint-elan-DEBUG: 19:36:29.503: 55263288447: ../libfprint/drivers/elan.c:345
(process:201965): libfprint-SSM-DEBUG: 19:36:29.503: [elan] CAPTURE_NUM_STATES entering state 2
(process:201965): libfprint-SSM-DEBUG: 19:36:29.513: [elan] CAPTURE_NUM_STATES entering state 1
(process:201965): libfprint-elan-DEBUG: 19:36:29.514: 55263298923: ../libfprint/drivers/elan.c:356
(process:201965): libfprint-elan-DEBUG: 19:36:29.514: 55263298952: ../libfprint/drivers/elan.c:376
(process:201965): libfprint-elan-DEBUG: 19:36:29.514: 55263298972: ../libfprint/drivers/elan.c:389
(process:201965): libfprint-elan-DEBUG: 19:36:29.557: 55263342274: ../libfprint/drivers/elan.c:356
(process:201965): libfprint-elan-DEBUG: 19:36:29.557: 55263342422: ../libfprint/drivers/elan.c:345
(process:201965): libfprint-SSM-DEBUG: 19:36:29.557: [elan] CAPTURE_NUM_STATES entering state 2
(process:201965): libfprint-SSM-DEBUG: 19:36:29.567: [elan] CAPTURE_NUM_STATES entering state 1
(process:201965): libfprint-elan-DEBUG: 19:36:29.568: 55263353278: ../libfprint/drivers/elan.c:356
(process:201965): libfprint-elan-DEBUG: 19:36:29.568: 55263353563: ../libfprint/drivers/elan.c:376
(process:201965): libfprint-elan-DEBUG: 19:36:29.568: 55263353633: ../libfprint/drivers/elan.c:389
(process:201965): libfprint-elan-DEBUG: 19:36:29.611: 55263396215: ../libfprint/drivers/elan.c:356
(process:201965): libfprint-elan-DEBUG: 19:36:29.611: 55263396305: ../libfprint/drivers/elan.c:345
(process:201965): libfprint-SSM-DEBUG: 19:36:29.611: [elan] CAPTURE_NUM_STATES entering state 2
(process:201965): libfprint-SSM-DEBUG: 19:36:29.621: [elan] CAPTURE_NUM_STATES entering state 1
(process:201965): libfprint-elan-DEBUG: 19:36:29.621: 55263406636: ../libfprint/drivers/elan.c:356
(process:201965): libfprint-elan-DEBUG: 19:36:29.621: 55263406663: ../libfprint/drivers/elan.c:376
(process:201965): libfprint-elan-DEBUG: 19:36:29.622: 55263407045: ../libfprint/drivers/elan.c:389
(process:201965): libfprint-elan-DEBUG: 19:36:29.665: 55263450091: ../libfprint/drivers/elan.c:356
(process:201965): libfprint-elan-DEBUG: 19:36:29.665: 55263450237: ../libfprint/drivers/elan.c:345
(process:201965): libfprint-SSM-DEBUG: 19:36:29.665: [elan] CAPTURE_NUM_STATES entering state 2
(process:201965): libfprint-SSM-DEBUG: 19:36:29.675: [elan] CAPTURE_NUM_STATES entering state 1
(process:201965): libfprint-elan-DEBUG: 19:36:29.675: 55263460517: ../libfprint/drivers/elan.c:356
(process:201965): libfprint-elan-DEBUG: 19:36:29.675: 55263460541: ../libfprint/drivers/elan.c:376
(process:201965): libfprint-elan-DEBUG: 19:36:29.675: 55263460561: ../libfprint/drivers/elan.c:389
(process:201965): libfprint-elan-DEBUG: 19:36:29.720: 55263504837: ../libfprint/drivers/elan.c:356
(process:201965): libfprint-elan-DEBUG: 19:36:29.720: 55263504896: ../libfprint/drivers/elan.c:345
(process:201965): libfprint-SSM-DEBUG: 19:36:29.720: [elan] CAPTURE_NUM_STATES entering state 2
(process:201965): libfprint-SSM-DEBUG: 19:36:29.730: [elan] CAPTURE_NUM_STATES entering state 1
(process:201965): libfprint-elan-DEBUG: 19:36:29.730: 55263515466: ../libfprint/drivers/elan.c:356
(process:201965): libfprint-elan-DEBUG: 19:36:29.730: 55263515498: ../libfprint/drivers/elan.c:376
(process:201965): libfprint-elan-DEBUG: 19:36:29.730: 55263515518: ../libfprint/drivers/elan.c:389
(process:201965): libfprint-elan-DEBUG: 19:36:29.774: 55263558928: ../libfprint/drivers/elan.c:356
(process:201965): libfprint-elan-DEBUG: 19:36:29.774: 55263559045: ../libfprint/drivers/elan.c:345
(process:201965): libfprint-SSM-DEBUG: 19:36:29.774: [elan] CAPTURE_NUM_STATES entering state 2
(process:201965): libfprint-SSM-DEBUG: 19:36:29.784: [elan] CAPTURE_NUM_STATES entering state 1
(process:201965): libfprint-elan-DEBUG: 19:36:29.784: 55263569586: ../libfprint/drivers/elan.c:356
(process:201965): libfprint-elan-DEBUG: 19:36:29.784: 55263569665: ../libfprint/drivers/elan.c:376
(process:201965): libfprint-elan-DEBUG: 19:36:29.784: 55263569731: ../libfprint/drivers/elan.c:389
(process:201965): libfprint-elan-DEBUG: 19:36:29.827: 55263612822: ../libfprint/drivers/elan.c:356
(process:201965): libfprint-elan-DEBUG: 19:36:29.828: 55263612889: ../libfprint/drivers/elan.c:345
(process:201965): libfprint-SSM-DEBUG: 19:36:29.828: [elan] CAPTURE_NUM_STATES entering state 2
(process:201965): libfprint-SSM-DEBUG: 19:36:29.838: [elan] CAPTURE_NUM_STATES entering state 1
(process:201965): libfprint-elan-DEBUG: 19:36:29.838: 55263623471: ../libfprint/drivers/elan.c:356
(process:201965): libfprint-elan-DEBUG: 19:36:29.838: 55263623498: ../libfprint/drivers/elan.c:376
(process:201965): libfprint-elan-DEBUG: 19:36:29.838: 55263623518: ../libfprint/drivers/elan.c:389
(process:201965): libfprint-elan-DEBUG: 19:36:29.882: 55263666852: ../libfprint/drivers/elan.c:356
(process:201965): libfprint-elan-DEBUG: 19:36:29.882: 55263666999: ../libfprint/drivers/elan.c:345
(process:201965): libfprint-SSM-DEBUG: 19:36:29.882: [elan] CAPTURE_NUM_STATES entering state 2
(process:201965): libfprint-SSM-DEBUG: 19:36:29.892: [elan] CAPTURE_NUM_STATES entering state 1
(process:201965): libfprint-elan-DEBUG: 19:36:29.892: 55263677566: ../libfprint/drivers/elan.c:356
(process:201965): libfprint-elan-DEBUG: 19:36:29.892: 55263677672: ../libfprint/drivers/elan.c:376
(process:201965): libfprint-elan-DEBUG: 19:36:29.892: 55263677740: ../libfprint/drivers/elan.c:389
(process:201965): libfprint-elan-DEBUG: 19:36:29.935: 55263720730: ../libfprint/drivers/elan.c:356
(process:201965): libfprint-elan-DEBUG: 19:36:29.935: 55263720786: ../libfprint/drivers/elan.c:345
(process:201965): libfprint-SSM-DEBUG: 19:36:29.935: [elan] CAPTURE_NUM_STATES entering state 2
(process:201965): libfprint-SSM-DEBUG: 19:36:29.946: [elan] CAPTURE_NUM_STATES entering state 1
(process:201965): libfprint-elan-DEBUG: 19:36:29.946: 55263731369: ../libfprint/drivers/elan.c:356
(process:201965): libfprint-elan-DEBUG: 19:36:29.946: 55263731435: ../libfprint/drivers/elan.c:376
(process:201965): libfprint-elan-DEBUG: 19:36:29.946: 55263731460: ../libfprint/drivers/elan.c:389
(process:201965): libfprint-elan-DEBUG: 19:36:29.990: 55263775235: ../libfprint/drivers/elan.c:356
(process:201965): libfprint-elan-DEBUG: 19:36:29.990: 55263775381: ../libfprint/drivers/elan.c:345
(process:201965): libfprint-SSM-DEBUG: 19:36:29.990: [elan] CAPTURE_NUM_STATES entering state 2
(process:201965): libfprint-SSM-DEBUG: 19:36:30.000: [elan] CAPTURE_NUM_STATES entering state 1
(process:201965): libfprint-elan-DEBUG: 19:36:30.001: 55263785874: ../libfprint/drivers/elan.c:356
(process:201965): libfprint-elan-DEBUG: 19:36:30.001: 55263785969: ../libfprint/drivers/elan.c:376
(process:201965): libfprint-elan-DEBUG: 19:36:30.001: 55263786055: ../libfprint/drivers/elan.c:389
(process:201965): libfprint-elan-DEBUG: 19:36:30.043: 55263828783: ../libfprint/drivers/elan.c:356
(process:201965): libfprint-elan-DEBUG: 19:36:30.044: 55263828849: ../libfprint/drivers/elan.c:345
(process:201965): libfprint-SSM-DEBUG: 19:36:30.044: [elan] CAPTURE_NUM_STATES entering state 2
(process:201965): libfprint-SSM-DEBUG: 19:36:30.054: [elan] CAPTURE_NUM_STATES entering state 1
(process:201965): libfprint-elan-DEBUG: 19:36:30.054: 55263839434: ../libfprint/drivers/elan.c:356
(process:201965): libfprint-elan-DEBUG: 19:36:30.054: 55263839464: ../libfprint/drivers/elan.c:376
(process:201965): libfprint-elan-DEBUG: 19:36:30.054: 55263839517: ../libfprint/drivers/elan.c:389
(process:201965): libfprint-elan-DEBUG: 19:36:30.098: 55263882867: ../libfprint/drivers/elan.c:356
(process:201965): libfprint-elan-DEBUG: 19:36:30.098: 55263883053: ../libfprint/drivers/elan.c:345
(process:201965): libfprint-SSM-DEBUG: 19:36:30.098: [elan] CAPTURE_NUM_STATES entering state 2
(process:201965): libfprint-SSM-DEBUG: 19:36:30.108: [elan] CAPTURE_NUM_STATES entering state 1
(process:201965): libfprint-elan-DEBUG: 19:36:30.108: 55263893604: ../libfprint/drivers/elan.c:356
(process:201965): libfprint-elan-DEBUG: 19:36:30.108: 55263893687: ../libfprint/drivers/elan.c:376
(process:201965): libfprint-elan-DEBUG: 19:36:30.108: 55263893754: ../libfprint/drivers/elan.c:389
(process:201965): libfprint-elan-DEBUG: 19:36:30.152: 55263936976: ../libfprint/drivers/elan.c:356
(process:201965): libfprint-elan-DEBUG: 19:36:30.152: 55263937060: ../libfprint/drivers/elan.c:345
(process:201965): libfprint-SSM-DEBUG: 19:36:30.152: [elan] CAPTURE_NUM_STATES entering state 2
(process:201965): libfprint-SSM-DEBUG: 19:36:30.162: [elan] CAPTURE_NUM_STATES entering state 1
(process:201965): libfprint-elan-DEBUG: 19:36:30.162: 55263947542: ../libfprint/drivers/elan.c:356
(process:201965): libfprint-elan-DEBUG: 19:36:30.162: 55263947600: ../libfprint/drivers/elan.c:376
(process:201965): libfprint-elan-DEBUG: 19:36:30.162: 55263947625: ../libfprint/drivers/elan.c:389
(process:201965): libfprint-elan-DEBUG: 19:36:30.206: 55263991028: ../libfprint/drivers/elan.c:356
(process:201965): libfprint-elan-DEBUG: 19:36:30.206: 55263991174: ../libfprint/drivers/elan.c:345
(process:201965): libfprint-SSM-DEBUG: 19:36:30.206: [elan] CAPTURE_NUM_STATES entering state 2
(process:201965): libfprint-SSM-DEBUG: 19:36:30.216: [elan] CAPTURE_NUM_STATES entering state 1
(process:201965): libfprint-elan-DEBUG: 19:36:30.216: 55264001604: ../libfprint/drivers/elan.c:356
(process:201965): libfprint-elan-DEBUG: 19:36:30.216: 55264001701: ../libfprint/drivers/elan.c:376
(process:201965): libfprint-elan-DEBUG: 19:36:30.216: 55264001770: ../libfprint/drivers/elan.c:389
(process:201965): libfprint-elan-DEBUG: 19:36:30.260: 55264044989: ../libfprint/drivers/elan.c:356
(process:201965): libfprint-elan-DEBUG: 19:36:30.260: 55264045053: ../libfprint/drivers/elan.c:345
(process:201965): libfprint-SSM-DEBUG: 19:36:30.260: [elan] CAPTURE_NUM_STATES entering state 2
(process:201965): libfprint-SSM-DEBUG: 19:36:30.270: [elan] CAPTURE_NUM_STATES entering state 1
(process:201965): libfprint-elan-DEBUG: 19:36:30.270: 55264055511: ../libfprint/drivers/elan.c:356
(process:201965): libfprint-elan-DEBUG: 19:36:30.270: 55264055541: ../libfprint/drivers/elan.c:376
(process:201965): libfprint-elan-DEBUG: 19:36:30.270: 55264055561: ../libfprint/drivers/elan.c:389
(process:201965): libfprint-elan-DEBUG: 19:36:30.314: 55264098855: ../libfprint/drivers/elan.c:356
(process:201965): libfprint-elan-DEBUG: 19:36:30.314: 55264099046: ../libfprint/drivers/elan.c:345
(process:201965): libfprint-SSM-DEBUG: 19:36:30.314: [elan] CAPTURE_NUM_STATES entering state 2
(process:201965): libfprint-SSM-DEBUG: 19:36:30.324: [elan] CAPTURE_NUM_STATES entering state 1
(process:201965): libfprint-elan-DEBUG: 19:36:30.324: 55264109606: ../libfprint/drivers/elan.c:356
(process:201965): libfprint-elan-DEBUG: 19:36:30.324: 55264109689: ../libfprint/drivers/elan.c:376
(process:201965): libfprint-elan-DEBUG: 19:36:30.324: 55264109756: ../libfprint/drivers/elan.c:389
(process:201965): libfprint-elan-DEBUG: 19:36:30.367: 55264152576: ../libfprint/drivers/elan.c:356
(process:201965): libfprint-elan-DEBUG: 19:36:30.367: 55264152642: ../libfprint/drivers/elan.c:345
(process:201965): libfprint-SSM-DEBUG: 19:36:30.367: [elan] CAPTURE_NUM_STATES entering state 2
(process:201965): libfprint-SSM-DEBUG: 19:36:30.377: [elan] CAPTURE_NUM_STATES entering state 1
(process:201965): libfprint-elan-DEBUG: 19:36:30.378: 55264162995: ../libfprint/drivers/elan.c:356
(process:201965): libfprint-elan-DEBUG: 19:36:30.378: 55264163045: ../libfprint/drivers/elan.c:376
(process:201965): libfprint-elan-DEBUG: 19:36:30.378: 55264163068: ../libfprint/drivers/elan.c:389
(process:201965): libfprint-elan-DEBUG: 19:36:30.421: 55264206342: ../libfprint/drivers/elan.c:356
(process:201965): libfprint-elan-DEBUG: 19:36:30.421: 55264206488: ../libfprint/drivers/elan.c:345
(process:201965): libfprint-SSM-DEBUG: 19:36:30.421: [elan] CAPTURE_NUM_STATES entering state 2
(process:201965): libfprint-SSM-DEBUG: 19:36:30.431: [elan] CAPTURE_NUM_STATES entering state 1
(process:201965): libfprint-elan-DEBUG: 19:36:30.432: 55264216996: ../libfprint/drivers/elan.c:356
(process:201965): libfprint-elan-DEBUG: 19:36:30.432: 55264217105: ../libfprint/drivers/elan.c:376
(process:201965): libfprint-elan-DEBUG: 19:36:30.432: 55264217173: ../libfprint/drivers/elan.c:389
(process:201965): libfprint-elan-DEBUG: 19:36:30.475: 55264260449: ../libfprint/drivers/elan.c:356
(process:201965): libfprint-elan-DEBUG: 19:36:30.475: 55264260512: ../libfprint/drivers/elan.c:345
(process:201965): libfprint-SSM-DEBUG: 19:36:30.475: [elan] CAPTURE_NUM_STATES entering state 2
(process:201965): libfprint-SSM-DEBUG: 19:36:30.485: [elan] CAPTURE_NUM_STATES entering state 1
(process:201965): libfprint-elan-DEBUG: 19:36:30.486: 55264271039: ../libfprint/drivers/elan.c:356
(process:201965): libfprint-elan-DEBUG: 19:36:30.486: 55264271067: ../libfprint/drivers/elan.c:376
(process:201965): libfprint-elan-DEBUG: 19:36:30.486: 55264271087: ../libfprint/drivers/elan.c:389
(process:201965): libfprint-elan-DEBUG: 19:36:30.530: 55264314858: ../libfprint/drivers/elan.c:356
(process:201965): libfprint-elan-DEBUG: 19:36:30.530: 55264315049: ../libfprint/drivers/elan.c:345
(process:201965): libfprint-SSM-DEBUG: 19:36:30.530: [elan] CAPTURE_NUM_STATES entering state 2
(process:201965): libfprint-SSM-DEBUG: 19:36:30.540: [elan] CAPTURE_NUM_STATES entering state 1
(process:201965): libfprint-elan-DEBUG: 19:36:30.540: 55264325440: ../libfprint/drivers/elan.c:356
(process:201965): libfprint-elan-DEBUG: 19:36:30.540: 55264325529: ../libfprint/drivers/elan.c:376
(process:201965): libfprint-elan-DEBUG: 19:36:30.540: 55264325597: ../libfprint/drivers/elan.c:389
(process:201965): libfprint-elan-DEBUG: 19:36:30.583: 55264368544: ../libfprint/drivers/elan.c:356
(process:201965): libfprint-elan-DEBUG: 19:36:30.583: 55264368674: ../libfprint/drivers/elan.c:345
(process:201965): libfprint-SSM-DEBUG: 19:36:30.583: [elan] CAPTURE_NUM_STATES entering state 2
(process:201965): libfprint-SSM-DEBUG: 19:36:30.593: [elan] CAPTURE_NUM_STATES entering state 1
(process:201965): libfprint-elan-DEBUG: 19:36:30.594: 55264379378: ../libfprint/drivers/elan.c:356
(process:201965): libfprint-elan-DEBUG: 19:36:30.594: 55264379414: ../libfprint/drivers/elan.c:376
(process:201965): libfprint-elan-DEBUG: 19:36:30.594: 55264379441: ../libfprint/drivers/elan.c:389
(process:201965): libfprint-elan-DEBUG: 19:36:30.637: 55264422452: ../libfprint/drivers/elan.c:356
(process:201965): libfprint-elan-DEBUG: 19:36:30.637: 55264422551: ../libfprint/drivers/elan.c:345
(process:201965): libfprint-SSM-DEBUG: 19:36:30.637: [elan] CAPTURE_NUM_STATES entering state 2
(process:201965): libfprint-SSM-DEBUG: 19:36:30.647: [elan] CAPTURE_NUM_STATES entering state 1
(process:201965): libfprint-elan-DEBUG: 19:36:30.648: 55264433025: ../libfprint/drivers/elan.c:356
(process:201965): libfprint-elan-DEBUG: 19:36:30.648: 55264433058: ../libfprint/drivers/elan.c:376
(process:201965): libfprint-elan-DEBUG: 19:36:30.648: 55264433078: ../libfprint/drivers/elan.c:389
(process:201965): libfprint-elan-DEBUG: 19:36:30.691: 55264476529: ../libfprint/drivers/elan.c:356
(process:201965): libfprint-elan-DEBUG: 19:36:30.691: 55264476605: ../libfprint/drivers/elan.c:345
(process:201965): libfprint-SSM-DEBUG: 19:36:30.691: [elan] CAPTURE_NUM_STATES entering state 2
(process:201965): libfprint-SSM-DEBUG: 19:36:30.701: [elan] CAPTURE_NUM_STATES entering state 1
(process:201965): libfprint-elan-DEBUG: 19:36:30.702: 55264487107: ../libfprint/drivers/elan.c:356
(process:201965): libfprint-elan-DEBUG: 19:36:30.702: 55264487137: ../libfprint/drivers/elan.c:376
(process:201965): libfprint-elan-DEBUG: 19:36:30.702: 55264487157: ../libfprint/drivers/elan.c:389
(process:201965): libfprint-elan-DEBUG: 19:36:30.745: 55264530461: ../libfprint/drivers/elan.c:356
(process:201965): libfprint-elan-DEBUG: 19:36:30.745: 55264530608: ../libfprint/drivers/elan.c:345
(process:201965): libfprint-SSM-DEBUG: 19:36:30.745: [elan] CAPTURE_NUM_STATES entering state 2
(process:201965): libfprint-SSM-DEBUG: 19:36:30.755: [elan] CAPTURE_NUM_STATES entering state 1
(process:201965): libfprint-elan-DEBUG: 19:36:30.756: 55264541191: ../libfprint/drivers/elan.c:356
(process:201965): libfprint-elan-DEBUG: 19:36:30.756: 55264541273: ../libfprint/drivers/elan.c:376
(process:201965): libfprint-elan-DEBUG: 19:36:30.756: 55264541338: ../libfprint/drivers/elan.c:389
(process:201965): libfprint-elan-DEBUG: 19:36:30.799: 55264584623: ../libfprint/drivers/elan.c:356
(process:201965): libfprint-elan-DEBUG: 19:36:30.799: 55264584681: ../libfprint/drivers/elan.c:345
(process:201965): libfprint-SSM-DEBUG: 19:36:30.799: [elan] CAPTURE_NUM_STATES entering state 2
(process:201965): libfprint-SSM-DEBUG: 19:36:30.809: [elan] CAPTURE_NUM_STATES entering state 1
(process:201965): libfprint-elan-DEBUG: 19:36:30.810: 55264594947: ../libfprint/drivers/elan.c:356
(process:201965): libfprint-elan-DEBUG: 19:36:30.810: 55264594983: ../libfprint/drivers/elan.c:376
(process:201965): libfprint-elan-DEBUG: 19:36:30.810: 55264595015: ../libfprint/drivers/elan.c:389
(process:201965): libfprint-elan-DEBUG: 19:36:30.853: 55264638410: ../libfprint/drivers/elan.c:356
(process:201965): libfprint-elan-DEBUG: 19:36:30.853: 55264638557: ../libfprint/drivers/elan.c:345
(process:201965): libfprint-SSM-DEBUG: 19:36:30.853: [elan] CAPTURE_NUM_STATES entering state 2
(process:201965): libfprint-SSM-DEBUG: 19:36:30.863: [elan] CAPTURE_NUM_STATES entering state 1
(process:201965): libfprint-elan-DEBUG: 19:36:30.864: 55264648929: ../libfprint/drivers/elan.c:356
(process:201965): libfprint-elan-DEBUG: 19:36:30.864: 55264649067: ../libfprint/drivers/elan.c:376
(process:201965): libfprint-elan-DEBUG: 19:36:30.864: 55264649136: ../libfprint/drivers/elan.c:389
(process:201965): libfprint-elan-DEBUG: 19:36:30.907: 55264692155: ../libfprint/drivers/elan.c:356
(process:201965): libfprint-elan-DEBUG: 19:36:30.907: 55264692217: ../libfprint/drivers/elan.c:345
(process:201965): libfprint-SSM-DEBUG: 19:36:30.907: [elan] CAPTURE_NUM_STATES entering state 2
(process:201965): libfprint-SSM-DEBUG: 19:36:30.917: [elan] CAPTURE_NUM_STATES entering state 1
(process:201965): libfprint-elan-DEBUG: 19:36:30.917: 55264702566: ../libfprint/drivers/elan.c:356
(process:201965): libfprint-elan-DEBUG: 19:36:30.917: 55264702597: ../libfprint/drivers/elan.c:376
(process:201965): libfprint-elan-DEBUG: 19:36:30.917: 55264702617: ../libfprint/drivers/elan.c:389
(process:201965): libfprint-elan-DEBUG: 19:36:30.961: 55264746039: ../libfprint/drivers/elan.c:356
(process:201965): libfprint-elan-DEBUG: 19:36:30.961: 55264746190: ../libfprint/drivers/elan.c:345
(process:201965): libfprint-SSM-DEBUG: 19:36:30.961: [elan] CAPTURE_NUM_STATES entering state 2
(process:201965): libfprint-SSM-DEBUG: 19:36:30.971: [elan] CAPTURE_NUM_STATES entering state 1
(process:201965): libfprint-elan-DEBUG: 19:36:30.972: 55264757172: ../libfprint/drivers/elan.c:356
(process:201965): libfprint-elan-DEBUG: 19:36:30.972: 55264757497: ../libfprint/drivers/elan.c:376
(process:201965): libfprint-elan-DEBUG: 19:36:30.972: 55264757663: ../libfprint/drivers/elan.c:389
(process:201965): libfprint-elan-DEBUG: 19:36:31.015: 55264800214: ../libfprint/drivers/elan.c:356
(process:201965): libfprint-elan-DEBUG: 19:36:31.015: 55264800398: ../libfprint/drivers/elan.c:345
(process:201965): libfprint-SSM-DEBUG: 19:36:31.015: [elan] CAPTURE_NUM_STATES entering state 2
(process:201965): libfprint-SSM-DEBUG: 19:36:31.025: [elan] CAPTURE_NUM_STATES entering state 1
(process:201965): libfprint-elan-DEBUG: 19:36:31.025: 55264810637: ../libfprint/drivers/elan.c:356
(process:201965): libfprint-elan-DEBUG: 19:36:31.025: 55264810669: ../libfprint/drivers/elan.c:376
(process:201965): libfprint-elan-DEBUG: 19:36:31.025: 55264810690: ../libfprint/drivers/elan.c:389
(process:201965): libfprint-elan-DEBUG: 19:36:31.069: 55264854433: ../libfprint/drivers/elan.c:356
(process:201965): libfprint-elan-DEBUG: 19:36:31.069: 55264854575: ../libfprint/drivers/elan.c:345
(process:201965): libfprint-SSM-DEBUG: 19:36:31.069: [elan] CAPTURE_NUM_STATES entering state 2
(process:201965): libfprint-SSM-DEBUG: 19:36:31.079: [elan] CAPTURE_NUM_STATES entering state 1
(process:201965): libfprint-elan-DEBUG: 19:36:31.080: 55264865360: ../libfprint/drivers/elan.c:356
(process:201965): libfprint-elan-DEBUG: 19:36:31.080: 55264865464: ../libfprint/drivers/elan.c:376
(process:201965): libfprint-elan-DEBUG: 19:36:31.080: 55264865734: ../libfprint/drivers/elan.c:389
(process:201965): libfprint-elan-DEBUG: 19:36:31.123: 55264908089: ../libfprint/drivers/elan.c:356
(process:201965): libfprint-elan-DEBUG: 19:36:31.123: 55264908174: ../libfprint/drivers/elan.c:345
(process:201965): libfprint-SSM-DEBUG: 19:36:31.123: [elan] CAPTURE_NUM_STATES entering state 2
(process:201965): libfprint-SSM-DEBUG: 19:36:31.133: [elan] CAPTURE_NUM_STATES entering state 1
(process:201965): libfprint-elan-DEBUG: 19:36:31.133: 55264918605: ../libfprint/drivers/elan.c:356
(process:201965): libfprint-elan-DEBUG: 19:36:31.133: 55264918631: ../libfprint/drivers/elan.c:376
(process:201965): libfprint-elan-DEBUG: 19:36:31.133: 55264918651: ../libfprint/drivers/elan.c:389
(process:201965): libfprint-elan-DEBUG: 19:36:31.177: 55264962065: ../libfprint/drivers/elan.c:356
(process:201965): libfprint-elan-DEBUG: 19:36:31.177: 55264962210: ../libfprint/drivers/elan.c:345
(process:201965): libfprint-SSM-DEBUG: 19:36:31.177: [elan] CAPTURE_NUM_STATES entering state 2
(process:201965): libfprint-SSM-DEBUG: 19:36:31.187: [elan] CAPTURE_NUM_STATES entering state 1
(process:201965): libfprint-elan-DEBUG: 19:36:31.187: 55264972725: ../libfprint/drivers/elan.c:356
(process:201965): libfprint-elan-DEBUG: 19:36:31.187: 55264972813: ../libfprint/drivers/elan.c:376
(process:201965): libfprint-elan-DEBUG: 19:36:31.188: 55264972880: ../libfprint/drivers/elan.c:389
(process:201965): libfprint-elan-DEBUG: 19:36:31.230: 55265015798: ../libfprint/drivers/elan.c:356
(process:201965): libfprint-elan-DEBUG: 19:36:31.231: 55265015856: ../libfprint/drivers/elan.c:345
(process:201965): libfprint-SSM-DEBUG: 19:36:31.231: [elan] CAPTURE_NUM_STATES entering state 2
(process:201965): libfprint-SSM-DEBUG: 19:36:31.241: [elan] CAPTURE_NUM_STATES entering state 1
(process:201965): libfprint-elan-DEBUG: 19:36:31.241: 55265026477: ../libfprint/drivers/elan.c:356
(process:201965): libfprint-elan-DEBUG: 19:36:31.241: 55265026509: ../libfprint/drivers/elan.c:376
(process:201965): libfprint-elan-DEBUG: 19:36:31.241: 55265026529: ../libfprint/drivers/elan.c:389
(process:201965): libfprint-elan-DEBUG: 19:36:31.285: 55265069908: ../libfprint/drivers/elan.c:356
(process:201965): libfprint-elan-DEBUG: 19:36:31.285: 55265070095: ../libfprint/drivers/elan.c:345
(process:201965): libfprint-SSM-DEBUG: 19:36:31.285: [elan] CAPTURE_NUM_STATES entering state 2
(process:201965): libfprint-SSM-DEBUG: 19:36:31.295: [elan] CAPTURE_NUM_STATES entering state 1
(process:201965): libfprint-elan-DEBUG: 19:36:31.295: 55265080609: ../libfprint/drivers/elan.c:356
(process:201965): libfprint-elan-DEBUG: 19:36:31.295: 55265080700: ../libfprint/drivers/elan.c:376
(process:201965): libfprint-elan-DEBUG: 19:36:31.296: 55265080768: ../libfprint/drivers/elan.c:389
(process:201965): libfprint-elan-DEBUG: 19:36:31.339: 55265124026: ../libfprint/drivers/elan.c:356
(process:201965): libfprint-elan-DEBUG: 19:36:31.339: 55265124083: ../libfprint/drivers/elan.c:345
(process:201965): libfprint-SSM-DEBUG: 19:36:31.339: [elan] CAPTURE_NUM_STATES entering state 2
(process:201965): libfprint-SSM-DEBUG: 19:36:31.349: [elan] CAPTURE_NUM_STATES entering state 1
(process:201965): libfprint-elan-DEBUG: 19:36:31.349: 55265134614: ../libfprint/drivers/elan.c:356
(process:201965): libfprint-elan-DEBUG: 19:36:31.349: 55265134651: ../libfprint/drivers/elan.c:376
(process:201965): libfprint-elan-DEBUG: 19:36:31.349: 55265134673: ../libfprint/drivers/elan.c:389
(process:201965): libfprint-elan-DEBUG: 19:36:31.393: 55265177909: ../libfprint/drivers/elan.c:356
(process:201965): libfprint-elan-DEBUG: 19:36:31.393: 55265178090: ../libfprint/drivers/elan.c:345
(process:201965): libfprint-SSM-DEBUG: 19:36:31.393: [elan] CAPTURE_NUM_STATES entering state 2
(process:201965): libfprint-SSM-DEBUG: 19:36:31.403: [elan] CAPTURE_NUM_STATES entering state 1
(process:201965): libfprint-elan-DEBUG: 19:36:31.403: 55265188543: ../libfprint/drivers/elan.c:356
(process:201965): libfprint-elan-DEBUG: 19:36:31.403: 55265188622: ../libfprint/drivers/elan.c:376
(process:201965): libfprint-elan-DEBUG: 19:36:31.403: 55265188688: ../libfprint/drivers/elan.c:389
(process:201965): libfprint-elan-DEBUG: 19:36:31.446: 55265231785: ../libfprint/drivers/elan.c:356
(process:201965): libfprint-elan-DEBUG: 19:36:31.446: 55265231841: ../libfprint/drivers/elan.c:345
(process:201965): libfprint-SSM-DEBUG: 19:36:31.447: [elan] CAPTURE_NUM_STATES entering state 2
(process:201965): libfprint-SSM-DEBUG: 19:36:31.457: [elan] CAPTURE_NUM_STATES entering state 1
(process:201965): libfprint-elan-DEBUG: 19:36:31.457: 55265242311: ../libfprint/drivers/elan.c:356
(process:201965): libfprint-elan-DEBUG: 19:36:31.457: 55265242424: ../libfprint/drivers/elan.c:376
(process:201965): libfprint-elan-DEBUG: 19:36:31.457: 55265242450: ../libfprint/drivers/elan.c:389
(process:201965): libfprint-elan-DEBUG: 19:36:31.500: 55265285660: ../libfprint/drivers/elan.c:356
(process:201965): libfprint-elan-DEBUG: 19:36:31.500: 55265285804: ../libfprint/drivers/elan.c:345
(process:201965): libfprint-SSM-DEBUG: 19:36:31.501: [elan] CAPTURE_NUM_STATES entering state 2
(process:201965): libfprint-SSM-DEBUG: 19:36:31.510: [elan] CAPTURE_NUM_STATES entering state 1
(process:201965): libfprint-elan-DEBUG: 19:36:31.511: 55265296230: ../libfprint/drivers/elan.c:356
(process:201965): libfprint-elan-DEBUG: 19:36:31.511: 55265296334: ../libfprint/drivers/elan.c:376
(process:201965): libfprint-elan-DEBUG: 19:36:31.511: 55265296410: ../libfprint/drivers/elan.c:389
(process:201965): libfprint-elan-DEBUG: 19:36:31.554: 55265339428: ../libfprint/drivers/elan.c:356
(process:201965): libfprint-elan-DEBUG: 19:36:31.554: 55265339593: ../libfprint/drivers/elan.c:345
(process:201965): libfprint-SSM-DEBUG: 19:36:31.554: [elan] CAPTURE_NUM_STATES entering state 2
(process:201965): libfprint-SSM-DEBUG: 19:36:31.564: [elan] CAPTURE_NUM_STATES entering state 1
(process:201965): libfprint-elan-DEBUG: 19:36:31.565: 55265349994: ../libfprint/drivers/elan.c:356
(process:201965): libfprint-elan-DEBUG: 19:36:31.565: 55265350039: ../libfprint/drivers/elan.c:376
(process:201965): libfprint-elan-DEBUG: 19:36:31.565: 55265350062: ../libfprint/drivers/elan.c:389
(process:201965): libfprint-elan-DEBUG: 19:36:31.609: 55265393845: ../libfprint/drivers/elan.c:356
(process:201965): libfprint-elan-DEBUG: 19:36:31.609: 55265394040: ../libfprint/drivers/elan.c:345
(process:201965): libfprint-SSM-DEBUG: 19:36:31.609: [elan] CAPTURE_NUM_STATES entering state 2
(process:201965): libfprint-SSM-DEBUG: 19:36:31.619: [elan] CAPTURE_NUM_STATES entering state 1
(process:201965): libfprint-elan-DEBUG: 19:36:31.619: 55265404532: ../libfprint/drivers/elan.c:356
(process:201965): libfprint-elan-DEBUG: 19:36:31.620: 55265404836: ../libfprint/drivers/elan.c:376
(process:201965): libfprint-elan-DEBUG: 19:36:31.620: 55265405074: ../libfprint/drivers/elan.c:389
(process:201965): libfprint-elan-DEBUG: 19:36:31.663: 55265447855: ../libfprint/drivers/elan.c:356
(process:201965): libfprint-elan-DEBUG: 19:36:31.663: 55265447925: ../libfprint/drivers/elan.c:345
(process:201965): libfprint-SSM-DEBUG: 19:36:31.663: [elan] CAPTURE_NUM_STATES entering state 2
(process:201965): libfprint-SSM-DEBUG: 19:36:31.673: [elan] CAPTURE_NUM_STATES entering state 1
(process:201965): libfprint-elan-DEBUG: 19:36:31.673: 55265458469: ../libfprint/drivers/elan.c:356
(process:201965): libfprint-elan-DEBUG: 19:36:31.673: 55265458522: ../libfprint/drivers/elan.c:376
(process:201965): libfprint-elan-DEBUG: 19:36:31.673: 55265458542: ../libfprint/drivers/elan.c:389
(process:201965): libfprint-elan-DEBUG: 19:36:31.717: 55265501869: ../libfprint/drivers/elan.c:356
(process:201965): libfprint-elan-DEBUG: 19:36:31.717: 55265502044: ../libfprint/drivers/elan.c:345
(process:201965): libfprint-SSM-DEBUG: 19:36:31.717: [elan] CAPTURE_NUM_STATES entering state 2
(process:201965): libfprint-SSM-DEBUG: 19:36:31.727: [elan] CAPTURE_NUM_STATES entering state 1
(process:201965): libfprint-elan-DEBUG: 19:36:31.727: 55265512478: ../libfprint/drivers/elan.c:356
(process:201965): libfprint-elan-DEBUG: 19:36:31.727: 55265512506: ../libfprint/drivers/elan.c:376
(process:201965): libfprint-elan-DEBUG: 19:36:31.727: 55265512527: ../libfprint/drivers/elan.c:389
(process:201965): libfprint-elan-DEBUG: 19:36:31.771: 55265555943: ../libfprint/drivers/elan.c:356
(process:201965): libfprint-elan-DEBUG: 19:36:31.771: 55265556054: ../libfprint/drivers/elan.c:345
(process:201965): libfprint-SSM-DEBUG: 19:36:31.771: [elan] CAPTURE_NUM_STATES entering state 2
(process:201965): libfprint-SSM-DEBUG: 19:36:31.781: [elan] CAPTURE_NUM_STATES entering state 1
(process:201965): libfprint-elan-DEBUG: 19:36:31.781: 55265566538: ../libfprint/drivers/elan.c:356
(process:201965): libfprint-elan-DEBUG: 19:36:31.781: 55265566564: ../libfprint/drivers/elan.c:376
(process:201965): libfprint-elan-DEBUG: 19:36:31.781: 55265566584: ../libfprint/drivers/elan.c:389
(process:201965): libfprint-elan-DEBUG: 19:36:31.825: 55265610080: ../libfprint/drivers/elan.c:356
(process:201965): libfprint-elan-DEBUG: 19:36:31.825: 55265610228: ../libfprint/drivers/elan.c:345
(process:201965): libfprint-SSM-DEBUG: 19:36:31.825: [elan] CAPTURE_NUM_STATES entering state 2
(process:201965): libfprint-SSM-DEBUG: 19:36:31.835: [elan] CAPTURE_NUM_STATES entering state 1
(process:201965): libfprint-elan-DEBUG: 19:36:31.835: 55265620626: ../libfprint/drivers/elan.c:356
(process:201965): libfprint-elan-DEBUG: 19:36:31.835: 55265620732: ../libfprint/drivers/elan.c:376
(process:201965): libfprint-elan-DEBUG: 19:36:31.835: 55265620798: ../libfprint/drivers/elan.c:389
(process:201965): libfprint-elan-DEBUG: 19:36:31.879: 55265664277: ../libfprint/drivers/elan.c:356
(process:201965): libfprint-elan-DEBUG: 19:36:31.879: 55265664347: ../libfprint/drivers/elan.c:345
(process:201965): libfprint-SSM-DEBUG: 19:36:31.879: [elan] CAPTURE_NUM_STATES entering state 2
(process:201965): libfprint-SSM-DEBUG: 19:36:31.889: [elan] CAPTURE_NUM_STATES entering state 1
(process:201965): libfprint-elan-DEBUG: 19:36:31.889: 55265674800: ../libfprint/drivers/elan.c:356
(process:201965): libfprint-elan-DEBUG: 19:36:31.889: 55265674828: ../libfprint/drivers/elan.c:376
(process:201965): libfprint-elan-DEBUG: 19:36:31.890: 55265674851: ../libfprint/drivers/elan.c:389
(process:201965): libfprint-elan-DEBUG: 19:36:31.933: 55265718247: ../libfprint/drivers/elan.c:356
(process:201965): libfprint-elan-DEBUG: 19:36:31.933: 55265718393: ../libfprint/drivers/elan.c:345
(process:201965): libfprint-SSM-DEBUG: 19:36:31.933: [elan] CAPTURE_NUM_STATES entering state 2
(process:201965): libfprint-SSM-DEBUG: 19:36:31.943: [elan] CAPTURE_NUM_STATES entering state 1
(process:201965): libfprint-elan-DEBUG: 19:36:31.943: 55265728780: ../libfprint/drivers/elan.c:356
(process:201965): libfprint-elan-DEBUG: 19:36:31.944: 55265728861: ../libfprint/drivers/elan.c:376
(process:201965): libfprint-elan-DEBUG: 19:36:31.944: 55265728929: ../libfprint/drivers/elan.c:389
(process:201965): libfprint-elan-DEBUG: 19:36:31.987: 55265772149: ../libfprint/drivers/elan.c:356
(process:201965): libfprint-elan-DEBUG: 19:36:31.987: 55265772218: ../libfprint/drivers/elan.c:345
(process:201965): libfprint-SSM-DEBUG: 19:36:31.987: [elan] CAPTURE_NUM_STATES entering state 2
(process:201965): libfprint-SSM-DEBUG: 19:36:31.997: [elan] CAPTURE_NUM_STATES entering state 1
(process:201965): libfprint-elan-DEBUG: 19:36:31.997: 55265782655: ../libfprint/drivers/elan.c:356
(process:201965): libfprint-elan-DEBUG: 19:36:31.997: 55265782688: ../libfprint/drivers/elan.c:376
(process:201965): libfprint-elan-DEBUG: 19:36:31.997: 55265782710: ../libfprint/drivers/elan.c:389
(process:201965): libfprint-elan-DEBUG: 19:36:32.041: 55265825896: ../libfprint/drivers/elan.c:356
(process:201965): libfprint-elan-DEBUG: 19:36:32.041: 55265826066: ../libfprint/drivers/elan.c:345
(process:201965): libfprint-SSM-DEBUG: 19:36:32.041: [elan] CAPTURE_NUM_STATES entering state 2
(process:201965): libfprint-SSM-DEBUG: 19:36:32.051: [elan] CAPTURE_NUM_STATES entering state 1
(process:201965): libfprint-elan-DEBUG: 19:36:32.051: 55265836588: ../libfprint/drivers/elan.c:356
(process:201965): libfprint-elan-DEBUG: 19:36:32.051: 55265836690: ../libfprint/drivers/elan.c:376
(process:201965): libfprint-elan-DEBUG: 19:36:32.051: 55265836758: ../libfprint/drivers/elan.c:389
(process:201965): libfprint-elan-DEBUG: 19:36:32.095: 55265879968: ../libfprint/drivers/elan.c:356
(process:201965): libfprint-elan-DEBUG: 19:36:32.095: 55265880068: ../libfprint/drivers/elan.c:345
(process:201965): libfprint-SSM-DEBUG: 19:36:32.095: [elan] CAPTURE_NUM_STATES entering state 2
(process:201965): libfprint-SSM-DEBUG: 19:36:32.105: [elan] CAPTURE_NUM_STATES entering state 1
(process:201965): libfprint-elan-DEBUG: 19:36:32.105: 55265890582: ../libfprint/drivers/elan.c:356
(process:201965): libfprint-elan-DEBUG: 19:36:32.105: 55265890609: ../libfprint/drivers/elan.c:376
(process:201965): libfprint-elan-DEBUG: 19:36:32.105: 55265890629: ../libfprint/drivers/elan.c:389
(process:201965): libfprint-elan-DEBUG: 19:36:32.149: 55265934348: ../libfprint/drivers/elan.c:356
(process:201965): libfprint-elan-DEBUG: 19:36:32.149: 55265934486: ../libfprint/drivers/elan.c:345
(process:201965): libfprint-SSM-DEBUG: 19:36:32.149: [elan] CAPTURE_NUM_STATES entering state 2
(process:201965): libfprint-SSM-DEBUG: 19:36:32.159: [elan] CAPTURE_NUM_STATES entering state 1
(process:201965): libfprint-elan-DEBUG: 19:36:32.160: 55265944990: ../libfprint/drivers/elan.c:356
(process:201965): libfprint-elan-DEBUG: 19:36:32.160: 55265945132: ../libfprint/drivers/elan.c:376
(process:201965): libfprint-elan-DEBUG: 19:36:32.160: 55265945200: ../libfprint/drivers/elan.c:389
(process:201965): libfprint-elan-DEBUG: 19:36:32.203: 55265988594: ../libfprint/drivers/elan.c:356
(process:201965): libfprint-elan-DEBUG: 19:36:32.203: 55265988660: ../libfprint/drivers/elan.c:345
(process:201965): libfprint-SSM-DEBUG: 19:36:32.203: [elan] CAPTURE_NUM_STATES entering state 2
(process:201965): libfprint-SSM-DEBUG: 19:36:32.213: [elan] CAPTURE_NUM_STATES entering state 1
(process:201965): libfprint-elan-DEBUG: 19:36:32.214: 55265999224: ../libfprint/drivers/elan.c:356
(process:201965): libfprint-elan-DEBUG: 19:36:32.214: 55265999250: ../libfprint/drivers/elan.c:376
(process:201965): libfprint-elan-DEBUG: 19:36:32.214: 55265999270: ../libfprint/drivers/elan.c:389
(process:201965): libfprint-elan-DEBUG: 19:36:32.257: 55266042464: ../libfprint/drivers/elan.c:356
(process:201965): libfprint-elan-DEBUG: 19:36:32.257: 55266042611: ../libfprint/drivers/elan.c:345
(process:201965): libfprint-SSM-DEBUG: 19:36:32.257: [elan] CAPTURE_NUM_STATES entering state 2
(process:201965): libfprint-SSM-DEBUG: 19:36:32.267: [elan] CAPTURE_NUM_STATES entering state 1
(process:201965): libfprint-elan-DEBUG: 19:36:32.268: 55266053229: ../libfprint/drivers/elan.c:356
(process:201965): libfprint-elan-DEBUG: 19:36:32.268: 55266053312: ../libfprint/drivers/elan.c:376
(process:201965): libfprint-elan-DEBUG: 19:36:32.268: 55266053378: ../libfprint/drivers/elan.c:389
(process:201965): libfprint-elan-DEBUG: 19:36:32.311: 55266096328: ../libfprint/drivers/elan.c:356
(process:201965): libfprint-elan-DEBUG: 19:36:32.311: 55266096405: ../libfprint/drivers/elan.c:345
(process:201965): libfprint-SSM-DEBUG: 19:36:32.311: [elan] CAPTURE_NUM_STATES entering state 2
(process:201965): libfprint-SSM-DEBUG: 19:36:32.321: [elan] CAPTURE_NUM_STATES entering state 1
(process:201965): libfprint-elan-DEBUG: 19:36:32.321: 55266106815: ../libfprint/drivers/elan.c:356
(process:201965): libfprint-elan-DEBUG: 19:36:32.321: 55266106846: ../libfprint/drivers/elan.c:376
(process:201965): libfprint-elan-DEBUG: 19:36:32.322: 55266106868: ../libfprint/drivers/elan.c:389
(process:201965): libfprint-elan-DEBUG: 19:36:32.365: 55266149988: ../libfprint/drivers/elan.c:356
(process:201965): libfprint-elan-DEBUG: 19:36:32.365: 55266150138: ../libfprint/drivers/elan.c:345
(process:201965): libfprint-SSM-DEBUG: 19:36:32.365: [elan] CAPTURE_NUM_STATES entering state 2
(process:201965): libfprint-SSM-DEBUG: 19:36:32.375: [elan] CAPTURE_NUM_STATES entering state 1
(process:201965): libfprint-elan-DEBUG: 19:36:32.375: 55266160625: ../libfprint/drivers/elan.c:356
(process:201965): libfprint-elan-DEBUG: 19:36:32.375: 55266160707: ../libfprint/drivers/elan.c:376
(process:201965): libfprint-elan-DEBUG: 19:36:32.375: 55266160774: ../libfprint/drivers/elan.c:389
(process:201965): libfprint-elan-DEBUG: 19:36:32.419: 55266204501: ../libfprint/drivers/elan.c:356
(process:201965): libfprint-elan-DEBUG: 19:36:32.419: 55266204565: ../libfprint/drivers/elan.c:345
(process:201965): libfprint-SSM-DEBUG: 19:36:32.419: [elan] CAPTURE_NUM_STATES entering state 2
(process:201965): libfprint-SSM-DEBUG: 19:36:32.429: [elan] CAPTURE_NUM_STATES entering state 1
(process:201965): libfprint-elan-DEBUG: 19:36:32.430: 55266215093: ../libfprint/drivers/elan.c:356
(process:201965): libfprint-elan-DEBUG: 19:36:32.430: 55266215120: ../libfprint/drivers/elan.c:376
(process:201965): libfprint-elan-DEBUG: 19:36:32.430: 55266215140: ../libfprint/drivers/elan.c:389
(process:201965): libfprint-elan-DEBUG: 19:36:32.473: 55266258455: ../libfprint/drivers/elan.c:356
(process:201965): libfprint-elan-DEBUG: 19:36:32.473: 55266258578: ../libfprint/drivers/elan.c:345
(process:201965): libfprint-SSM-DEBUG: 19:36:32.473: [elan] CAPTURE_NUM_STATES entering state 2
(process:201965): libfprint-SSM-DEBUG: 19:36:32.483: [elan] CAPTURE_NUM_STATES entering state 1
(process:201965): libfprint-elan-DEBUG: 19:36:32.484: 55266269179: ../libfprint/drivers/elan.c:356
(process:201965): libfprint-elan-DEBUG: 19:36:32.484: 55266269273: ../libfprint/drivers/elan.c:376
(process:201965): libfprint-elan-DEBUG: 19:36:32.484: 55266269341: ../libfprint/drivers/elan.c:389
(process:201965): libfprint-elan-DEBUG: 19:36:32.527: 55266312157: ../libfprint/drivers/elan.c:356
(process:201965): libfprint-elan-DEBUG: 19:36:32.527: 55266312212: ../libfprint/drivers/elan.c:345
(process:201965): libfprint-SSM-DEBUG: 19:36:32.527: [elan] CAPTURE_NUM_STATES entering state 2
(process:201965): libfprint-image_device-DEBUG: 19:36:32.527: Image device reported finger status: on
(process:201965): libfprint-elan-DEBUG: 19:36:32.527: 55266312688: ../libfprint/drivers/elan.c:356
(process:201965): libfprint-elan-DEBUG: 19:36:32.527: 55266312715: ../libfprint/drivers/elan.c:376
(process:201965): libfprint-elan-DEBUG: 19:36:32.527: 55266312735: ../libfprint/drivers/elan.c:389
(process:201965): libfprint-elan-DEBUG: 19:36:32.559: 55266344322: ../libfprint/drivers/elan.c:356
(process:201965): libfprint-elan-DEBUG: 19:36:32.559: 55266344410: ../libfprint/drivers/elan.c:345
(process:201965): libfprint-SSM-DEBUG: 19:36:32.559: [elan] CAPTURE_NUM_STATES entering state 3
(process:201965): libfprint-elan-DEBUG: 19:36:32.559: 55266344467: ../libfprint/drivers/elan.c:203
(process:201965): libfprint-elan-DEBUG: 19:36:32.559: 55266344516: ../libfprint/drivers/elan.c:118
(process:201965): libfprint-SSM-DEBUG: 19:36:32.559: [elan] CAPTURE_NUM_STATES entering state 1
(process:201965): libfprint-elan-DEBUG: 19:36:32.559: 55266344814: ../libfprint/drivers/elan.c:356
(process:201965): libfprint-elan-DEBUG: 19:36:32.559: 55266344846: ../libfprint/drivers/elan.c:376
(process:201965): libfprint-elan-DEBUG: 19:36:32.560: 55266344872: ../libfprint/drivers/elan.c:389
(process:201965): libfprint-elan-DEBUG: 19:36:32.603: 55266388241: ../libfprint/drivers/elan.c:356
(process:201965): libfprint-elan-DEBUG: 19:36:32.603: 55266388389: ../libfprint/drivers/elan.c:345
(process:201965): libfprint-SSM-DEBUG: 19:36:32.603: [elan] CAPTURE_NUM_STATES entering state 2
(process:201965): libfprint-image_device-DEBUG: 19:36:32.603: Image device reported finger status: on
(process:201965): libfprint-elan-DEBUG: 19:36:32.604: 55266388886: ../libfprint/drivers/elan.c:356
(process:201965): libfprint-elan-DEBUG: 19:36:32.604: 55266388967: ../libfprint/drivers/elan.c:376
(process:201965): libfprint-elan-DEBUG: 19:36:32.604: 55266389062: ../libfprint/drivers/elan.c:389
(process:201965): libfprint-elan-DEBUG: 19:36:32.635: 55266420561: ../libfprint/drivers/elan.c:356
(process:201965): libfprint-elan-DEBUG: 19:36:32.635: 55266420639: ../libfprint/drivers/elan.c:345
(process:201965): libfprint-SSM-DEBUG: 19:36:32.635: [elan] CAPTURE_NUM_STATES entering state 3
(process:201965): libfprint-elan-DEBUG: 19:36:32.635: 55266420684: ../libfprint/drivers/elan.c:203
(process:201965): libfprint-elan-DEBUG: 19:36:32.635: 55266420724: ../libfprint/drivers/elan.c:118
(process:201965): libfprint-SSM-DEBUG: 19:36:32.635: [elan] CAPTURE_NUM_STATES entering state 1
(process:201965): libfprint-elan-DEBUG: 19:36:32.636: 55266420933: ../libfprint/drivers/elan.c:356
(process:201965): libfprint-elan-DEBUG: 19:36:32.636: 55266420960: ../libfprint/drivers/elan.c:376
(process:201965): libfprint-elan-DEBUG: 19:36:32.636: 55266420980: ../libfprint/drivers/elan.c:389
(process:201965): libfprint-elan-DEBUG: 19:36:32.679: 55266464773: ../libfprint/drivers/elan.c:356
(process:201965): libfprint-elan-DEBUG: 19:36:32.680: 55266464923: ../libfprint/drivers/elan.c:345
(process:201965): libfprint-SSM-DEBUG: 19:36:32.680: [elan] CAPTURE_NUM_STATES entering state 2
(process:201965): libfprint-SSM-DEBUG: 19:36:32.690: [elan] CAPTURE_NUM_STATES entering state 1
(process:201965): libfprint-elan-DEBUG: 19:36:32.690: 55266475106: ../libfprint/drivers/elan.c:356
(process:201965): libfprint-elan-DEBUG: 19:36:32.690: 55266475133: ../libfprint/drivers/elan.c:376
(process:201965): libfprint-elan-DEBUG: 19:36:32.690: 55266475154: ../libfprint/drivers/elan.c:389
(process:201965): libfprint-elan-DEBUG: 19:36:32.733: 55266518433: ../libfprint/drivers/elan.c:356
(process:201965): libfprint-elan-DEBUG: 19:36:32.733: 55266518546: ../libfprint/drivers/elan.c:345
(process:201965): libfprint-SSM-DEBUG: 19:36:32.733: [elan] CAPTURE_NUM_STATES entering state 2
(process:201965): libfprint-image_device-DEBUG: 19:36:32.733: Image device reported finger status: on
(process:201965): libfprint-elan-DEBUG: 19:36:32.734: 55266519221: ../libfprint/drivers/elan.c:356
(process:201965): libfprint-elan-DEBUG: 19:36:32.734: 55266519373: ../libfprint/drivers/elan.c:376
(process:201965): libfprint-elan-DEBUG: 19:36:32.734: 55266519434: ../libfprint/drivers/elan.c:389
(process:201965): libfprint-elan-DEBUG: 19:36:32.766: 55266550966: ../libfprint/drivers/elan.c:356
(process:201965): libfprint-elan-DEBUG: 19:36:32.766: 55266551137: ../libfprint/drivers/elan.c:345
(process:201965): libfprint-SSM-DEBUG: 19:36:32.766: [elan] CAPTURE_NUM_STATES entering state 3
(process:201965): libfprint-elan-DEBUG: 19:36:32.766: 55266551180: ../libfprint/drivers/elan.c:203
(process:201965): libfprint-elan-DEBUG: 19:36:32.766: 55266551221: ../libfprint/drivers/elan.c:118
(process:201965): libfprint-SSM-DEBUG: 19:36:32.766: [elan] CAPTURE_NUM_STATES entering state 1
(process:201965): libfprint-elan-DEBUG: 19:36:32.766: 55266551493: ../libfprint/drivers/elan.c:356
(process:201965): libfprint-elan-DEBUG: 19:36:32.766: 55266551521: ../libfprint/drivers/elan.c:376
(process:201965): libfprint-elan-DEBUG: 19:36:32.766: 55266551542: ../libfprint/drivers/elan.c:389
(process:201965): libfprint-elan-DEBUG: 19:36:32.810: 55266595039: ../libfprint/drivers/elan.c:356
(process:201965): libfprint-elan-DEBUG: 19:36:32.810: 55266595187: ../libfprint/drivers/elan.c:345
(process:201965): libfprint-SSM-DEBUG: 19:36:32.810: [elan] CAPTURE_NUM_STATES entering state 2
(process:201965): libfprint-image_device-DEBUG: 19:36:32.810: Image device reported finger status: on
(process:201965): libfprint-elan-DEBUG: 19:36:32.810: 55266595757: ../libfprint/drivers/elan.c:356
(process:201965): libfprint-elan-DEBUG: 19:36:32.810: 55266595834: ../libfprint/drivers/elan.c:376
(process:201965): libfprint-elan-DEBUG: 19:36:32.811: 55266595899: ../libfprint/drivers/elan.c:389
(process:201965): libfprint-elan-DEBUG: 19:36:32.842: 55266627404: ../libfprint/drivers/elan.c:356
(process:201965): libfprint-elan-DEBUG: 19:36:32.842: 55266627502: ../libfprint/drivers/elan.c:345
(process:201965): libfprint-SSM-DEBUG: 19:36:32.842: [elan] CAPTURE_NUM_STATES entering state 3
(process:201965): libfprint-elan-DEBUG: 19:36:32.842: 55266627547: ../libfprint/drivers/elan.c:203
(process:201965): libfprint-elan-DEBUG: 19:36:32.842: 55266627590: ../libfprint/drivers/elan.c:118
(process:201965): libfprint-SSM-DEBUG: 19:36:32.842: [elan] CAPTURE_NUM_STATES entering state 1
(process:201965): libfprint-elan-DEBUG: 19:36:32.843: 55266627878: ../libfprint/drivers/elan.c:356
(process:201965): libfprint-elan-DEBUG: 19:36:32.843: 55266627903: ../libfprint/drivers/elan.c:376
(process:201965): libfprint-elan-DEBUG: 19:36:32.843: 55266627923: ../libfprint/drivers/elan.c:389
(process:201965): libfprint-elan-DEBUG: 19:36:32.886: 55266671264: ../libfprint/drivers/elan.c:356
(process:201965): libfprint-elan-DEBUG: 19:36:32.886: 55266671382: ../libfprint/drivers/elan.c:345
(process:201965): libfprint-SSM-DEBUG: 19:36:32.886: [elan] CAPTURE_NUM_STATES entering state 2
(process:201965): libfprint-image_device-DEBUG: 19:36:32.886: Image device reported finger status: on
(process:201965): libfprint-elan-DEBUG: 19:36:32.886: 55266671623: ../libfprint/drivers/elan.c:356
(process:201965): libfprint-elan-DEBUG: 19:36:32.886: 55266671662: ../libfprint/drivers/elan.c:376
(process:201965): libfprint-elan-DEBUG: 19:36:32.886: 55266671690: ../libfprint/drivers/elan.c:389
(process:201965): libfprint-elan-DEBUG: 19:36:32.918: 55266703543: ../libfprint/drivers/elan.c:356
(process:201965): libfprint-elan-DEBUG: 19:36:32.918: 55266703693: ../libfprint/drivers/elan.c:345
(process:201965): libfprint-SSM-DEBUG: 19:36:32.918: [elan] CAPTURE_NUM_STATES entering state 3
(process:201965): libfprint-elan-DEBUG: 19:36:32.918: 55266703830: ../libfprint/drivers/elan.c:203
(process:201965): libfprint-elan-DEBUG: 19:36:32.919: 55266703941: ../libfprint/drivers/elan.c:118
(process:201965): libfprint-SSM-DEBUG: 19:36:32.919: [elan] CAPTURE_NUM_STATES entering state 1
(process:201965): libfprint-elan-DEBUG: 19:36:32.919: 55266704487: ../libfprint/drivers/elan.c:356
(process:201965): libfprint-elan-DEBUG: 19:36:32.919: 55266704569: ../libfprint/drivers/elan.c:376
(process:201965): libfprint-elan-DEBUG: 19:36:32.919: 55266704635: ../libfprint/drivers/elan.c:389
(process:201965): libfprint-elan-DEBUG: 19:36:32.963: 55266748285: ../libfprint/drivers/elan.c:356
(process:201965): libfprint-elan-DEBUG: 19:36:32.963: 55266748433: ../libfprint/drivers/elan.c:345
(process:201965): libfprint-SSM-DEBUG: 19:36:32.963: [elan] CAPTURE_NUM_STATES entering state 2
(process:201965): libfprint-image_device-DEBUG: 19:36:32.963: Image device reported finger status: on
(process:201965): libfprint-elan-DEBUG: 19:36:32.964: 55266748936: ../libfprint/drivers/elan.c:356
(process:201965): libfprint-elan-DEBUG: 19:36:32.964: 55266749037: ../libfprint/drivers/elan.c:376
(process:201965): libfprint-elan-DEBUG: 19:36:32.964: 55266749101: ../libfprint/drivers/elan.c:389
(process:201965): libfprint-elan-DEBUG: 19:36:32.995: 55266780802: ../libfprint/drivers/elan.c:356
(process:201965): libfprint-elan-DEBUG: 19:36:32.996: 55266780884: ../libfprint/drivers/elan.c:345
(process:201965): libfprint-SSM-DEBUG: 19:36:32.996: [elan] CAPTURE_NUM_STATES entering state 3
(process:201965): libfprint-elan-DEBUG: 19:36:32.996: 55266780964: ../libfprint/drivers/elan.c:203
(process:201965): libfprint-elan-DEBUG: 19:36:32.996: 55266781030: ../libfprint/drivers/elan.c:118
(process:201965): libfprint-SSM-DEBUG: 19:36:32.996: [elan] CAPTURE_NUM_STATES entering state 1
(process:201965): libfprint-elan-DEBUG: 19:36:32.996: 55266781290: ../libfprint/drivers/elan.c:356
(process:201965): libfprint-elan-DEBUG: 19:36:32.996: 55266781317: ../libfprint/drivers/elan.c:376
(process:201965): libfprint-elan-DEBUG: 19:36:32.996: 55266781338: ../libfprint/drivers/elan.c:389
(process:201965): libfprint-elan-DEBUG: 19:36:33.039: 55266824772: ../libfprint/drivers/elan.c:356
(process:201965): libfprint-elan-DEBUG: 19:36:33.040: 55266824920: ../libfprint/drivers/elan.c:345
(process:201965): libfprint-SSM-DEBUG: 19:36:33.040: [elan] CAPTURE_NUM_STATES entering state 2
(process:201965): libfprint-image_device-DEBUG: 19:36:33.040: Image device reported finger status: on
(process:201965): libfprint-elan-DEBUG: 19:36:33.040: 55266825421: ../libfprint/drivers/elan.c:356
(process:201965): libfprint-elan-DEBUG: 19:36:33.040: 55266825499: ../libfprint/drivers/elan.c:376
(process:201965): libfprint-elan-DEBUG: 19:36:33.040: 55266825564: ../libfprint/drivers/elan.c:389
(process:201965): libfprint-elan-DEBUG: 19:36:33.072: 55266857287: ../libfprint/drivers/elan.c:356
(process:201965): libfprint-elan-DEBUG: 19:36:33.072: 55266857434: ../libfprint/drivers/elan.c:345
(process:201965): libfprint-SSM-DEBUG: 19:36:33.072: [elan] CAPTURE_NUM_STATES entering state 3
(process:201965): libfprint-elan-DEBUG: 19:36:33.072: 55266857573: ../libfprint/drivers/elan.c:203
(process:201965): libfprint-elan-DEBUG: 19:36:33.072: 55266857676: ../libfprint/drivers/elan.c:118
(process:201965): libfprint-SSM-DEBUG: 19:36:33.072: [elan] CAPTURE_NUM_STATES entering state 1
(process:201965): libfprint-elan-DEBUG: 19:36:33.073: 55266858137: ../libfprint/drivers/elan.c:356
(process:201965): libfprint-elan-DEBUG: 19:36:33.073: 55266858208: ../libfprint/drivers/elan.c:376
(process:201965): libfprint-elan-DEBUG: 19:36:33.073: 55266858274: ../libfprint/drivers/elan.c:389
(process:201965): libfprint-elan-DEBUG: 19:36:33.116: 55266901389: ../libfprint/drivers/elan.c:356
(process:201965): libfprint-elan-DEBUG: 19:36:33.116: 55266901474: ../libfprint/drivers/elan.c:345
(process:201965): libfprint-SSM-DEBUG: 19:36:33.116: [elan] CAPTURE_NUM_STATES entering state 2
(process:201965): libfprint-image_device-DEBUG: 19:36:33.116: Image device reported finger status: on
(process:201965): libfprint-elan-DEBUG: 19:36:33.116: 55266901758: ../libfprint/drivers/elan.c:356
(process:201965): libfprint-elan-DEBUG: 19:36:33.116: 55266901780: ../libfprint/drivers/elan.c:376
(process:201965): libfprint-elan-DEBUG: 19:36:33.116: 55266901798: ../libfprint/drivers/elan.c:389
(process:201965): libfprint-elan-DEBUG: 19:36:33.148: 55266933570: ../libfprint/drivers/elan.c:356
(process:201965): libfprint-elan-DEBUG: 19:36:33.148: 55266933715: ../libfprint/drivers/elan.c:345
(process:201965): libfprint-SSM-DEBUG: 19:36:33.148: [elan] CAPTURE_NUM_STATES entering state 3
(process:201965): libfprint-elan-DEBUG: 19:36:33.149: 55266933847: ../libfprint/drivers/elan.c:203
(process:201965): libfprint-elan-DEBUG: 19:36:33.149: 55266933948: ../libfprint/drivers/elan.c:118
(process:201965): libfprint-SSM-DEBUG: 19:36:33.149: [elan] CAPTURE_NUM_STATES entering state 1
(process:201965): libfprint-elan-DEBUG: 19:36:33.149: 55266934578: ../libfprint/drivers/elan.c:356
(process:201965): libfprint-elan-DEBUG: 19:36:33.149: 55266934664: ../libfprint/drivers/elan.c:376
(process:201965): libfprint-elan-DEBUG: 19:36:33.149: 55266934731: ../libfprint/drivers/elan.c:389
(process:201965): libfprint-elan-DEBUG: 19:36:33.192: 55266977687: ../libfprint/drivers/elan.c:356
(process:201965): libfprint-elan-DEBUG: 19:36:33.192: 55266977827: ../libfprint/drivers/elan.c:345
(process:201965): libfprint-SSM-DEBUG: 19:36:33.193: [elan] CAPTURE_NUM_STATES entering state 2
(process:201965): libfprint-image_device-DEBUG: 19:36:33.193: Image device reported finger status: on
(process:201965): libfprint-elan-DEBUG: 19:36:33.193: 55266978326: ../libfprint/drivers/elan.c:356
(process:201965): libfprint-elan-DEBUG: 19:36:33.193: 55266978409: ../libfprint/drivers/elan.c:376
(process:201965): libfprint-elan-DEBUG: 19:36:33.193: 55266978476: ../libfprint/drivers/elan.c:389
(process:201965): libfprint-elan-DEBUG: 19:36:33.225: 55267010043: ../libfprint/drivers/elan.c:356
(process:201965): libfprint-elan-DEBUG: 19:36:33.225: 55267010136: ../libfprint/drivers/elan.c:345
(process:201965): libfprint-SSM-DEBUG: 19:36:33.225: [elan] CAPTURE_NUM_STATES entering state 3
(process:201965): libfprint-elan-DEBUG: 19:36:33.225: 55267010205: ../libfprint/drivers/elan.c:203
(process:201965): libfprint-elan-DEBUG: 19:36:33.225: 55267010243: ../libfprint/drivers/elan.c:118
(process:201965): libfprint-SSM-DEBUG: 19:36:33.225: [elan] CAPTURE_NUM_STATES completed successfully
(process:201965): libfprint-elan-DEBUG: 19:36:33.225: 55267010309: ../libfprint/drivers/elan.c:609
(process:201965): libfprint-elan-DEBUG: 19:36:33.225: 55267010329: ../libfprint/drivers/elan.c:325
(process:201965): libfprint-elan-DEBUG: 19:36:33.225: 55267010350: ../libfprint/drivers/elan.c:277
(process:201965): libfprint-elan-DEBUG: 19:36:33.226: 55267010860: ../libfprint/drivers/elan.c:277
(process:201965): libfprint-elan-DEBUG: 19:36:33.226: 55267011442: ../libfprint/drivers/elan.c:277
(process:201965): libfprint-elan-DEBUG: 19:36:33.227: 55267012153: ../libfprint/drivers/elan.c:277
(process:201965): libfprint-elan-DEBUG: 19:36:33.227: 55267012685: ../libfprint/drivers/elan.c:277
(process:201965): libfprint-elan-DEBUG: 19:36:33.228: 55267013218: ../libfprint/drivers/elan.c:277
(process:201965): libfprint-elan-DEBUG: 19:36:33.228: 55267013752: ../libfprint/drivers/elan.c:277
(process:201965): libfprint-elan-DEBUG: 19:36:33.229: 55267014220: ../libfprint/drivers/elan.c:277
(process:201965): libfprint-elan-DEBUG: 19:36:33.229: 55267014726: ../libfprint/drivers/elan.c:277
(process:201965): libfprint-elan-DEBUG: 19:36:33.230: 55267015397: ../libfprint/drivers/elan.c:277
(process:201965): libfprint-elan-DEBUG: 19:36:33.231: 55267016016: ../libfprint/drivers/elan.c:277
(process:201965): libfprint-elan-DEBUG: 19:36:33.231: 55267016697: ../libfprint/drivers/elan.c:277
(process:201965): libfprint-elan-DEBUG: 19:36:33.232: 55267017298: ../libfprint/drivers/elan.c:277
(process:201965): libfprint-elan-DEBUG: 19:36:33.233: 55267017938: ../libfprint/drivers/elan.c:277
(process:201965): libfprint-elan-DEBUG: 19:36:33.233: 55267018527: ../libfprint/drivers/elan.c:277
(process:201965): libfprint-elan-DEBUG: 19:36:33.234: 55267019077: ../libfprint/drivers/elan.c:277
(process:201965): libfprint-elan-DEBUG: 19:36:33.234: 55267019659: ../libfprint/drivers/elan.c:277
(process:201965): libfprint-elan-DEBUG: 19:36:33.235: 55267020243: ../libfprint/drivers/elan.c:277
(process:201965): libfprint-elan-DEBUG: 19:36:33.235: 55267020843: ../libfprint/drivers/elan.c:277
(process:201965): libfprint-elan-DEBUG: 19:36:33.236: 55267021334: ../libfprint/drivers/elan.c:277
(process:201965): libfprint-elan-DEBUG: 19:36:33.236: 55267021806: ../libfprint/drivers/elan.c:277
(process:201965): libfprint-elan-DEBUG: 19:36:33.237: 55267022294: ../libfprint/drivers/elan.c:277
(process:201965): libfprint-elan-DEBUG: 19:36:33.237: 55267022770: ../libfprint/drivers/elan.c:277
(process:201965): libfprint-elan-DEBUG: 19:36:33.238: 55267023280: ../libfprint/drivers/elan.c:277
(process:201965): libfprint-elan-DEBUG: 19:36:33.238: 55267023780: ../libfprint/drivers/elan.c:277
(process:201965): libfprint-elan-DEBUG: 19:36:33.239: 55267024262: ../libfprint/drivers/elan.c:277
(process:201965): libfprint-elan-DEBUG: 19:36:33.239: 55267024739: ../libfprint/drivers/elan.c:277
(process:201965): libfprint-elan-DEBUG: 19:36:33.240: 55267025201: ../libfprint/drivers/elan.c:277
(process:201965): libfprint-assembling-DEBUG: 19:36:33.524: calc delta completed in 0.283232 secs
(process:201965): libfprint-assembling-DEBUG: 19:36:33.801: calc delta completed in 0.277876 secs
(process:201965): libfprint-assembling-DEBUG: 19:36:33.802: errors: 124427 rev: 123056
(process:201965): libfprint-assembling-DEBUG: 19:36:33.802: height is -586
(process:201965): libfprint-image_device-DEBUG: 19:36:33.802: Image device captured an image
(process:201965): libfprint-image_device-DEBUG: 19:36:33.802: Image device internal state change from FPI_IMAGE_DEVICE_STATE_CAPTURE to FPI_IMAGE_DEVICE_STATE_AWAIT_FINGER_OFF
(process:201965): libfprint-elan-DEBUG: 19:36:33.802: 55267587570: ../libfprint/drivers/elan.c:1000
(process:201965): libfprint-device-DEBUG: 19:36:33.802: Device reported finger status change: FP_FINGER_STATUS_NEEDED | FP_FINGER_STATUS_PRESENT -> FP_FINGER_STATUS_PRESENT
(process:201965): libfprint-elan-DEBUG: 19:36:33.802: 55267587620: ../libfprint/drivers/elan.c:517
(process:201965): libfprint-elan-DEBUG: 19:36:33.802: 55267587640: ../libfprint/drivers/elan.c:100
(process:201965): libfprint-SSM-DEBUG: 19:36:33.802: [elan] STOP_CAPTURE_NUM_STATES entering state 0
(process:201965): libfprint-elan-DEBUG: 19:36:33.802: 55267587699: ../libfprint/drivers/elan.c:476
(process:201965): libfprint-elan-DEBUG: 19:36:33.803: 55267587874: ../libfprint/drivers/elan.c:356
(process:201965): libfprint-elan-DEBUG: 19:36:33.803: 55267587898: ../libfprint/drivers/elan.c:376
(process:201965): libfprint-elan-DEBUG: 19:36:33.803: 55267587916: ../libfprint/drivers/elan.c:389
(process:201965): libfprint-elan-DEBUG: 19:36:33.803: skipping read, not expecting anything
(process:201965): libfprint-elan-DEBUG: 19:36:33.803: 55267587951: ../libfprint/drivers/elan.c:345
(process:201965): libfprint-SSM-DEBUG: 19:36:33.803: [elan] STOP_CAPTURE_NUM_STATES completed successfully
(process:201965): libfprint-elan-DEBUG: 19:36:33.803: 55267587989: ../libfprint/drivers/elan.c:493
(process:201965): libfprint-device-DEBUG: 19:36:33.803: Device reported finger status change: FP_FINGER_STATUS_PRESENT -> FP_FINGER_STATUS_NONE
(process:201965): libfprint-image_device-DEBUG: 19:36:33.803: Image device reported finger status: off
(process:201965): libfprint-image_device-DEBUG: 19:36:33.803: Image device internal state change from FPI_IMAGE_DEVICE_STATE_AWAIT_FINGER_OFF to FPI_IMAGE_DEVICE_STATE_IDLE
(process:201965): libfprint-elan-DEBUG: 19:36:33.803: 55267588086: ../libfprint/drivers/elan.c:1000
(process:201965): libfprint-image-DEBUG: 19:36:33.828: Minutiae scan completed in 0.025562 secs
(process:201965): libfprint-device-DEBUG: 19:36:33.828: Device reported enroll progress, reported 3 of 5 have been completed
  stage 3: err=None
(process:201965): libfprint-image_device-DEBUG: 19:36:33.828: Image device internal state change from FPI_IMAGE_DEVICE_STATE_IDLE to FPI_IMAGE_DEVICE_STATE_AWAIT_FINGER_ON
(process:201965): libfprint-elan-DEBUG: 19:36:33.828: 55267613657: ../libfprint/drivers/elan.c:1000
(process:201965): libfprint-elan-DEBUG: 19:36:33.828: 55267613679: ../libfprint/drivers/elan.c:832
(process:201965): libfprint-elan-DEBUG: 19:36:33.828: 55267613700: ../libfprint/drivers/elan.c:100
(process:201965): libfprint-SSM-DEBUG: 19:36:33.828: [elan] CALIBRATE_NUM_STATES entering state 0
(process:201965): libfprint-elan-DEBUG: 19:36:33.828: 55267613742: ../libfprint/drivers/elan.c:714
(process:201965): libfprint-device-DEBUG: 19:36:33.828: Device reported finger status change: FP_FINGER_STATUS_NONE -> FP_FINGER_STATUS_NEEDED
(process:201965): libfprint-elan-DEBUG: 19:36:33.829: 55267613953: ../libfprint/drivers/elan.c:356
(process:201965): libfprint-elan-DEBUG: 19:36:33.829: 55267613977: ../libfprint/drivers/elan.c:376
(process:201965): libfprint-elan-DEBUG: 19:36:33.829: 55267614008: ../libfprint/drivers/elan.c:389
(process:201965): libfprint-elan-DEBUG: 19:36:33.878: 55267663414: ../libfprint/drivers/elan.c:356
(process:201965): libfprint-elan-DEBUG: 19:36:33.878: 55267663552: ../libfprint/drivers/elan.c:345
(process:201965): libfprint-SSM-DEBUG: 19:36:33.878: [elan] CALIBRATE_NUM_STATES entering state 1
(process:201965): libfprint-elan-DEBUG: 19:36:33.878: 55267663623: ../libfprint/drivers/elan.c:714
(process:201965): libfprint-elan-DEBUG: 19:36:33.878: 55267663662: ../libfprint/drivers/elan.c:156
(process:201965): libfprint-elan-DEBUG: 19:36:33.878: 55267663681: ../libfprint/drivers/elan.c:118
(process:201965): libfprint-SSM-DEBUG: 19:36:33.878: [elan] CALIBRATE_NUM_STATES entering state 2
(process:201965): libfprint-elan-DEBUG: 19:36:33.878: 55267663724: ../libfprint/drivers/elan.c:714
(process:201965): libfprint-elan-DEBUG: 19:36:33.879: 55267663909: ../libfprint/drivers/elan.c:356
(process:201965): libfprint-elan-DEBUG: 19:36:33.879: 55267663935: ../libfprint/drivers/elan.c:376
(process:201965): libfprint-elan-DEBUG: 19:36:33.879: 55267663954: ../libfprint/drivers/elan.c:389
(process:201965): libfprint-elan-DEBUG: 19:36:33.921: 55267706411: ../libfprint/drivers/elan.c:356
(process:201965): libfprint-elan-DEBUG: 19:36:33.921: 55267706496: ../libfprint/drivers/elan.c:345
(process:201965): libfprint-SSM-DEBUG: 19:36:33.921: [elan] CALIBRATE_NUM_STATES entering state 3
(process:201965): libfprint-elan-DEBUG: 19:36:33.921: 55267706543: ../libfprint/drivers/elan.c:714
(process:201965): libfprint-elan-DEBUG: 19:36:33.921: 55267706564: ../libfprint/drivers/elan.c:657
(process:201965): libfprint-elan-DEBUG: 19:36:33.921: calibration mean: 8308, bg mean: 8636, delta: 328
(process:201965): libfprint-SSM-DEBUG: 19:36:33.921: [elan] CALIBRATE_NUM_STATES completed successfully
(process:201965): libfprint-elan-DEBUG: 19:36:33.921: 55267706627: ../libfprint/drivers/elan.c:816
(process:201965): libfprint-elan-DEBUG: 19:36:33.921: 55267706652: ../libfprint/drivers/elan.c:643
(process:201965): libfprint-elan-DEBUG: 19:36:33.921: 55267706673: ../libfprint/drivers/elan.c:100
(process:201965): libfprint-SSM-DEBUG: 19:36:33.921: [elan] CAPTURE_NUM_STATES entering state 0
(process:201965): libfprint-elan-DEBUG: 19:36:33.922: 55267706899: ../libfprint/drivers/elan.c:356
(process:201965): libfprint-elan-DEBUG: 19:36:33.922: 55267706931: ../libfprint/drivers/elan.c:376
(process:201965): libfprint-elan-DEBUG: 19:36:33.922: 55267706953: ../libfprint/drivers/elan.c:389
(process:201965): libfprint-elan-DEBUG: 19:36:33.922: skipping read, not expecting anything
(process:201965): libfprint-elan-DEBUG: 19:36:33.922: 55267706995: ../libfprint/drivers/elan.c:345
(process:201965): libfprint-SSM-DEBUG: 19:36:33.922: [elan] CAPTURE_NUM_STATES entering state 1
(process:201965): libfprint-elan-DEBUG: 19:36:33.922: 55267707165: ../libfprint/drivers/elan.c:356
(process:201965): libfprint-elan-DEBUG: 19:36:33.922: 55267707189: ../libfprint/drivers/elan.c:376
(process:201965): libfprint-elan-DEBUG: 19:36:33.922: 55267707210: ../libfprint/drivers/elan.c:389
(process:201965): libfprint-elan-DEBUG: 19:36:34.093: 55267878626: ../libfprint/drivers/elan.c:356
(process:201965): libfprint-elan-DEBUG: 19:36:34.093: 55267878766: ../libfprint/drivers/elan.c:345
(process:201965): libfprint-SSM-DEBUG: 19:36:34.093: [elan] CAPTURE_NUM_STATES entering state 2
(process:201965): libfprint-device-DEBUG: 19:36:34.093: Device reported finger status change: FP_FINGER_STATUS_NEEDED -> FP_FINGER_STATUS_NEEDED | FP_FINGER_STATUS_PRESENT
(process:201965): libfprint-image_device-DEBUG: 19:36:34.094: Image device reported finger status: on
(process:201965): libfprint-image_device-DEBUG: 19:36:34.094: Image device internal state change from FPI_IMAGE_DEVICE_STATE_AWAIT_FINGER_ON to FPI_IMAGE_DEVICE_STATE_CAPTURE
(process:201965): libfprint-elan-DEBUG: 19:36:34.094: 55267878966: ../libfprint/drivers/elan.c:1000
(process:201965): libfprint-elan-DEBUG: 19:36:34.094: 55267879187: ../libfprint/drivers/elan.c:356
(process:201965): libfprint-elan-DEBUG: 19:36:34.094: 55267879240: ../libfprint/drivers/elan.c:376
(process:201965): libfprint-elan-DEBUG: 19:36:34.094: 55267879274: ../libfprint/drivers/elan.c:389
(process:201965): libfprint-elan-DEBUG: 19:36:34.126: 55267911199: ../libfprint/drivers/elan.c:356
(process:201965): libfprint-elan-DEBUG: 19:36:34.126: 55267911282: ../libfprint/drivers/elan.c:345
(process:201965): libfprint-SSM-DEBUG: 19:36:34.126: [elan] CAPTURE_NUM_STATES entering state 3
(process:201965): libfprint-elan-DEBUG: 19:36:34.126: 55267911324: ../libfprint/drivers/elan.c:203
(process:201965): libfprint-elan-DEBUG: 19:36:34.126: 55267911343: ../libfprint/drivers/elan.c:118
(process:201965): libfprint-SSM-DEBUG: 19:36:34.126: [elan] CAPTURE_NUM_STATES entering state 1
(process:201965): libfprint-elan-DEBUG: 19:36:34.126: 55267911569: ../libfprint/drivers/elan.c:356
(process:201965): libfprint-elan-DEBUG: 19:36:34.126: 55267911592: ../libfprint/drivers/elan.c:376
(process:201965): libfprint-elan-DEBUG: 19:36:34.126: 55267911611: ../libfprint/drivers/elan.c:389
(process:201965): libfprint-elan-DEBUG: 19:36:34.327: 55268111930: ../libfprint/drivers/elan.c:356
(process:201965): libfprint-SSM-DEBUG: 19:36:34.327: [elan] SSM CAPTURE_NUM_STATES failed in state 1 with error: transfer timed out
(process:201965): libfprint-SSM-DEBUG: 19:36:34.327: [elan] CAPTURE_NUM_STATES completed with error: transfer timed out
(process:201965): libfprint-elan-DEBUG: 19:36:34.327: 55268112057: ../libfprint/drivers/elan.c:609
(process:201965): libfprint-elan-DEBUG: 19:36:34.327: swipe too short: want >= 7 frames, got 1
(process:201965): libfprint-image_device-DEBUG: 19:36:34.327: Reporting retry during enroll
(process:201965): libfprint-device-DEBUG: 19:36:34.327: Device reported enroll progress, reported 3 of 5 have been completed
  stage 3: err=None
(process:201965): libfprint-image_device-DEBUG: 19:36:34.327: Image device internal state change from FPI_IMAGE_DEVICE_STATE_CAPTURE to FPI_IMAGE_DEVICE_STATE_AWAIT_FINGER_OFF
(process:201965): libfprint-elan-DEBUG: 19:36:34.327: 55268112385: ../libfprint/drivers/elan.c:1000
(process:201965): libfprint-device-DEBUG: 19:36:34.327: Device reported finger status change: FP_FINGER_STATUS_NEEDED | FP_FINGER_STATUS_PRESENT -> FP_FINGER_STATUS_PRESENT
(process:201965): libfprint-elan-DEBUG: 19:36:34.327: 55268112433: ../libfprint/drivers/elan.c:517
(process:201965): libfprint-elan-DEBUG: 19:36:34.327: 55268112453: ../libfprint/drivers/elan.c:100
(process:201965): libfprint-SSM-DEBUG: 19:36:34.327: [elan] STOP_CAPTURE_NUM_STATES entering state 0
(process:201965): libfprint-elan-DEBUG: 19:36:34.327: 55268112494: ../libfprint/drivers/elan.c:476
(process:201965): libfprint-elan-DEBUG: 19:36:34.327: 55268112754: ../libfprint/drivers/elan.c:356
(process:201965): libfprint-elan-DEBUG: 19:36:34.327: 55268112778: ../libfprint/drivers/elan.c:376
(process:201965): libfprint-elan-DEBUG: 19:36:34.327: 55268112797: ../libfprint/drivers/elan.c:389
(process:201965): libfprint-elan-DEBUG: 19:36:34.328: skipping read, not expecting anything
(process:201965): libfprint-elan-DEBUG: 19:36:34.328: 55268113117: ../libfprint/drivers/elan.c:345
(process:201965): libfprint-SSM-DEBUG: 19:36:34.328: [elan] STOP_CAPTURE_NUM_STATES completed successfully
(process:201965): libfprint-elan-DEBUG: 19:36:34.328: 55268113740: ../libfprint/drivers/elan.c:493
(process:201965): libfprint-device-DEBUG: 19:36:34.328: Device reported finger status change: FP_FINGER_STATUS_PRESENT -> FP_FINGER_STATUS_NONE
(process:201965): libfprint-image_device-DEBUG: 19:36:34.328: Image device reported finger status: off
(process:201965): libfprint-image_device-DEBUG: 19:36:34.329: Image device internal state change from FPI_IMAGE_DEVICE_STATE_AWAIT_FINGER_OFF to FPI_IMAGE_DEVICE_STATE_IDLE
(process:201965): libfprint-elan-DEBUG: 19:36:34.329: 55268113915: ../libfprint/drivers/elan.c:1000
(process:201965): libfprint-image_device-DEBUG: 19:36:34.329: Image device internal state change from FPI_IMAGE_DEVICE_STATE_IDLE to FPI_IMAGE_DEVICE_STATE_AWAIT_FINGER_ON
(process:201965): libfprint-elan-DEBUG: 19:36:34.329: 55268114019: ../libfprint/drivers/elan.c:1000
(process:201965): libfprint-elan-DEBUG: 19:36:34.329: 55268114057: ../libfprint/drivers/elan.c:832
(process:201965): libfprint-elan-DEBUG: 19:36:34.329: 55268114094: ../libfprint/drivers/elan.c:100
(process:201965): libfprint-SSM-DEBUG: 19:36:34.329: [elan] CALIBRATE_NUM_STATES entering state 0
(process:201965): libfprint-elan-DEBUG: 19:36:34.329: 55268114171: ../libfprint/drivers/elan.c:714
(process:201965): libfprint-device-DEBUG: 19:36:34.329: Device reported finger status change: FP_FINGER_STATUS_NONE -> FP_FINGER_STATUS_NEEDED
(process:201965): libfprint-elan-DEBUG: 19:36:34.329: 55268114367: ../libfprint/drivers/elan.c:356
(process:201965): libfprint-elan-DEBUG: 19:36:34.329: 55268114406: ../libfprint/drivers/elan.c:376
(process:201965): libfprint-elan-DEBUG: 19:36:34.329: 55268114443: ../libfprint/drivers/elan.c:389
(process:201965): libfprint-elan-DEBUG: 19:36:34.374: 55268158992: ../libfprint/drivers/elan.c:356
(process:201965): libfprint-elan-DEBUG: 19:36:34.374: 55268159167: ../libfprint/drivers/elan.c:345
(process:201965): libfprint-SSM-DEBUG: 19:36:34.374: [elan] CALIBRATE_NUM_STATES entering state 1
(process:201965): libfprint-elan-DEBUG: 19:36:34.374: 55268159296: ../libfprint/drivers/elan.c:714
(process:201965): libfprint-elan-DEBUG: 19:36:34.374: 55268159356: ../libfprint/drivers/elan.c:156
(process:201965): libfprint-elan-DEBUG: 19:36:34.374: 55268159421: ../libfprint/drivers/elan.c:118
(process:201965): libfprint-SSM-DEBUG: 19:36:34.374: [elan] CALIBRATE_NUM_STATES entering state 2
(process:201965): libfprint-elan-DEBUG: 19:36:34.374: 55268159566: ../libfprint/drivers/elan.c:714
(process:201965): libfprint-elan-DEBUG: 19:36:34.375: 55268160223: ../libfprint/drivers/elan.c:356
(process:201965): libfprint-elan-DEBUG: 19:36:34.375: 55268160296: ../libfprint/drivers/elan.c:376
(process:201965): libfprint-elan-DEBUG: 19:36:34.375: 55268160357: ../libfprint/drivers/elan.c:389
(process:201965): libfprint-elan-DEBUG: 19:36:34.375: 55268160642: ../libfprint/drivers/elan.c:356
(process:201965): libfprint-elan-DEBUG: 19:36:34.375: 55268160707: ../libfprint/drivers/elan.c:345
(process:201965): libfprint-SSM-DEBUG: 19:36:34.375: [elan] CALIBRATE_NUM_STATES entering state 3
(process:201965): libfprint-elan-DEBUG: 19:36:34.375: 55268160831: ../libfprint/drivers/elan.c:714
(process:201965): libfprint-elan-DEBUG: 19:36:34.376: 55268160892: ../libfprint/drivers/elan.c:657
(process:201965): libfprint-elan-DEBUG: 19:36:34.376: calibration mean: 8308, bg mean: 8522, delta: 214
(process:201965): libfprint-SSM-DEBUG: 19:36:34.376: [elan] CALIBRATE_NUM_STATES completed successfully
(process:201965): libfprint-elan-DEBUG: 19:36:34.376: 55268161142: ../libfprint/drivers/elan.c:816
(process:201965): libfprint-elan-DEBUG: 19:36:34.376: 55268161204: ../libfprint/drivers/elan.c:643
(process:201965): libfprint-elan-DEBUG: 19:36:34.376: 55268161265: ../libfprint/drivers/elan.c:100
(process:201965): libfprint-SSM-DEBUG: 19:36:34.376: [elan] CAPTURE_NUM_STATES entering state 0
(process:201965): libfprint-elan-DEBUG: 19:36:34.376: 55268161775: ../libfprint/drivers/elan.c:356
(process:201965): libfprint-elan-DEBUG: 19:36:34.377: 55268161842: ../libfprint/drivers/elan.c:376
(process:201965): libfprint-elan-DEBUG: 19:36:34.377: 55268161903: ../libfprint/drivers/elan.c:389
(process:201965): libfprint-elan-DEBUG: 19:36:34.377: skipping read, not expecting anything
(process:201965): libfprint-elan-DEBUG: 19:36:34.377: 55268162051: ../libfprint/drivers/elan.c:345
(process:201965): libfprint-SSM-DEBUG: 19:36:34.377: [elan] CAPTURE_NUM_STATES entering state 1
(process:201965): libfprint-elan-DEBUG: 19:36:34.377: 55268162454: ../libfprint/drivers/elan.c:356
(process:201965): libfprint-elan-DEBUG: 19:36:34.377: 55268162547: ../libfprint/drivers/elan.c:376
(process:201965): libfprint-elan-DEBUG: 19:36:34.377: 55268162612: ../libfprint/drivers/elan.c:389
(process:201965): libfprint-elan-DEBUG: 19:36:34.853: 55268638183: ../libfprint/drivers/elan.c:356
(process:201965): libfprint-elan-DEBUG: 19:36:34.853: 55268638369: ../libfprint/drivers/elan.c:345
(process:201965): libfprint-SSM-DEBUG: 19:36:34.853: [elan] CAPTURE_NUM_STATES entering state 2
(process:201965): libfprint-device-DEBUG: 19:36:34.853: Device reported finger status change: FP_FINGER_STATUS_NEEDED -> FP_FINGER_STATUS_NEEDED | FP_FINGER_STATUS_PRESENT
(process:201965): libfprint-image_device-DEBUG: 19:36:34.853: Image device reported finger status: on
(process:201965): libfprint-image_device-DEBUG: 19:36:34.853: Image device internal state change from FPI_IMAGE_DEVICE_STATE_AWAIT_FINGER_ON to FPI_IMAGE_DEVICE_STATE_CAPTURE
(process:201965): libfprint-elan-DEBUG: 19:36:34.853: 55268638738: ../libfprint/drivers/elan.c:1000
(process:201965): libfprint-elan-DEBUG: 19:36:34.854: 55268639088: ../libfprint/drivers/elan.c:356
(process:201965): libfprint-elan-DEBUG: 19:36:34.854: 55268639179: ../libfprint/drivers/elan.c:376
(process:201965): libfprint-elan-DEBUG: 19:36:34.854: 55268639244: ../libfprint/drivers/elan.c:389
(process:201965): libfprint-elan-DEBUG: 19:36:34.886: 55268671066: ../libfprint/drivers/elan.c:356
(process:201965): libfprint-elan-DEBUG: 19:36:34.886: 55268671213: ../libfprint/drivers/elan.c:345
(process:201965): libfprint-SSM-DEBUG: 19:36:34.886: [elan] CAPTURE_NUM_STATES entering state 3
(process:201965): libfprint-elan-DEBUG: 19:36:34.886: 55268671341: ../libfprint/drivers/elan.c:203
(process:201965): libfprint-elan-DEBUG: 19:36:34.886: 55268671402: ../libfprint/drivers/elan.c:118
(process:201965): libfprint-SSM-DEBUG: 19:36:34.886: [elan] CAPTURE_NUM_STATES entering state 1
(process:201965): libfprint-elan-DEBUG: 19:36:34.887: 55268671843: ../libfprint/drivers/elan.c:356
(process:201965): libfprint-elan-DEBUG: 19:36:34.887: 55268671936: ../libfprint/drivers/elan.c:376
(process:201965): libfprint-elan-DEBUG: 19:36:34.887: 55268671999: ../libfprint/drivers/elan.c:389
(process:201965): libfprint-elan-DEBUG: 19:36:34.930: 55268715293: ../libfprint/drivers/elan.c:356
(process:201965): libfprint-elan-DEBUG: 19:36:34.930: 55268715434: ../libfprint/drivers/elan.c:345
(process:201965): libfprint-SSM-DEBUG: 19:36:34.930: [elan] CAPTURE_NUM_STATES entering state 2
(process:201965): libfprint-image_device-DEBUG: 19:36:34.930: Image device reported finger status: on
(process:201965): libfprint-elan-DEBUG: 19:36:34.931: 55268715911: ../libfprint/drivers/elan.c:356
(process:201965): libfprint-elan-DEBUG: 19:36:34.931: 55268715985: ../libfprint/drivers/elan.c:376
(process:201965): libfprint-elan-DEBUG: 19:36:34.931: 55268716075: ../libfprint/drivers/elan.c:389
(process:201965): libfprint-elan-DEBUG: 19:36:34.962: 55268747707: ../libfprint/drivers/elan.c:356
(process:201965): libfprint-elan-DEBUG: 19:36:34.962: 55268747783: ../libfprint/drivers/elan.c:345
(process:201965): libfprint-SSM-DEBUG: 19:36:34.962: [elan] CAPTURE_NUM_STATES entering state 3
(process:201965): libfprint-elan-DEBUG: 19:36:34.962: 55268747831: ../libfprint/drivers/elan.c:203
(process:201965): libfprint-elan-DEBUG: 19:36:34.963: 55268747853: ../libfprint/drivers/elan.c:118
(process:201965): libfprint-SSM-DEBUG: 19:36:34.963: [elan] CAPTURE_NUM_STATES entering state 1
(process:201965): libfprint-elan-DEBUG: 19:36:34.963: 55268748131: ../libfprint/drivers/elan.c:356
(process:201965): libfprint-elan-DEBUG: 19:36:34.963: 55268748159: ../libfprint/drivers/elan.c:376
(process:201965): libfprint-elan-DEBUG: 19:36:34.963: 55268748180: ../libfprint/drivers/elan.c:389
(process:201965): libfprint-elan-DEBUG: 19:36:35.007: 55268791865: ../libfprint/drivers/elan.c:356
(process:201965): libfprint-elan-DEBUG: 19:36:35.007: 55268792030: ../libfprint/drivers/elan.c:345
(process:201965): libfprint-SSM-DEBUG: 19:36:35.007: [elan] CAPTURE_NUM_STATES entering state 2
(process:201965): libfprint-image_device-DEBUG: 19:36:35.007: Image device reported finger status: on
(process:201965): libfprint-elan-DEBUG: 19:36:35.007: 55268792536: ../libfprint/drivers/elan.c:356
(process:201965): libfprint-elan-DEBUG: 19:36:35.007: 55268792623: ../libfprint/drivers/elan.c:376
(process:201965): libfprint-elan-DEBUG: 19:36:35.007: 55268792687: ../libfprint/drivers/elan.c:389
(process:201965): libfprint-elan-DEBUG: 19:36:35.039: 55268824469: ../libfprint/drivers/elan.c:356
(process:201965): libfprint-elan-DEBUG: 19:36:35.039: 55268824616: ../libfprint/drivers/elan.c:345
(process:201965): libfprint-SSM-DEBUG: 19:36:35.039: [elan] CAPTURE_NUM_STATES entering state 3
(process:201965): libfprint-elan-DEBUG: 19:36:35.039: 55268824744: ../libfprint/drivers/elan.c:203
(process:201965): libfprint-elan-DEBUG: 19:36:35.039: 55268824807: ../libfprint/drivers/elan.c:118
(process:201965): libfprint-SSM-DEBUG: 19:36:35.040: [elan] CAPTURE_NUM_STATES entering state 1
(process:201965): libfprint-elan-DEBUG: 19:36:35.040: 55268825303: ../libfprint/drivers/elan.c:356
(process:201965): libfprint-elan-DEBUG: 19:36:35.040: 55268825374: ../libfprint/drivers/elan.c:376
(process:201965): libfprint-elan-DEBUG: 19:36:35.040: 55268825437: ../libfprint/drivers/elan.c:389
(process:201965): libfprint-elan-DEBUG: 19:36:35.083: 55268868480: ../libfprint/drivers/elan.c:356
(process:201965): libfprint-elan-DEBUG: 19:36:35.083: 55268868563: ../libfprint/drivers/elan.c:345
(process:201965): libfprint-SSM-DEBUG: 19:36:35.083: [elan] CAPTURE_NUM_STATES entering state 2
(process:201965): libfprint-image_device-DEBUG: 19:36:35.083: Image device reported finger status: on
(process:201965): libfprint-elan-DEBUG: 19:36:35.083: 55268868822: ../libfprint/drivers/elan.c:356
(process:201965): libfprint-elan-DEBUG: 19:36:35.084: 55268868854: ../libfprint/drivers/elan.c:376
(process:201965): libfprint-elan-DEBUG: 19:36:35.084: 55268868881: ../libfprint/drivers/elan.c:389
(process:201965): libfprint-elan-DEBUG: 19:36:35.116: 55268900833: ../libfprint/drivers/elan.c:356
(process:201965): libfprint-elan-DEBUG: 19:36:35.116: 55268900978: ../libfprint/drivers/elan.c:345
(process:201965): libfprint-SSM-DEBUG: 19:36:35.116: [elan] CAPTURE_NUM_STATES entering state 3
(process:201965): libfprint-elan-DEBUG: 19:36:35.116: 55268901136: ../libfprint/drivers/elan.c:203
(process:201965): libfprint-elan-DEBUG: 19:36:35.116: 55268901198: ../libfprint/drivers/elan.c:118
(process:201965): libfprint-SSM-DEBUG: 19:36:35.116: [elan] CAPTURE_NUM_STATES entering state 1
(process:201965): libfprint-elan-DEBUG: 19:36:35.116: 55268901782: ../libfprint/drivers/elan.c:356
(process:201965): libfprint-elan-DEBUG: 19:36:35.117: 55268901862: ../libfprint/drivers/elan.c:376
(process:201965): libfprint-elan-DEBUG: 19:36:35.117: 55268901925: ../libfprint/drivers/elan.c:389
(process:201965): libfprint-elan-DEBUG: 19:36:35.160: 55268945053: ../libfprint/drivers/elan.c:356
(process:201965): libfprint-elan-DEBUG: 19:36:35.160: 55268945131: ../libfprint/drivers/elan.c:345
(process:201965): libfprint-SSM-DEBUG: 19:36:35.160: [elan] CAPTURE_NUM_STATES entering state 2
(process:201965): libfprint-image_device-DEBUG: 19:36:35.160: Image device reported finger status: on
(process:201965): libfprint-elan-DEBUG: 19:36:35.160: 55268945355: ../libfprint/drivers/elan.c:356
(process:201965): libfprint-elan-DEBUG: 19:36:35.160: 55268945383: ../libfprint/drivers/elan.c:376
(process:201965): libfprint-elan-DEBUG: 19:36:35.161: 55268946062: ../libfprint/drivers/elan.c:389
(process:201965): libfprint-elan-DEBUG: 19:36:35.192: 55268977192: ../libfprint/drivers/elan.c:356
(process:201965): libfprint-elan-DEBUG: 19:36:35.192: 55268977263: ../libfprint/drivers/elan.c:345
(process:201965): libfprint-SSM-DEBUG: 19:36:35.192: [elan] CAPTURE_NUM_STATES entering state 3
(process:201965): libfprint-elan-DEBUG: 19:36:35.192: 55268977320: ../libfprint/drivers/elan.c:203
(process:201965): libfprint-elan-DEBUG: 19:36:35.192: 55268977346: ../libfprint/drivers/elan.c:118
(process:201965): libfprint-SSM-DEBUG: 19:36:35.192: [elan] CAPTURE_NUM_STATES entering state 1
(process:201965): libfprint-elan-DEBUG: 19:36:35.192: 55268977528: ../libfprint/drivers/elan.c:356
(process:201965): libfprint-elan-DEBUG: 19:36:35.192: 55268977559: ../libfprint/drivers/elan.c:376
(process:201965): libfprint-elan-DEBUG: 19:36:35.192: 55268977584: ../libfprint/drivers/elan.c:389
(process:201965): libfprint-elan-DEBUG: 19:36:35.236: 55269021036: ../libfprint/drivers/elan.c:356
(process:201965): libfprint-elan-DEBUG: 19:36:35.236: 55269021115: ../libfprint/drivers/elan.c:345
(process:201965): libfprint-SSM-DEBUG: 19:36:35.236: [elan] CAPTURE_NUM_STATES entering state 2
(process:201965): libfprint-image_device-DEBUG: 19:36:35.236: Image device reported finger status: on
(process:201965): libfprint-elan-DEBUG: 19:36:35.236: 55269021323: ../libfprint/drivers/elan.c:356
(process:201965): libfprint-elan-DEBUG: 19:36:35.236: 55269021410: ../libfprint/drivers/elan.c:376
(process:201965): libfprint-elan-DEBUG: 19:36:35.236: 55269021474: ../libfprint/drivers/elan.c:389
(process:201965): libfprint-elan-DEBUG: 19:36:35.268: 55269053259: ../libfprint/drivers/elan.c:356
(process:201965): libfprint-elan-DEBUG: 19:36:35.268: 55269053407: ../libfprint/drivers/elan.c:345
(process:201965): libfprint-SSM-DEBUG: 19:36:35.268: [elan] CAPTURE_NUM_STATES entering state 3
(process:201965): libfprint-elan-DEBUG: 19:36:35.268: 55269053536: ../libfprint/drivers/elan.c:203
(process:201965): libfprint-elan-DEBUG: 19:36:35.268: 55269053598: ../libfprint/drivers/elan.c:118
(process:201965): libfprint-SSM-DEBUG: 19:36:35.268: [elan] CAPTURE_NUM_STATES entering state 1
(process:201965): libfprint-elan-DEBUG: 19:36:35.269: 55269054162: ../libfprint/drivers/elan.c:356
(process:201965): libfprint-elan-DEBUG: 19:36:35.269: 55269054231: ../libfprint/drivers/elan.c:376
(process:201965): libfprint-elan-DEBUG: 19:36:35.269: 55269054291: ../libfprint/drivers/elan.c:389
(process:201965): libfprint-elan-DEBUG: 19:36:35.312: 55269097359: ../libfprint/drivers/elan.c:356
(process:201965): libfprint-elan-DEBUG: 19:36:35.312: 55269097457: ../libfprint/drivers/elan.c:345
(process:201965): libfprint-SSM-DEBUG: 19:36:35.312: [elan] CAPTURE_NUM_STATES entering state 2
(process:201965): libfprint-image_device-DEBUG: 19:36:35.312: Image device reported finger status: on
(process:201965): libfprint-elan-DEBUG: 19:36:35.312: 55269097723: ../libfprint/drivers/elan.c:356
(process:201965): libfprint-elan-DEBUG: 19:36:35.312: 55269097753: ../libfprint/drivers/elan.c:376
(process:201965): libfprint-elan-DEBUG: 19:36:35.312: 55269097809: ../libfprint/drivers/elan.c:389
(process:201965): libfprint-elan-DEBUG: 19:36:35.344: 55269129743: ../libfprint/drivers/elan.c:356
(process:201965): libfprint-elan-DEBUG: 19:36:35.344: 55269129830: ../libfprint/drivers/elan.c:345
(process:201965): libfprint-SSM-DEBUG: 19:36:35.345: [elan] CAPTURE_NUM_STATES entering state 3
(process:201965): libfprint-elan-DEBUG: 19:36:35.345: 55269129880: ../libfprint/drivers/elan.c:203
(process:201965): libfprint-elan-DEBUG: 19:36:35.345: 55269129904: ../libfprint/drivers/elan.c:118
(process:201965): libfprint-SSM-DEBUG: 19:36:35.345: [elan] CAPTURE_NUM_STATES entering state 1
(process:201965): libfprint-elan-DEBUG: 19:36:35.345: 55269130198: ../libfprint/drivers/elan.c:356
(process:201965): libfprint-elan-DEBUG: 19:36:35.345: 55269130269: ../libfprint/drivers/elan.c:376
(process:201965): libfprint-elan-DEBUG: 19:36:35.345: 55269130291: ../libfprint/drivers/elan.c:389
(process:201965): libfprint-elan-DEBUG: 19:36:35.388: 55269173429: ../libfprint/drivers/elan.c:356
(process:201965): libfprint-elan-DEBUG: 19:36:35.388: 55269173569: ../libfprint/drivers/elan.c:345
(process:201965): libfprint-SSM-DEBUG: 19:36:35.388: [elan] CAPTURE_NUM_STATES entering state 2
(process:201965): libfprint-SSM-DEBUG: 19:36:35.398: [elan] CAPTURE_NUM_STATES entering state 1
(process:201965): libfprint-elan-DEBUG: 19:36:35.399: 55269184156: ../libfprint/drivers/elan.c:356
(process:201965): libfprint-elan-DEBUG: 19:36:35.399: 55269184250: ../libfprint/drivers/elan.c:376
(process:201965): libfprint-elan-DEBUG: 19:36:35.399: 55269184314: ../libfprint/drivers/elan.c:389
(process:201965): libfprint-elan-DEBUG: 19:36:35.442: 55269227421: ../libfprint/drivers/elan.c:356
(process:201965): libfprint-elan-DEBUG: 19:36:35.442: 55269227521: ../libfprint/drivers/elan.c:345
(process:201965): libfprint-SSM-DEBUG: 19:36:35.442: [elan] CAPTURE_NUM_STATES entering state 2
(process:201965): libfprint-SSM-DEBUG: 19:36:35.452: [elan] CAPTURE_NUM_STATES entering state 1
(process:201965): libfprint-elan-DEBUG: 19:36:35.453: 55269238029: ../libfprint/drivers/elan.c:356
(process:201965): libfprint-elan-DEBUG: 19:36:35.453: 55269238059: ../libfprint/drivers/elan.c:376
(process:201965): libfprint-elan-DEBUG: 19:36:35.453: 55269238084: ../libfprint/drivers/elan.c:389
(process:201965): libfprint-elan-DEBUG: 19:36:35.496: 55269281432: ../libfprint/drivers/elan.c:356
(process:201965): libfprint-elan-DEBUG: 19:36:35.496: 55269281572: ../libfprint/drivers/elan.c:345
(process:201965): libfprint-SSM-DEBUG: 19:36:35.496: [elan] CAPTURE_NUM_STATES entering state 2
(process:201965): libfprint-SSM-DEBUG: 19:36:35.506: [elan] CAPTURE_NUM_STATES entering state 1
(process:201965): libfprint-elan-DEBUG: 19:36:35.507: 55269292044: ../libfprint/drivers/elan.c:356
(process:201965): libfprint-elan-DEBUG: 19:36:35.507: 55269292133: ../libfprint/drivers/elan.c:376
(process:201965): libfprint-elan-DEBUG: 19:36:35.507: 55269292197: ../libfprint/drivers/elan.c:389
(process:201965): libfprint-elan-DEBUG: 19:36:35.550: 55269335505: ../libfprint/drivers/elan.c:356
(process:201965): libfprint-elan-DEBUG: 19:36:35.550: 55269335564: ../libfprint/drivers/elan.c:345
(process:201965): libfprint-SSM-DEBUG: 19:36:35.550: [elan] CAPTURE_NUM_STATES entering state 2
(process:201965): libfprint-SSM-DEBUG: 19:36:35.560: [elan] CAPTURE_NUM_STATES entering state 1
(process:201965): libfprint-elan-DEBUG: 19:36:35.561: 55269346091: ../libfprint/drivers/elan.c:356
(process:201965): libfprint-elan-DEBUG: 19:36:35.561: 55269346125: ../libfprint/drivers/elan.c:376
(process:201965): libfprint-elan-DEBUG: 19:36:35.561: 55269346144: ../libfprint/drivers/elan.c:389
(process:201965): libfprint-elan-DEBUG: 19:36:35.604: 55269389428: ../libfprint/drivers/elan.c:356
(process:201965): libfprint-elan-DEBUG: 19:36:35.604: 55269389570: ../libfprint/drivers/elan.c:345
(process:201965): libfprint-SSM-DEBUG: 19:36:35.604: [elan] CAPTURE_NUM_STATES entering state 2
(process:201965): libfprint-SSM-DEBUG: 19:36:35.614: [elan] CAPTURE_NUM_STATES entering state 1
(process:201965): libfprint-elan-DEBUG: 19:36:35.615: 55269399965: ../libfprint/drivers/elan.c:356
(process:201965): libfprint-elan-DEBUG: 19:36:35.615: 55269400071: ../libfprint/drivers/elan.c:376
(process:201965): libfprint-elan-DEBUG: 19:36:35.615: 55269400135: ../libfprint/drivers/elan.c:389
(process:201965): libfprint-elan-DEBUG: 19:36:35.658: 55269442970: ../libfprint/drivers/elan.c:356
(process:201965): libfprint-elan-DEBUG: 19:36:35.658: 55269443038: ../libfprint/drivers/elan.c:345
(process:201965): libfprint-SSM-DEBUG: 19:36:35.658: [elan] CAPTURE_NUM_STATES entering state 2
(process:201965): libfprint-SSM-DEBUG: 19:36:35.668: [elan] CAPTURE_NUM_STATES entering state 1
(process:201965): libfprint-elan-DEBUG: 19:36:35.668: 55269453386: ../libfprint/drivers/elan.c:356
(process:201965): libfprint-elan-DEBUG: 19:36:35.668: 55269453409: ../libfprint/drivers/elan.c:376
(process:201965): libfprint-elan-DEBUG: 19:36:35.668: 55269453428: ../libfprint/drivers/elan.c:389
(process:201965): libfprint-elan-DEBUG: 19:36:35.712: 55269496852: ../libfprint/drivers/elan.c:356
(process:201965): libfprint-elan-DEBUG: 19:36:35.712: 55269496994: ../libfprint/drivers/elan.c:345
(process:201965): libfprint-SSM-DEBUG: 19:36:35.712: [elan] CAPTURE_NUM_STATES entering state 2
(process:201965): libfprint-SSM-DEBUG: 19:36:35.722: [elan] CAPTURE_NUM_STATES entering state 1
(process:201965): libfprint-elan-DEBUG: 19:36:35.722: 55269507343: ../libfprint/drivers/elan.c:356
(process:201965): libfprint-elan-DEBUG: 19:36:35.722: 55269507397: ../libfprint/drivers/elan.c:376
(process:201965): libfprint-elan-DEBUG: 19:36:35.722: 55269507423: ../libfprint/drivers/elan.c:389
(process:201965): libfprint-elan-DEBUG: 19:36:35.765: 55269550551: ../libfprint/drivers/elan.c:356
(process:201965): libfprint-elan-DEBUG: 19:36:35.765: 55269550608: ../libfprint/drivers/elan.c:345
(process:201965): libfprint-SSM-DEBUG: 19:36:35.765: [elan] CAPTURE_NUM_STATES entering state 2
(process:201965): libfprint-SSM-DEBUG: 19:36:35.775: [elan] CAPTURE_NUM_STATES entering state 1
(process:201965): libfprint-elan-DEBUG: 19:36:35.776: 55269561038: ../libfprint/drivers/elan.c:356
(process:201965): libfprint-elan-DEBUG: 19:36:35.776: 55269561064: ../libfprint/drivers/elan.c:376
(process:201965): libfprint-elan-DEBUG: 19:36:35.776: 55269561084: ../libfprint/drivers/elan.c:389
(process:201965): libfprint-elan-DEBUG: 19:36:35.820: 55269604906: ../libfprint/drivers/elan.c:356
(process:201965): libfprint-elan-DEBUG: 19:36:35.820: 55269605091: ../libfprint/drivers/elan.c:345
(process:201965): libfprint-SSM-DEBUG: 19:36:35.820: [elan] CAPTURE_NUM_STATES entering state 2
(process:201965): libfprint-SSM-DEBUG: 19:36:35.830: [elan] CAPTURE_NUM_STATES entering state 1
(process:201965): libfprint-elan-DEBUG: 19:36:35.830: 55269615644: ../libfprint/drivers/elan.c:356
(process:201965): libfprint-elan-DEBUG: 19:36:35.830: 55269615722: ../libfprint/drivers/elan.c:376
(process:201965): libfprint-elan-DEBUG: 19:36:35.830: 55269615785: ../libfprint/drivers/elan.c:389
(process:201965): libfprint-elan-DEBUG: 19:36:35.874: 55269658962: ../libfprint/drivers/elan.c:356
(process:201965): libfprint-elan-DEBUG: 19:36:35.874: 55269659044: ../libfprint/drivers/elan.c:345
(process:201965): libfprint-SSM-DEBUG: 19:36:35.874: [elan] CAPTURE_NUM_STATES entering state 2
(process:201965): libfprint-SSM-DEBUG: 19:36:35.884: [elan] CAPTURE_NUM_STATES entering state 1
(process:201965): libfprint-elan-DEBUG: 19:36:35.884: 55269669546: ../libfprint/drivers/elan.c:356
(process:201965): libfprint-elan-DEBUG: 19:36:35.884: 55269669570: ../libfprint/drivers/elan.c:376
(process:201965): libfprint-elan-DEBUG: 19:36:35.884: 55269669589: ../libfprint/drivers/elan.c:389
(process:201965): libfprint-elan-DEBUG: 19:36:35.928: 55269713040: ../libfprint/drivers/elan.c:356
(process:201965): libfprint-elan-DEBUG: 19:36:35.928: 55269713177: ../libfprint/drivers/elan.c:345
(process:201965): libfprint-SSM-DEBUG: 19:36:35.928: [elan] CAPTURE_NUM_STATES entering state 2
(process:201965): libfprint-SSM-DEBUG: 19:36:35.938: [elan] CAPTURE_NUM_STATES entering state 1
(process:201965): libfprint-elan-DEBUG: 19:36:35.938: 55269723528: ../libfprint/drivers/elan.c:356
(process:201965): libfprint-elan-DEBUG: 19:36:35.938: 55269723609: ../libfprint/drivers/elan.c:376
(process:201965): libfprint-elan-DEBUG: 19:36:35.938: 55269723762: ../libfprint/drivers/elan.c:389
(process:201965): libfprint-elan-DEBUG: 19:36:35.982: 55269766897: ../libfprint/drivers/elan.c:356
(process:201965): libfprint-elan-DEBUG: 19:36:35.982: 55269766979: ../libfprint/drivers/elan.c:345
(process:201965): libfprint-SSM-DEBUG: 19:36:35.982: [elan] CAPTURE_NUM_STATES entering state 2
(process:201965): libfprint-SSM-DEBUG: 19:36:35.992: [elan] CAPTURE_NUM_STATES entering state 1
(process:201965): libfprint-elan-DEBUG: 19:36:35.992: 55269777251: ../libfprint/drivers/elan.c:356
(process:201965): libfprint-elan-DEBUG: 19:36:35.992: 55269777279: ../libfprint/drivers/elan.c:376
(process:201965): libfprint-elan-DEBUG: 19:36:35.992: 55269777298: ../libfprint/drivers/elan.c:389
(process:201965): libfprint-elan-DEBUG: 19:36:36.035: 55269820539: ../libfprint/drivers/elan.c:356
(process:201965): libfprint-elan-DEBUG: 19:36:36.035: 55269820628: ../libfprint/drivers/elan.c:345
(process:201965): libfprint-SSM-DEBUG: 19:36:36.035: [elan] CAPTURE_NUM_STATES entering state 2
(process:201965): libfprint-SSM-DEBUG: 19:36:36.045: [elan] CAPTURE_NUM_STATES entering state 1
(process:201965): libfprint-elan-DEBUG: 19:36:36.046: 55269831229: ../libfprint/drivers/elan.c:356
(process:201965): libfprint-elan-DEBUG: 19:36:36.046: 55269831307: ../libfprint/drivers/elan.c:376
(process:201965): libfprint-elan-DEBUG: 19:36:36.046: 55269831369: ../libfprint/drivers/elan.c:389
(process:201965): libfprint-elan-DEBUG: 19:36:36.089: 55269874629: ../libfprint/drivers/elan.c:356
(process:201965): libfprint-elan-DEBUG: 19:36:36.089: 55269874711: ../libfprint/drivers/elan.c:345
(process:201965): libfprint-SSM-DEBUG: 19:36:36.089: [elan] CAPTURE_NUM_STATES entering state 2
(process:201965): libfprint-SSM-DEBUG: 19:36:36.100: [elan] CAPTURE_NUM_STATES entering state 1
(process:201965): libfprint-elan-DEBUG: 19:36:36.100: 55269885240: ../libfprint/drivers/elan.c:356
(process:201965): libfprint-elan-DEBUG: 19:36:36.100: 55269885304: ../libfprint/drivers/elan.c:376
(process:201965): libfprint-elan-DEBUG: 19:36:36.100: 55269885326: ../libfprint/drivers/elan.c:389
(process:201965): libfprint-elan-DEBUG: 19:36:36.143: 55269928718: ../libfprint/drivers/elan.c:356
(process:201965): libfprint-elan-DEBUG: 19:36:36.144: 55269928862: ../libfprint/drivers/elan.c:345
(process:201965): libfprint-SSM-DEBUG: 19:36:36.144: [elan] CAPTURE_NUM_STATES entering state 2
(process:201965): libfprint-SSM-DEBUG: 19:36:36.154: [elan] CAPTURE_NUM_STATES entering state 1
(process:201965): libfprint-elan-DEBUG: 19:36:36.154: 55269939428: ../libfprint/drivers/elan.c:356
(process:201965): libfprint-elan-DEBUG: 19:36:36.154: 55269939530: ../libfprint/drivers/elan.c:376
(process:201965): libfprint-elan-DEBUG: 19:36:36.154: 55269939595: ../libfprint/drivers/elan.c:389
(process:201965): libfprint-elan-DEBUG: 19:36:36.197: 55269982482: ../libfprint/drivers/elan.c:356
(process:201965): libfprint-elan-DEBUG: 19:36:36.197: 55269982548: ../libfprint/drivers/elan.c:345
(process:201965): libfprint-SSM-DEBUG: 19:36:36.197: [elan] CAPTURE_NUM_STATES entering state 2
(process:201965): libfprint-SSM-DEBUG: 19:36:36.207: [elan] CAPTURE_NUM_STATES entering state 1
(process:201965): libfprint-elan-DEBUG: 19:36:36.207: 55269992819: ../libfprint/drivers/elan.c:356
(process:201965): libfprint-elan-DEBUG: 19:36:36.207: 55269992841: ../libfprint/drivers/elan.c:376
(process:201965): libfprint-elan-DEBUG: 19:36:36.208: 55269992860: ../libfprint/drivers/elan.c:389
(process:201965): libfprint-elan-DEBUG: 19:36:36.251: 55270036292: ../libfprint/drivers/elan.c:356
(process:201965): libfprint-elan-DEBUG: 19:36:36.251: 55270036389: ../libfprint/drivers/elan.c:345
(process:201965): libfprint-SSM-DEBUG: 19:36:36.251: [elan] CAPTURE_NUM_STATES entering state 2
(process:201965): libfprint-SSM-DEBUG: 19:36:36.261: [elan] CAPTURE_NUM_STATES entering state 1
(process:201965): libfprint-elan-DEBUG: 19:36:36.262: 55270046881: ../libfprint/drivers/elan.c:356
(process:201965): libfprint-elan-DEBUG: 19:36:36.262: 55270046968: ../libfprint/drivers/elan.c:376
(process:201965): libfprint-elan-DEBUG: 19:36:36.262: 55270047056: ../libfprint/drivers/elan.c:389
(process:201965): libfprint-elan-DEBUG: 19:36:36.305: 55270089943: ../libfprint/drivers/elan.c:356
(process:201965): libfprint-elan-DEBUG: 19:36:36.305: 55270090016: ../libfprint/drivers/elan.c:345
(process:201965): libfprint-SSM-DEBUG: 19:36:36.305: [elan] CAPTURE_NUM_STATES entering state 2
(process:201965): libfprint-SSM-DEBUG: 19:36:36.315: [elan] CAPTURE_NUM_STATES entering state 1
(process:201965): libfprint-elan-DEBUG: 19:36:36.315: 55270100302: ../libfprint/drivers/elan.c:356
(process:201965): libfprint-elan-DEBUG: 19:36:36.315: 55270100339: ../libfprint/drivers/elan.c:376
(process:201965): libfprint-elan-DEBUG: 19:36:36.315: 55270100360: ../libfprint/drivers/elan.c:389
(process:201965): libfprint-elan-DEBUG: 19:36:36.359: 55270144222: ../libfprint/drivers/elan.c:356
(process:201965): libfprint-elan-DEBUG: 19:36:36.359: 55270144364: ../libfprint/drivers/elan.c:345
(process:201965): libfprint-SSM-DEBUG: 19:36:36.359: [elan] CAPTURE_NUM_STATES entering state 2
(process:201965): libfprint-SSM-DEBUG: 19:36:36.369: [elan] CAPTURE_NUM_STATES entering state 1
(process:201965): libfprint-elan-DEBUG: 19:36:36.369: 55270154794: ../libfprint/drivers/elan.c:356
(process:201965): libfprint-elan-DEBUG: 19:36:36.369: 55270154826: ../libfprint/drivers/elan.c:376
(process:201965): libfprint-elan-DEBUG: 19:36:36.369: 55270154845: ../libfprint/drivers/elan.c:389
(process:201965): libfprint-elan-DEBUG: 19:36:36.413: 55270198121: ../libfprint/drivers/elan.c:356
(process:201965): libfprint-elan-DEBUG: 19:36:36.413: 55270198185: ../libfprint/drivers/elan.c:345
(process:201965): libfprint-SSM-DEBUG: 19:36:36.413: [elan] CAPTURE_NUM_STATES entering state 2
(process:201965): libfprint-SSM-DEBUG: 19:36:36.423: [elan] CAPTURE_NUM_STATES entering state 1
(process:201965): libfprint-elan-DEBUG: 19:36:36.423: 55270208574: ../libfprint/drivers/elan.c:356
(process:201965): libfprint-elan-DEBUG: 19:36:36.423: 55270208600: ../libfprint/drivers/elan.c:376
(process:201965): libfprint-elan-DEBUG: 19:36:36.423: 55270208619: ../libfprint/drivers/elan.c:389
(process:201965): libfprint-elan-DEBUG: 19:36:36.467: 55270252068: ../libfprint/drivers/elan.c:356
(process:201965): libfprint-elan-DEBUG: 19:36:36.467: 55270252208: ../libfprint/drivers/elan.c:345
(process:201965): libfprint-SSM-DEBUG: 19:36:36.467: [elan] CAPTURE_NUM_STATES entering state 2
(process:201965): libfprint-SSM-DEBUG: 19:36:36.477: [elan] CAPTURE_NUM_STATES entering state 1
(process:201965): libfprint-elan-DEBUG: 19:36:36.477: 55270262808: ../libfprint/drivers/elan.c:356
(process:201965): libfprint-elan-DEBUG: 19:36:36.478: 55270262902: ../libfprint/drivers/elan.c:376
(process:201965): libfprint-elan-DEBUG: 19:36:36.478: 55270262967: ../libfprint/drivers/elan.c:389
(process:201965): libfprint-elan-DEBUG: 19:36:36.520: 55270305750: ../libfprint/drivers/elan.c:356
(process:201965): libfprint-elan-DEBUG: 19:36:36.520: 55270305810: ../libfprint/drivers/elan.c:345
(process:201965): libfprint-SSM-DEBUG: 19:36:36.520: [elan] CAPTURE_NUM_STATES entering state 2
(process:201965): libfprint-SSM-DEBUG: 19:36:36.531: [elan] CAPTURE_NUM_STATES entering state 1
(process:201965): libfprint-elan-DEBUG: 19:36:36.531: 55270316561: ../libfprint/drivers/elan.c:356
(process:201965): libfprint-elan-DEBUG: 19:36:36.531: 55270316592: ../libfprint/drivers/elan.c:376
(process:201965): libfprint-elan-DEBUG: 19:36:36.531: 55270316618: ../libfprint/drivers/elan.c:389
(process:201965): libfprint-elan-DEBUG: 19:36:36.575: 55270359817: ../libfprint/drivers/elan.c:356
(process:201965): libfprint-elan-DEBUG: 19:36:36.575: 55270359914: ../libfprint/drivers/elan.c:345
(process:201965): libfprint-SSM-DEBUG: 19:36:36.575: [elan] CAPTURE_NUM_STATES entering state 2
(process:201965): libfprint-SSM-DEBUG: 19:36:36.585: [elan] CAPTURE_NUM_STATES entering state 1
(process:201965): libfprint-elan-DEBUG: 19:36:36.585: 55270370671: ../libfprint/drivers/elan.c:356
(process:201965): libfprint-elan-DEBUG: 19:36:36.585: 55270370748: ../libfprint/drivers/elan.c:376
(process:201965): libfprint-elan-DEBUG: 19:36:36.585: 55270370810: ../libfprint/drivers/elan.c:389
(process:201965): libfprint-elan-DEBUG: 19:36:36.629: 55270413992: ../libfprint/drivers/elan.c:356
(process:201965): libfprint-elan-DEBUG: 19:36:36.629: 55270414061: ../libfprint/drivers/elan.c:345
(process:201965): libfprint-SSM-DEBUG: 19:36:36.629: [elan] CAPTURE_NUM_STATES entering state 2
(process:201965): libfprint-SSM-DEBUG: 19:36:36.639: [elan] CAPTURE_NUM_STATES entering state 1
(process:201965): libfprint-elan-DEBUG: 19:36:36.639: 55270424458: ../libfprint/drivers/elan.c:356
(process:201965): libfprint-elan-DEBUG: 19:36:36.639: 55270424497: ../libfprint/drivers/elan.c:376
(process:201965): libfprint-elan-DEBUG: 19:36:36.639: 55270424524: ../libfprint/drivers/elan.c:389
(process:201965): libfprint-elan-DEBUG: 19:36:36.683: 55270467887: ../libfprint/drivers/elan.c:356
(process:201965): libfprint-elan-DEBUG: 19:36:36.683: 55270468093: ../libfprint/drivers/elan.c:345
(process:201965): libfprint-SSM-DEBUG: 19:36:36.683: [elan] CAPTURE_NUM_STATES entering state 2
(process:201965): libfprint-SSM-DEBUG: 19:36:36.693: [elan] CAPTURE_NUM_STATES entering state 1
(process:201965): libfprint-elan-DEBUG: 19:36:36.693: 55270478588: ../libfprint/drivers/elan.c:356
(process:201965): libfprint-elan-DEBUG: 19:36:36.693: 55270478679: ../libfprint/drivers/elan.c:376
(process:201965): libfprint-elan-DEBUG: 19:36:36.693: 55270478785: ../libfprint/drivers/elan.c:389
(process:201965): libfprint-elan-DEBUG: 19:36:36.737: 55270522023: ../libfprint/drivers/elan.c:356
(process:201965): libfprint-elan-DEBUG: 19:36:36.737: 55270522092: ../libfprint/drivers/elan.c:345
(process:201965): libfprint-SSM-DEBUG: 19:36:36.737: [elan] CAPTURE_NUM_STATES entering state 2
(process:201965): libfprint-SSM-DEBUG: 19:36:36.747: [elan] CAPTURE_NUM_STATES entering state 1
(process:201965): libfprint-elan-DEBUG: 19:36:36.747: 55270532319: ../libfprint/drivers/elan.c:356
(process:201965): libfprint-elan-DEBUG: 19:36:36.747: 55270532342: ../libfprint/drivers/elan.c:376
(process:201965): libfprint-elan-DEBUG: 19:36:36.747: 55270532362: ../libfprint/drivers/elan.c:389
(process:201965): libfprint-elan-DEBUG: 19:36:36.790: 55270575577: ../libfprint/drivers/elan.c:356
(process:201965): libfprint-elan-DEBUG: 19:36:36.790: 55270575658: ../libfprint/drivers/elan.c:345
(process:201965): libfprint-SSM-DEBUG: 19:36:36.790: [elan] CAPTURE_NUM_STATES entering state 2
(process:201965): libfprint-SSM-DEBUG: 19:36:36.801: [elan] CAPTURE_NUM_STATES entering state 1
(process:201965): libfprint-elan-DEBUG: 19:36:36.801: 55270586160: ../libfprint/drivers/elan.c:356
(process:201965): libfprint-elan-DEBUG: 19:36:36.801: 55270586191: ../libfprint/drivers/elan.c:376
(process:201965): libfprint-elan-DEBUG: 19:36:36.801: 55270586214: ../libfprint/drivers/elan.c:389
(process:201965): libfprint-elan-DEBUG: 19:36:36.844: 55270629528: ../libfprint/drivers/elan.c:356
(process:201965): libfprint-elan-DEBUG: 19:36:36.844: 55270629596: ../libfprint/drivers/elan.c:345
(process:201965): libfprint-SSM-DEBUG: 19:36:36.844: [elan] CAPTURE_NUM_STATES entering state 2
(process:201965): libfprint-SSM-DEBUG: 19:36:36.854: [elan] CAPTURE_NUM_STATES entering state 1
(process:201965): libfprint-elan-DEBUG: 19:36:36.855: 55270640124: ../libfprint/drivers/elan.c:356
(process:201965): libfprint-elan-DEBUG: 19:36:36.855: 55270640151: ../libfprint/drivers/elan.c:376
(process:201965): libfprint-elan-DEBUG: 19:36:36.855: 55270640173: ../libfprint/drivers/elan.c:389
(process:201965): libfprint-elan-DEBUG: 19:36:36.899: 55270684057: ../libfprint/drivers/elan.c:356
(process:201965): libfprint-elan-DEBUG: 19:36:36.899: 55270684294: ../libfprint/drivers/elan.c:345
(process:201965): libfprint-SSM-DEBUG: 19:36:36.899: [elan] CAPTURE_NUM_STATES entering state 2
(process:201965): libfprint-SSM-DEBUG: 19:36:36.909: [elan] CAPTURE_NUM_STATES entering state 1
(process:201965): libfprint-elan-DEBUG: 19:36:36.909: 55270694556: ../libfprint/drivers/elan.c:356
(process:201965): libfprint-elan-DEBUG: 19:36:36.909: 55270694638: ../libfprint/drivers/elan.c:376
(process:201965): libfprint-elan-DEBUG: 19:36:36.909: 55270694700: ../libfprint/drivers/elan.c:389
(process:201965): libfprint-elan-DEBUG: 19:36:36.952: 55270737598: ../libfprint/drivers/elan.c:356
(process:201965): libfprint-elan-DEBUG: 19:36:36.952: 55270737653: ../libfprint/drivers/elan.c:345
(process:201965): libfprint-SSM-DEBUG: 19:36:36.952: [elan] CAPTURE_NUM_STATES entering state 2
(process:201965): libfprint-SSM-DEBUG: 19:36:36.963: [elan] CAPTURE_NUM_STATES entering state 1
(process:201965): libfprint-elan-DEBUG: 19:36:36.963: 55270748154: ../libfprint/drivers/elan.c:356
(process:201965): libfprint-elan-DEBUG: 19:36:36.963: 55270748185: ../libfprint/drivers/elan.c:376
(process:201965): libfprint-elan-DEBUG: 19:36:36.963: 55270748208: ../libfprint/drivers/elan.c:389
(process:201965): libfprint-elan-DEBUG: 19:36:37.006: 55270791507: ../libfprint/drivers/elan.c:356
(process:201965): libfprint-elan-DEBUG: 19:36:37.006: 55270791652: ../libfprint/drivers/elan.c:345
(process:201965): libfprint-SSM-DEBUG: 19:36:37.006: [elan] CAPTURE_NUM_STATES entering state 2
(process:201965): libfprint-SSM-DEBUG: 19:36:37.016: [elan] CAPTURE_NUM_STATES entering state 1
(process:201965): libfprint-elan-DEBUG: 19:36:37.016: 55270801812: ../libfprint/drivers/elan.c:356
(process:201965): libfprint-elan-DEBUG: 19:36:37.017: 55270801852: ../libfprint/drivers/elan.c:376
(process:201965): libfprint-elan-DEBUG: 19:36:37.017: 55270801871: ../libfprint/drivers/elan.c:389
(process:201965): libfprint-elan-DEBUG: 19:36:37.060: 55270844994: ../libfprint/drivers/elan.c:356
(process:201965): libfprint-elan-DEBUG: 19:36:37.060: 55270845065: ../libfprint/drivers/elan.c:345
(process:201965): libfprint-SSM-DEBUG: 19:36:37.060: [elan] CAPTURE_NUM_STATES entering state 2
(process:201965): libfprint-SSM-DEBUG: 19:36:37.070: [elan] CAPTURE_NUM_STATES entering state 1
(process:201965): libfprint-elan-DEBUG: 19:36:37.070: 55270855489: ../libfprint/drivers/elan.c:356
(process:201965): libfprint-elan-DEBUG: 19:36:37.070: 55270855515: ../libfprint/drivers/elan.c:376
(process:201965): libfprint-elan-DEBUG: 19:36:37.070: 55270855535: ../libfprint/drivers/elan.c:389
(process:201965): libfprint-elan-DEBUG: 19:36:37.113: 55270898719: ../libfprint/drivers/elan.c:356
(process:201965): libfprint-elan-DEBUG: 19:36:37.114: 55270898846: ../libfprint/drivers/elan.c:345
(process:201965): libfprint-SSM-DEBUG: 19:36:37.114: [elan] CAPTURE_NUM_STATES entering state 2
(process:201965): libfprint-SSM-DEBUG: 19:36:37.124: [elan] CAPTURE_NUM_STATES entering state 1
(process:201965): libfprint-elan-DEBUG: 19:36:37.124: 55270909494: ../libfprint/drivers/elan.c:356
(process:201965): libfprint-elan-DEBUG: 19:36:37.124: 55270909575: ../libfprint/drivers/elan.c:376
(process:201965): libfprint-elan-DEBUG: 19:36:37.124: 55270909639: ../libfprint/drivers/elan.c:389
(process:201965): libfprint-elan-DEBUG: 19:36:37.168: 55270952839: ../libfprint/drivers/elan.c:356
(process:201965): libfprint-elan-DEBUG: 19:36:37.168: 55270952896: ../libfprint/drivers/elan.c:345
(process:201965): libfprint-SSM-DEBUG: 19:36:37.168: [elan] CAPTURE_NUM_STATES entering state 2
(process:201965): libfprint-SSM-DEBUG: 19:36:37.178: [elan] CAPTURE_NUM_STATES entering state 1
(process:201965): libfprint-elan-DEBUG: 19:36:37.178: 55270963408: ../libfprint/drivers/elan.c:356
(process:201965): libfprint-elan-DEBUG: 19:36:37.178: 55270963444: ../libfprint/drivers/elan.c:376
(process:201965): libfprint-elan-DEBUG: 19:36:37.178: 55270963491: ../libfprint/drivers/elan.c:389
(process:201965): libfprint-elan-DEBUG: 19:36:37.222: 55271006835: ../libfprint/drivers/elan.c:356
(process:201965): libfprint-elan-DEBUG: 19:36:37.222: 55271006978: ../libfprint/drivers/elan.c:345
(process:201965): libfprint-SSM-DEBUG: 19:36:37.222: [elan] CAPTURE_NUM_STATES entering state 2
(process:201965): libfprint-SSM-DEBUG: 19:36:37.232: [elan] CAPTURE_NUM_STATES entering state 1
(process:201965): libfprint-elan-DEBUG: 19:36:37.232: 55271017575: ../libfprint/drivers/elan.c:356
(process:201965): libfprint-elan-DEBUG: 19:36:37.232: 55271017654: ../libfprint/drivers/elan.c:376
(process:201965): libfprint-elan-DEBUG: 19:36:37.232: 55271017718: ../libfprint/drivers/elan.c:389
(process:201965): libfprint-elan-DEBUG: 19:36:37.276: 55271060931: ../libfprint/drivers/elan.c:356
(process:201965): libfprint-elan-DEBUG: 19:36:37.276: 55271060999: ../libfprint/drivers/elan.c:345
(process:201965): libfprint-SSM-DEBUG: 19:36:37.276: [elan] CAPTURE_NUM_STATES entering state 2
(process:201965): libfprint-SSM-DEBUG: 19:36:37.286: [elan] CAPTURE_NUM_STATES entering state 1
(process:201965): libfprint-elan-DEBUG: 19:36:37.286: 55271071494: ../libfprint/drivers/elan.c:356
(process:201965): libfprint-elan-DEBUG: 19:36:37.286: 55271071521: ../libfprint/drivers/elan.c:376
(process:201965): libfprint-elan-DEBUG: 19:36:37.286: 55271071541: ../libfprint/drivers/elan.c:389
(process:201965): libfprint-elan-DEBUG: 19:36:37.330: 55271114865: ../libfprint/drivers/elan.c:356
(process:201965): libfprint-elan-DEBUG: 19:36:37.330: 55271115042: ../libfprint/drivers/elan.c:345
(process:201965): libfprint-SSM-DEBUG: 19:36:37.330: [elan] CAPTURE_NUM_STATES entering state 2
(process:201965): libfprint-SSM-DEBUG: 19:36:37.340: [elan] CAPTURE_NUM_STATES entering state 1
(process:201965): libfprint-elan-DEBUG: 19:36:37.340: 55271125610: ../libfprint/drivers/elan.c:356
(process:201965): libfprint-elan-DEBUG: 19:36:37.341: 55271125693: ../libfprint/drivers/elan.c:376
(process:201965): libfprint-elan-DEBUG: 19:36:37.341: 55271125955: ../libfprint/drivers/elan.c:389
(process:201965): libfprint-elan-DEBUG: 19:36:37.383: 55271168788: ../libfprint/drivers/elan.c:356
(process:201965): libfprint-elan-DEBUG: 19:36:37.384: 55271168962: ../libfprint/drivers/elan.c:345
(process:201965): libfprint-SSM-DEBUG: 19:36:37.384: [elan] CAPTURE_NUM_STATES entering state 2
(process:201965): libfprint-SSM-DEBUG: 19:36:37.394: [elan] CAPTURE_NUM_STATES entering state 1
(process:201965): libfprint-elan-DEBUG: 19:36:37.394: 55271179414: ../libfprint/drivers/elan.c:356
(process:201965): libfprint-elan-DEBUG: 19:36:37.394: 55271179440: ../libfprint/drivers/elan.c:376
(process:201965): libfprint-elan-DEBUG: 19:36:37.394: 55271179459: ../libfprint/drivers/elan.c:389
(process:201965): libfprint-elan-DEBUG: 19:36:37.438: 55271223312: ../libfprint/drivers/elan.c:356
(process:201965): libfprint-elan-DEBUG: 19:36:37.438: 55271223455: ../libfprint/drivers/elan.c:345
(process:201965): libfprint-SSM-DEBUG: 19:36:37.438: [elan] CAPTURE_NUM_STATES entering state 2
(process:201965): libfprint-SSM-DEBUG: 19:36:37.448: [elan] CAPTURE_NUM_STATES entering state 1
(process:201965): libfprint-elan-DEBUG: 19:36:37.449: 55271234078: ../libfprint/drivers/elan.c:356
(process:201965): libfprint-elan-DEBUG: 19:36:37.449: 55271234158: ../libfprint/drivers/elan.c:376
(process:201965): libfprint-elan-DEBUG: 19:36:37.449: 55271234221: ../libfprint/drivers/elan.c:389
(process:201965): libfprint-elan-DEBUG: 19:36:37.492: 55271277033: ../libfprint/drivers/elan.c:356
(process:201965): libfprint-elan-DEBUG: 19:36:37.492: 55271277103: ../libfprint/drivers/elan.c:345
(process:201965): libfprint-SSM-DEBUG: 19:36:37.492: [elan] CAPTURE_NUM_STATES entering state 2
(process:201965): libfprint-SSM-DEBUG: 19:36:37.502: [elan] CAPTURE_NUM_STATES entering state 1
(process:201965): libfprint-elan-DEBUG: 19:36:37.502: 55271287581: ../libfprint/drivers/elan.c:356
(process:201965): libfprint-elan-DEBUG: 19:36:37.502: 55271287606: ../libfprint/drivers/elan.c:376
(process:201965): libfprint-elan-DEBUG: 19:36:37.502: 55271287625: ../libfprint/drivers/elan.c:389
(process:201965): libfprint-elan-DEBUG: 19:36:37.546: 55271331086: ../libfprint/drivers/elan.c:356
(process:201965): libfprint-elan-DEBUG: 19:36:37.546: 55271331224: ../libfprint/drivers/elan.c:345
(process:201965): libfprint-SSM-DEBUG: 19:36:37.546: [elan] CAPTURE_NUM_STATES entering state 2
(process:201965): libfprint-SSM-DEBUG: 19:36:37.556: [elan] CAPTURE_NUM_STATES entering state 1
(process:201965): libfprint-elan-DEBUG: 19:36:37.556: 55271341729: ../libfprint/drivers/elan.c:356
(process:201965): libfprint-elan-DEBUG: 19:36:37.557: 55271341942: ../libfprint/drivers/elan.c:376
(process:201965): libfprint-elan-DEBUG: 19:36:37.557: 55271342027: ../libfprint/drivers/elan.c:389
(process:201965): libfprint-elan-DEBUG: 19:36:37.600: 55271384920: ../libfprint/drivers/elan.c:356
(process:201965): libfprint-elan-DEBUG: 19:36:37.600: 55271384982: ../libfprint/drivers/elan.c:345
(process:201965): libfprint-SSM-DEBUG: 19:36:37.600: [elan] CAPTURE_NUM_STATES entering state 2
(process:201965): libfprint-SSM-DEBUG: 19:36:37.610: [elan] CAPTURE_NUM_STATES entering state 1
(process:201965): libfprint-elan-DEBUG: 19:36:37.610: 55271395539: ../libfprint/drivers/elan.c:356
(process:201965): libfprint-elan-DEBUG: 19:36:37.610: 55271395570: ../libfprint/drivers/elan.c:376
(process:201965): libfprint-elan-DEBUG: 19:36:37.610: 55271395590: ../libfprint/drivers/elan.c:389
(process:201965): libfprint-elan-DEBUG: 19:36:37.654: 55271439092: ../libfprint/drivers/elan.c:356
(process:201965): libfprint-elan-DEBUG: 19:36:37.654: 55271439230: ../libfprint/drivers/elan.c:345
(process:201965): libfprint-SSM-DEBUG: 19:36:37.654: [elan] CAPTURE_NUM_STATES entering state 2
(process:201965): libfprint-SSM-DEBUG: 19:36:37.664: [elan] CAPTURE_NUM_STATES entering state 1
(process:201965): libfprint-elan-DEBUG: 19:36:37.664: 55271449677: ../libfprint/drivers/elan.c:356
(process:201965): libfprint-elan-DEBUG: 19:36:37.664: 55271449754: ../libfprint/drivers/elan.c:376
(process:201965): libfprint-elan-DEBUG: 19:36:37.664: 55271449815: ../libfprint/drivers/elan.c:389
(process:201965): libfprint-elan-DEBUG: 19:36:37.708: 55271493133: ../libfprint/drivers/elan.c:356
(process:201965): libfprint-elan-DEBUG: 19:36:37.708: 55271493246: ../libfprint/drivers/elan.c:345
(process:201965): libfprint-SSM-DEBUG: 19:36:37.708: [elan] CAPTURE_NUM_STATES entering state 2
(process:201965): libfprint-SSM-DEBUG: 19:36:37.718: [elan] CAPTURE_NUM_STATES entering state 1
(process:201965): libfprint-elan-DEBUG: 19:36:37.718: 55271503545: ../libfprint/drivers/elan.c:356
(process:201965): libfprint-elan-DEBUG: 19:36:37.718: 55271503612: ../libfprint/drivers/elan.c:376
(process:201965): libfprint-elan-DEBUG: 19:36:37.718: 55271503633: ../libfprint/drivers/elan.c:389
(process:201965): libfprint-elan-DEBUG: 19:36:37.762: 55271546878: ../libfprint/drivers/elan.c:356
(process:201965): libfprint-elan-DEBUG: 19:36:37.762: 55271547036: ../libfprint/drivers/elan.c:345
(process:201965): libfprint-SSM-DEBUG: 19:36:37.762: [elan] CAPTURE_NUM_STATES entering state 2
(process:201965): libfprint-SSM-DEBUG: 19:36:37.772: [elan] CAPTURE_NUM_STATES entering state 1
(process:201965): libfprint-elan-DEBUG: 19:36:37.772: 55271557454: ../libfprint/drivers/elan.c:356
(process:201965): libfprint-elan-DEBUG: 19:36:37.772: 55271557547: ../libfprint/drivers/elan.c:376
(process:201965): libfprint-elan-DEBUG: 19:36:37.772: 55271557611: ../libfprint/drivers/elan.c:389
(process:201965): libfprint-elan-DEBUG: 19:36:37.816: 55271601033: ../libfprint/drivers/elan.c:356
(process:201965): libfprint-elan-DEBUG: 19:36:37.816: 55271601097: ../libfprint/drivers/elan.c:345
(process:201965): libfprint-SSM-DEBUG: 19:36:37.816: [elan] CAPTURE_NUM_STATES entering state 2
(process:201965): libfprint-SSM-DEBUG: 19:36:37.826: [elan] CAPTURE_NUM_STATES entering state 1
(process:201965): libfprint-elan-DEBUG: 19:36:37.826: 55271611580: ../libfprint/drivers/elan.c:356
(process:201965): libfprint-elan-DEBUG: 19:36:37.826: 55271611604: ../libfprint/drivers/elan.c:376
(process:201965): libfprint-elan-DEBUG: 19:36:37.826: 55271611623: ../libfprint/drivers/elan.c:389
(process:201965): libfprint-elan-DEBUG: 19:36:37.870: 55271654889: ../libfprint/drivers/elan.c:356
(process:201965): libfprint-elan-DEBUG: 19:36:37.870: 55271655062: ../libfprint/drivers/elan.c:345
(process:201965): libfprint-SSM-DEBUG: 19:36:37.870: [elan] CAPTURE_NUM_STATES entering state 2
(process:201965): libfprint-SSM-DEBUG: 19:36:37.880: [elan] CAPTURE_NUM_STATES entering state 1
(process:201965): libfprint-elan-DEBUG: 19:36:37.880: 55271665599: ../libfprint/drivers/elan.c:356
(process:201965): libfprint-elan-DEBUG: 19:36:37.880: 55271665683: ../libfprint/drivers/elan.c:376
(process:201965): libfprint-elan-DEBUG: 19:36:37.880: 55271665746: ../libfprint/drivers/elan.c:389
(process:201965): libfprint-elan-DEBUG: 19:36:37.924: 55271708955: ../libfprint/drivers/elan.c:356
(process:201965): libfprint-elan-DEBUG: 19:36:37.924: 55271709064: ../libfprint/drivers/elan.c:345
(process:201965): libfprint-SSM-DEBUG: 19:36:37.924: [elan] CAPTURE_NUM_STATES entering state 2
(process:201965): libfprint-SSM-DEBUG: 19:36:37.934: [elan] CAPTURE_NUM_STATES entering state 1
(process:201965): libfprint-elan-DEBUG: 19:36:37.934: 55271719636: ../libfprint/drivers/elan.c:356
(process:201965): libfprint-elan-DEBUG: 19:36:37.934: 55271719700: ../libfprint/drivers/elan.c:376
(process:201965): libfprint-elan-DEBUG: 19:36:37.934: 55271719722: ../libfprint/drivers/elan.c:389
(process:201965): libfprint-elan-DEBUG: 19:36:37.978: 55271763433: ../libfprint/drivers/elan.c:356
(process:201965): libfprint-elan-DEBUG: 19:36:37.978: 55271763574: ../libfprint/drivers/elan.c:345
(process:201965): libfprint-SSM-DEBUG: 19:36:37.978: [elan] CAPTURE_NUM_STATES entering state 2
(process:201965): libfprint-SSM-DEBUG: 19:36:37.988: [elan] CAPTURE_NUM_STATES entering state 1
(process:201965): libfprint-elan-DEBUG: 19:36:37.989: 55271773932: ../libfprint/drivers/elan.c:356
(process:201965): libfprint-elan-DEBUG: 19:36:37.989: 55271774043: ../libfprint/drivers/elan.c:376
(process:201965): libfprint-elan-DEBUG: 19:36:37.989: 55271774111: ../libfprint/drivers/elan.c:389
(process:201965): libfprint-elan-DEBUG: 19:36:38.032: 55271817104: ../libfprint/drivers/elan.c:356
(process:201965): libfprint-elan-DEBUG: 19:36:38.032: 55271817163: ../libfprint/drivers/elan.c:345
(process:201965): libfprint-SSM-DEBUG: 19:36:38.032: [elan] CAPTURE_NUM_STATES entering state 2
(process:201965): libfprint-SSM-DEBUG: 19:36:38.042: [elan] CAPTURE_NUM_STATES entering state 1
(process:201965): libfprint-elan-DEBUG: 19:36:38.043: 55271827847: ../libfprint/drivers/elan.c:356
(process:201965): libfprint-elan-DEBUG: 19:36:38.043: 55271827876: ../libfprint/drivers/elan.c:376
(process:201965): libfprint-elan-DEBUG: 19:36:38.043: 55271827898: ../libfprint/drivers/elan.c:389
(process:201965): libfprint-elan-DEBUG: 19:36:38.086: 55271871034: ../libfprint/drivers/elan.c:356
(process:201965): libfprint-elan-DEBUG: 19:36:38.086: 55271871175: ../libfprint/drivers/elan.c:345
(process:201965): libfprint-SSM-DEBUG: 19:36:38.086: [elan] CAPTURE_NUM_STATES entering state 2
(process:201965): libfprint-SSM-DEBUG: 19:36:38.096: [elan] CAPTURE_NUM_STATES entering state 1
(process:201965): libfprint-elan-DEBUG: 19:36:38.096: 55271881688: ../libfprint/drivers/elan.c:356
(process:201965): libfprint-elan-DEBUG: 19:36:38.096: 55271881768: ../libfprint/drivers/elan.c:376
(process:201965): libfprint-elan-DEBUG: 19:36:38.097: 55271881975: ../libfprint/drivers/elan.c:389
(process:201965): libfprint-elan-DEBUG: 19:36:38.139: 55271924669: ../libfprint/drivers/elan.c:356
(process:201965): libfprint-elan-DEBUG: 19:36:38.139: 55271924723: ../libfprint/drivers/elan.c:345
(process:201965): libfprint-SSM-DEBUG: 19:36:38.139: [elan] CAPTURE_NUM_STATES entering state 2
(process:201965): libfprint-SSM-DEBUG: 19:36:38.150: [elan] CAPTURE_NUM_STATES entering state 1
(process:201965): libfprint-elan-DEBUG: 19:36:38.150: 55271935289: ../libfprint/drivers/elan.c:356
(process:201965): libfprint-elan-DEBUG: 19:36:38.150: 55271935316: ../libfprint/drivers/elan.c:376
(process:201965): libfprint-elan-DEBUG: 19:36:38.150: 55271935336: ../libfprint/drivers/elan.c:389
(process:201965): libfprint-elan-DEBUG: 19:36:38.193: 55271978677: ../libfprint/drivers/elan.c:356
(process:201965): libfprint-elan-DEBUG: 19:36:38.193: 55271978818: ../libfprint/drivers/elan.c:345
(process:201965): libfprint-SSM-DEBUG: 19:36:38.194: [elan] CAPTURE_NUM_STATES entering state 2
(process:201965): libfprint-SSM-DEBUG: 19:36:38.204: [elan] CAPTURE_NUM_STATES entering state 1
(process:201965): libfprint-elan-DEBUG: 19:36:38.204: 55271989421: ../libfprint/drivers/elan.c:356
(process:201965): libfprint-elan-DEBUG: 19:36:38.204: 55271989508: ../libfprint/drivers/elan.c:376
(process:201965): libfprint-elan-DEBUG: 19:36:38.204: 55271989572: ../libfprint/drivers/elan.c:389
(process:201965): libfprint-elan-DEBUG: 19:36:38.248: 55272032966: ../libfprint/drivers/elan.c:356
(process:201965): libfprint-elan-DEBUG: 19:36:38.248: 55272033040: ../libfprint/drivers/elan.c:345
(process:201965): libfprint-SSM-DEBUG: 19:36:38.248: [elan] CAPTURE_NUM_STATES entering state 2
(process:201965): libfprint-SSM-DEBUG: 19:36:38.258: [elan] CAPTURE_NUM_STATES entering state 1
(process:201965): libfprint-elan-DEBUG: 19:36:38.258: 55272043569: ../libfprint/drivers/elan.c:356
(process:201965): libfprint-elan-DEBUG: 19:36:38.258: 55272043597: ../libfprint/drivers/elan.c:376
(process:201965): libfprint-elan-DEBUG: 19:36:38.258: 55272043617: ../libfprint/drivers/elan.c:389
(process:201965): libfprint-elan-DEBUG: 19:36:38.302: 55272086892: ../libfprint/drivers/elan.c:356
(process:201965): libfprint-elan-DEBUG: 19:36:38.302: 55272087062: ../libfprint/drivers/elan.c:345
(process:201965): libfprint-SSM-DEBUG: 19:36:38.302: [elan] CAPTURE_NUM_STATES entering state 2
(process:201965): libfprint-SSM-DEBUG: 19:36:38.312: [elan] CAPTURE_NUM_STATES entering state 1
(process:201965): libfprint-elan-DEBUG: 19:36:38.312: 55272097555: ../libfprint/drivers/elan.c:356
(process:201965): libfprint-elan-DEBUG: 19:36:38.312: 55272097628: ../libfprint/drivers/elan.c:376
(process:201965): libfprint-elan-DEBUG: 19:36:38.312: 55272097690: ../libfprint/drivers/elan.c:389
(process:201965): libfprint-elan-DEBUG: 19:36:38.355: 55272140522: ../libfprint/drivers/elan.c:356
(process:201965): libfprint-elan-DEBUG: 19:36:38.355: 55272140606: ../libfprint/drivers/elan.c:345
(process:201965): libfprint-SSM-DEBUG: 19:36:38.355: [elan] CAPTURE_NUM_STATES entering state 2
(process:201965): libfprint-SSM-DEBUG: 19:36:38.365: [elan] CAPTURE_NUM_STATES entering state 1
(process:201965): libfprint-elan-DEBUG: 19:36:38.366: 55272151116: ../libfprint/drivers/elan.c:356
(process:201965): libfprint-elan-DEBUG: 19:36:38.366: 55272151141: ../libfprint/drivers/elan.c:376
(process:201965): libfprint-elan-DEBUG: 19:36:38.366: 55272151161: ../libfprint/drivers/elan.c:389
(process:201965): libfprint-elan-DEBUG: 19:36:38.409: 55272194458: ../libfprint/drivers/elan.c:356
(process:201965): libfprint-elan-DEBUG: 19:36:38.409: 55272194637: ../libfprint/drivers/elan.c:345
(process:201965): libfprint-SSM-DEBUG: 19:36:38.409: [elan] CAPTURE_NUM_STATES entering state 2
(process:201965): libfprint-SSM-DEBUG: 19:36:38.419: [elan] CAPTURE_NUM_STATES entering state 1
(process:201965): libfprint-elan-DEBUG: 19:36:38.420: 55272205261: ../libfprint/drivers/elan.c:356
(process:201965): libfprint-elan-DEBUG: 19:36:38.420: 55272205340: ../libfprint/drivers/elan.c:376
(process:201965): libfprint-elan-DEBUG: 19:36:38.420: 55272205403: ../libfprint/drivers/elan.c:389
(process:201965): libfprint-elan-DEBUG: 19:36:38.463: 55272248583: ../libfprint/drivers/elan.c:356
(process:201965): libfprint-elan-DEBUG: 19:36:38.463: 55272248643: ../libfprint/drivers/elan.c:345
(process:201965): libfprint-SSM-DEBUG: 19:36:38.463: [elan] CAPTURE_NUM_STATES entering state 2
(process:201965): libfprint-SSM-DEBUG: 19:36:38.473: [elan] CAPTURE_NUM_STATES entering state 1
(process:201965): libfprint-elan-DEBUG: 19:36:38.474: 55272259078: ../libfprint/drivers/elan.c:356
(process:201965): libfprint-elan-DEBUG: 19:36:38.474: 55272259108: ../libfprint/drivers/elan.c:376
(process:201965): libfprint-elan-DEBUG: 19:36:38.474: 55272259127: ../libfprint/drivers/elan.c:389
(process:201965): libfprint-elan-DEBUG: 19:36:38.518: 55272302852: ../libfprint/drivers/elan.c:356
(process:201965): libfprint-elan-DEBUG: 19:36:38.518: 55272303074: ../libfprint/drivers/elan.c:345
(process:201965): libfprint-SSM-DEBUG: 19:36:38.518: [elan] CAPTURE_NUM_STATES entering state 2
(process:201965): libfprint-SSM-DEBUG: 19:36:38.528: [elan] CAPTURE_NUM_STATES entering state 1
(process:201965): libfprint-elan-DEBUG: 19:36:38.528: 55272313480: ../libfprint/drivers/elan.c:356
(process:201965): libfprint-elan-DEBUG: 19:36:38.528: 55272313563: ../libfprint/drivers/elan.c:376
(process:201965): libfprint-elan-DEBUG: 19:36:38.528: 55272313627: ../libfprint/drivers/elan.c:389
(process:201965): libfprint-elan-DEBUG: 19:36:38.571: 55272356540: ../libfprint/drivers/elan.c:356
(process:201965): libfprint-elan-DEBUG: 19:36:38.571: 55272356608: ../libfprint/drivers/elan.c:345
(process:201965): libfprint-SSM-DEBUG: 19:36:38.571: [elan] CAPTURE_NUM_STATES entering state 2
(process:201965): libfprint-SSM-DEBUG: 19:36:38.581: [elan] CAPTURE_NUM_STATES entering state 1
(process:201965): libfprint-elan-DEBUG: 19:36:38.582: 55272367106: ../libfprint/drivers/elan.c:356
(process:201965): libfprint-elan-DEBUG: 19:36:38.582: 55272367130: ../libfprint/drivers/elan.c:376
(process:201965): libfprint-elan-DEBUG: 19:36:38.582: 55272367149: ../libfprint/drivers/elan.c:389
(process:201965): libfprint-elan-DEBUG: 19:36:38.625: 55272410441: ../libfprint/drivers/elan.c:356
(process:201965): libfprint-elan-DEBUG: 19:36:38.625: 55272410619: ../libfprint/drivers/elan.c:345
(process:201965): libfprint-SSM-DEBUG: 19:36:38.625: [elan] CAPTURE_NUM_STATES entering state 2
(process:201965): libfprint-SSM-DEBUG: 19:36:38.635: [elan] CAPTURE_NUM_STATES entering state 1
(process:201965): libfprint-elan-DEBUG: 19:36:38.636: 55272421072: ../libfprint/drivers/elan.c:356
(process:201965): libfprint-elan-DEBUG: 19:36:38.636: 55272421144: ../libfprint/drivers/elan.c:376
(process:201965): libfprint-elan-DEBUG: 19:36:38.636: 55272421206: ../libfprint/drivers/elan.c:389
(process:201965): libfprint-elan-DEBUG: 19:36:38.679: 55272464315: ../libfprint/drivers/elan.c:356
(process:201965): libfprint-elan-DEBUG: 19:36:38.679: 55272464407: ../libfprint/drivers/elan.c:345
(process:201965): libfprint-SSM-DEBUG: 19:36:38.679: [elan] CAPTURE_NUM_STATES entering state 2
(process:201965): libfprint-SSM-DEBUG: 19:36:38.689: [elan] CAPTURE_NUM_STATES entering state 1
(process:201965): libfprint-elan-DEBUG: 19:36:38.690: 55272474884: ../libfprint/drivers/elan.c:356
(process:201965): libfprint-elan-DEBUG: 19:36:38.690: 55272474911: ../libfprint/drivers/elan.c:376
(process:201965): libfprint-elan-DEBUG: 19:36:38.690: 55272474932: ../libfprint/drivers/elan.c:389
(process:201965): libfprint-elan-DEBUG: 19:36:38.733: 55272517985: ../libfprint/drivers/elan.c:356
(process:201965): libfprint-elan-DEBUG: 19:36:38.733: 55272518182: ../libfprint/drivers/elan.c:345
(process:201965): libfprint-SSM-DEBUG: 19:36:38.733: [elan] CAPTURE_NUM_STATES entering state 2
(process:201965): libfprint-SSM-DEBUG: 19:36:38.743: [elan] CAPTURE_NUM_STATES entering state 1
(process:201965): libfprint-elan-DEBUG: 19:36:38.743: 55272528370: ../libfprint/drivers/elan.c:356
(process:201965): libfprint-elan-DEBUG: 19:36:38.743: 55272528440: ../libfprint/drivers/elan.c:376
(process:201965): libfprint-elan-DEBUG: 19:36:38.743: 55272528501: ../libfprint/drivers/elan.c:389
(process:201965): libfprint-elan-DEBUG: 19:36:38.787: 55272572147: ../libfprint/drivers/elan.c:356
(process:201965): libfprint-elan-DEBUG: 19:36:38.787: 55272572220: ../libfprint/drivers/elan.c:345
(process:201965): libfprint-SSM-DEBUG: 19:36:38.787: [elan] CAPTURE_NUM_STATES entering state 2
(process:201965): libfprint-image_device-DEBUG: 19:36:38.787: Image device reported finger status: on
(process:201965): libfprint-elan-DEBUG: 19:36:38.788: 55272573056: ../libfprint/drivers/elan.c:356
(process:201965): libfprint-elan-DEBUG: 19:36:38.788: 55272573089: ../libfprint/drivers/elan.c:376
(process:201965): libfprint-elan-DEBUG: 19:36:38.788: 55272573114: ../libfprint/drivers/elan.c:389
(process:201965): libfprint-elan-DEBUG: 19:36:38.819: 55272604347: ../libfprint/drivers/elan.c:356
(process:201965): libfprint-elan-DEBUG: 19:36:38.819: 55272604453: ../libfprint/drivers/elan.c:345
(process:201965): libfprint-SSM-DEBUG: 19:36:38.819: [elan] CAPTURE_NUM_STATES entering state 3
(process:201965): libfprint-elan-DEBUG: 19:36:38.819: 55272604534: ../libfprint/drivers/elan.c:203
(process:201965): libfprint-elan-DEBUG: 19:36:38.819: 55272604572: ../libfprint/drivers/elan.c:118
(process:201965): libfprint-SSM-DEBUG: 19:36:38.819: [elan] CAPTURE_NUM_STATES entering state 1
(process:201965): libfprint-elan-DEBUG: 19:36:38.820: 55272604936: ../libfprint/drivers/elan.c:356
(process:201965): libfprint-elan-DEBUG: 19:36:38.820: 55272604982: ../libfprint/drivers/elan.c:376
(process:201965): libfprint-elan-DEBUG: 19:36:38.820: 55272605042: ../libfprint/drivers/elan.c:389
(process:201965): libfprint-elan-DEBUG: 19:36:38.863: 55272648328: ../libfprint/drivers/elan.c:356
(process:201965): libfprint-elan-DEBUG: 19:36:38.863: 55272648460: ../libfprint/drivers/elan.c:345
(process:201965): libfprint-SSM-DEBUG: 19:36:38.863: [elan] CAPTURE_NUM_STATES entering state 2
(process:201965): libfprint-image_device-DEBUG: 19:36:38.863: Image device reported finger status: on
(process:201965): libfprint-elan-DEBUG: 19:36:38.864: 55272648980: ../libfprint/drivers/elan.c:356
(process:201965): libfprint-elan-DEBUG: 19:36:38.864: 55272649084: ../libfprint/drivers/elan.c:376
(process:201965): libfprint-elan-DEBUG: 19:36:38.864: 55272649147: ../libfprint/drivers/elan.c:389
(process:201965): libfprint-elan-DEBUG: 19:36:38.896: 55272681752: ../libfprint/drivers/elan.c:356
(process:201965): libfprint-elan-DEBUG: 19:36:38.896: 55272681821: ../libfprint/drivers/elan.c:345
(process:201965): libfprint-SSM-DEBUG: 19:36:38.897: [elan] CAPTURE_NUM_STATES entering state 3
(process:201965): libfprint-elan-DEBUG: 19:36:38.897: 55272681874: ../libfprint/drivers/elan.c:203
(process:201965): libfprint-elan-DEBUG: 19:36:38.897: 55272681940: ../libfprint/drivers/elan.c:118
(process:201965): libfprint-SSM-DEBUG: 19:36:38.897: [elan] CAPTURE_NUM_STATES entering state 1
(process:201965): libfprint-elan-DEBUG: 19:36:38.897: 55272682356: ../libfprint/drivers/elan.c:356
(process:201965): libfprint-elan-DEBUG: 19:36:38.897: 55272682387: ../libfprint/drivers/elan.c:376
(process:201965): libfprint-elan-DEBUG: 19:36:38.897: 55272682410: ../libfprint/drivers/elan.c:389
(process:201965): libfprint-elan-DEBUG: 19:36:38.940: 55272725647: ../libfprint/drivers/elan.c:356
(process:201965): libfprint-elan-DEBUG: 19:36:38.940: 55272725762: ../libfprint/drivers/elan.c:345
(process:201965): libfprint-SSM-DEBUG: 19:36:38.940: [elan] CAPTURE_NUM_STATES entering state 2
(process:201965): libfprint-image_device-DEBUG: 19:36:38.940: Image device reported finger status: on
(process:201965): libfprint-elan-DEBUG: 19:36:38.941: 55272726131: ../libfprint/drivers/elan.c:356
(process:201965): libfprint-elan-DEBUG: 19:36:38.941: 55272726202: ../libfprint/drivers/elan.c:376
(process:201965): libfprint-elan-DEBUG: 19:36:38.941: 55272726264: ../libfprint/drivers/elan.c:389
(process:201965): libfprint-elan-DEBUG: 19:36:38.973: 55272758111: ../libfprint/drivers/elan.c:356
(process:201965): libfprint-elan-DEBUG: 19:36:38.973: 55272758256: ../libfprint/drivers/elan.c:345
(process:201965): libfprint-SSM-DEBUG: 19:36:38.973: [elan] CAPTURE_NUM_STATES entering state 3
(process:201965): libfprint-elan-DEBUG: 19:36:38.973: 55272758389: ../libfprint/drivers/elan.c:203
(process:201965): libfprint-elan-DEBUG: 19:36:38.973: 55272758452: ../libfprint/drivers/elan.c:118
(process:201965): libfprint-SSM-DEBUG: 19:36:38.973: [elan] CAPTURE_NUM_STATES entering state 1
(process:201965): libfprint-elan-DEBUG: 19:36:38.974: 55272759045: ../libfprint/drivers/elan.c:356
(process:201965): libfprint-elan-DEBUG: 19:36:38.974: 55272759132: ../libfprint/drivers/elan.c:376
(process:201965): libfprint-elan-DEBUG: 19:36:38.974: 55272759195: ../libfprint/drivers/elan.c:389
(process:201965): libfprint-elan-DEBUG: 19:36:39.017: 55272802219: ../libfprint/drivers/elan.c:356
(process:201965): libfprint-elan-DEBUG: 19:36:39.017: 55272802316: ../libfprint/drivers/elan.c:345
(process:201965): libfprint-SSM-DEBUG: 19:36:39.017: [elan] CAPTURE_NUM_STATES entering state 2
(process:201965): libfprint-image_device-DEBUG: 19:36:39.017: Image device reported finger status: on
(process:201965): libfprint-elan-DEBUG: 19:36:39.017: 55272802484: ../libfprint/drivers/elan.c:356
(process:201965): libfprint-elan-DEBUG: 19:36:39.017: 55272802508: ../libfprint/drivers/elan.c:376
(process:201965): libfprint-elan-DEBUG: 19:36:39.017: 55272802527: ../libfprint/drivers/elan.c:389
(process:201965): libfprint-elan-DEBUG: 19:36:39.049: 55272834547: ../libfprint/drivers/elan.c:356
(process:201965): libfprint-elan-DEBUG: 19:36:39.049: 55272834694: ../libfprint/drivers/elan.c:345
(process:201965): libfprint-SSM-DEBUG: 19:36:39.049: [elan] CAPTURE_NUM_STATES entering state 3
(process:201965): libfprint-elan-DEBUG: 19:36:39.049: 55272834822: ../libfprint/drivers/elan.c:203
(process:201965): libfprint-elan-DEBUG: 19:36:39.050: 55272834884: ../libfprint/drivers/elan.c:118
(process:201965): libfprint-SSM-DEBUG: 19:36:39.050: [elan] CAPTURE_NUM_STATES entering state 1
(process:201965): libfprint-elan-DEBUG: 19:36:39.050: 55272835583: ../libfprint/drivers/elan.c:356
(process:201965): libfprint-elan-DEBUG: 19:36:39.050: 55272835658: ../libfprint/drivers/elan.c:376
(process:201965): libfprint-elan-DEBUG: 19:36:39.050: 55272835720: ../libfprint/drivers/elan.c:389
(process:201965): libfprint-elan-DEBUG: 19:36:39.093: 55272878579: ../libfprint/drivers/elan.c:356
(process:201965): libfprint-elan-DEBUG: 19:36:39.093: 55272878719: ../libfprint/drivers/elan.c:345
(process:201965): libfprint-SSM-DEBUG: 19:36:39.093: [elan] CAPTURE_NUM_STATES entering state 2
(process:201965): libfprint-image_device-DEBUG: 19:36:39.094: Image device reported finger status: on
(process:201965): libfprint-elan-DEBUG: 19:36:39.094: 55272879461: ../libfprint/drivers/elan.c:356
(process:201965): libfprint-elan-DEBUG: 19:36:39.094: 55272879532: ../libfprint/drivers/elan.c:376
(process:201965): libfprint-elan-DEBUG: 19:36:39.094: 55272879594: ../libfprint/drivers/elan.c:389
(process:201965): libfprint-elan-DEBUG: 19:36:39.126: 55272910922: ../libfprint/drivers/elan.c:356
(process:201965): libfprint-elan-DEBUG: 19:36:39.126: 55272910984: ../libfprint/drivers/elan.c:345
(process:201965): libfprint-SSM-DEBUG: 19:36:39.126: [elan] CAPTURE_NUM_STATES entering state 3
(process:201965): libfprint-elan-DEBUG: 19:36:39.126: 55272911043: ../libfprint/drivers/elan.c:203
(process:201965): libfprint-elan-DEBUG: 19:36:39.126: 55272911063: ../libfprint/drivers/elan.c:118
(process:201965): libfprint-SSM-DEBUG: 19:36:39.126: [elan] CAPTURE_NUM_STATES entering state 1
(process:201965): libfprint-elan-DEBUG: 19:36:39.126: 55272911575: ../libfprint/drivers/elan.c:356
(process:201965): libfprint-elan-DEBUG: 19:36:39.126: 55272911597: ../libfprint/drivers/elan.c:376
(process:201965): libfprint-elan-DEBUG: 19:36:39.126: 55272911615: ../libfprint/drivers/elan.c:389
(process:201965): libfprint-elan-DEBUG: 19:36:39.169: 55272954600: ../libfprint/drivers/elan.c:356
(process:201965): libfprint-elan-DEBUG: 19:36:39.169: 55272954781: ../libfprint/drivers/elan.c:345
(process:201965): libfprint-SSM-DEBUG: 19:36:39.170: [elan] CAPTURE_NUM_STATES entering state 2
(process:201965): libfprint-image_device-DEBUG: 19:36:39.170: Image device reported finger status: on
(process:201965): libfprint-elan-DEBUG: 19:36:39.170: 55272955318: ../libfprint/drivers/elan.c:356
(process:201965): libfprint-elan-DEBUG: 19:36:39.170: 55272955395: ../libfprint/drivers/elan.c:376
(process:201965): libfprint-elan-DEBUG: 19:36:39.170: 55272955457: ../libfprint/drivers/elan.c:389
(process:201965): libfprint-elan-DEBUG: 19:36:39.202: 55272987229: ../libfprint/drivers/elan.c:356
(process:201965): libfprint-elan-DEBUG: 19:36:39.202: 55272987374: ../libfprint/drivers/elan.c:345
(process:201965): libfprint-SSM-DEBUG: 19:36:39.202: [elan] CAPTURE_NUM_STATES entering state 3
(process:201965): libfprint-elan-DEBUG: 19:36:39.202: 55272987504: ../libfprint/drivers/elan.c:203
(process:201965): libfprint-elan-DEBUG: 19:36:39.202: 55272987565: ../libfprint/drivers/elan.c:118
(process:201965): libfprint-SSM-DEBUG: 19:36:39.202: [elan] CAPTURE_NUM_STATES entering state 1
(process:201965): libfprint-elan-DEBUG: 19:36:39.203: 55272987952: ../libfprint/drivers/elan.c:356
(process:201965): libfprint-elan-DEBUG: 19:36:39.203: 55272988051: ../libfprint/drivers/elan.c:376
(process:201965): libfprint-elan-DEBUG: 19:36:39.203: 55272988112: ../libfprint/drivers/elan.c:389
(process:201965): libfprint-elan-DEBUG: 19:36:39.246: 55273031309: ../libfprint/drivers/elan.c:356
(process:201965): libfprint-elan-DEBUG: 19:36:39.246: 55273031388: ../libfprint/drivers/elan.c:345
(process:201965): libfprint-SSM-DEBUG: 19:36:39.246: [elan] CAPTURE_NUM_STATES entering state 2
(process:201965): libfprint-image_device-DEBUG: 19:36:39.246: Image device reported finger status: on
(process:201965): libfprint-elan-DEBUG: 19:36:39.246: 55273031652: ../libfprint/drivers/elan.c:356
(process:201965): libfprint-elan-DEBUG: 19:36:39.246: 55273031676: ../libfprint/drivers/elan.c:376
(process:201965): libfprint-elan-DEBUG: 19:36:39.246: 55273031696: ../libfprint/drivers/elan.c:389
(process:201965): libfprint-elan-DEBUG: 19:36:39.278: 55273063521: ../libfprint/drivers/elan.c:356
(process:201965): libfprint-elan-DEBUG: 19:36:39.278: 55273063599: ../libfprint/drivers/elan.c:345
(process:201965): libfprint-SSM-DEBUG: 19:36:39.278: [elan] CAPTURE_NUM_STATES entering state 3
(process:201965): libfprint-elan-DEBUG: 19:36:39.278: 55273063641: ../libfprint/drivers/elan.c:203
(process:201965): libfprint-elan-DEBUG: 19:36:39.278: 55273063659: ../libfprint/drivers/elan.c:118
(process:201965): libfprint-SSM-DEBUG: 19:36:39.278: [elan] CAPTURE_NUM_STATES entering state 1
(process:201965): libfprint-elan-DEBUG: 19:36:39.279: 55273063981: ../libfprint/drivers/elan.c:356
(process:201965): libfprint-elan-DEBUG: 19:36:39.279: 55273064019: ../libfprint/drivers/elan.c:376
(process:201965): libfprint-elan-DEBUG: 19:36:39.279: 55273064061: ../libfprint/drivers/elan.c:389
(process:201965): libfprint-elan-DEBUG: 19:36:39.322: 55273107692: ../libfprint/drivers/elan.c:356
(process:201965): libfprint-elan-DEBUG: 19:36:39.322: 55273107833: ../libfprint/drivers/elan.c:345
(process:201965): libfprint-SSM-DEBUG: 19:36:39.323: [elan] CAPTURE_NUM_STATES entering state 2
(process:201965): libfprint-image_device-DEBUG: 19:36:39.323: Image device reported finger status: on
(process:201965): libfprint-elan-DEBUG: 19:36:39.324: 55273108909: ../libfprint/drivers/elan.c:356
(process:201965): libfprint-elan-DEBUG: 19:36:39.324: 55273108987: ../libfprint/drivers/elan.c:376
(process:201965): libfprint-elan-DEBUG: 19:36:39.324: 55273109074: ../libfprint/drivers/elan.c:389
(process:201965): libfprint-elan-DEBUG: 19:36:39.355: 55273140187: ../libfprint/drivers/elan.c:356
(process:201965): libfprint-elan-DEBUG: 19:36:39.355: 55273140244: ../libfprint/drivers/elan.c:345
(process:201965): libfprint-SSM-DEBUG: 19:36:39.355: [elan] CAPTURE_NUM_STATES entering state 3
(process:201965): libfprint-elan-DEBUG: 19:36:39.355: 55273140287: ../libfprint/drivers/elan.c:203
(process:201965): libfprint-elan-DEBUG: 19:36:39.355: 55273140306: ../libfprint/drivers/elan.c:118
(process:201965): libfprint-SSM-DEBUG: 19:36:39.355: [elan] CAPTURE_NUM_STATES entering state 1
(process:201965): libfprint-elan-DEBUG: 19:36:39.355: 55273140511: ../libfprint/drivers/elan.c:356
(process:201965): libfprint-elan-DEBUG: 19:36:39.355: 55273140542: ../libfprint/drivers/elan.c:376
(process:201965): libfprint-elan-DEBUG: 19:36:39.355: 55273140563: ../libfprint/drivers/elan.c:389
(process:201965): libfprint-elan-DEBUG: 19:36:39.399: 55273184092: ../libfprint/drivers/elan.c:356
(process:201965): libfprint-elan-DEBUG: 19:36:39.399: 55273184240: ../libfprint/drivers/elan.c:345
(process:201965): libfprint-SSM-DEBUG: 19:36:39.399: [elan] CAPTURE_NUM_STATES entering state 2
(process:201965): libfprint-image_device-DEBUG: 19:36:39.399: Image device reported finger status: on
(process:201965): libfprint-elan-DEBUG: 19:36:39.399: 55273184831: ../libfprint/drivers/elan.c:356
(process:201965): libfprint-elan-DEBUG: 19:36:39.400: 55273184901: ../libfprint/drivers/elan.c:376
(process:201965): libfprint-elan-DEBUG: 19:36:39.400: 55273184963: ../libfprint/drivers/elan.c:389
(process:201965): libfprint-elan-DEBUG: 19:36:39.431: 55273216589: ../libfprint/drivers/elan.c:356
(process:201965): libfprint-elan-DEBUG: 19:36:39.431: 55273216731: ../libfprint/drivers/elan.c:345
(process:201965): libfprint-SSM-DEBUG: 19:36:39.431: [elan] CAPTURE_NUM_STATES entering state 3
(process:201965): libfprint-elan-DEBUG: 19:36:39.432: 55273216859: ../libfprint/drivers/elan.c:203
(process:201965): libfprint-elan-DEBUG: 19:36:39.432: 55273216922: ../libfprint/drivers/elan.c:118
(process:201965): libfprint-SSM-DEBUG: 19:36:39.432: [elan] CAPTURE_NUM_STATES entering state 1
(process:201965): libfprint-elan-DEBUG: 19:36:39.432: 55273217408: ../libfprint/drivers/elan.c:356
(process:201965): libfprint-elan-DEBUG: 19:36:39.432: 55273217481: ../libfprint/drivers/elan.c:376
(process:201965): libfprint-elan-DEBUG: 19:36:39.432: 55273217543: ../libfprint/drivers/elan.c:389
(process:201965): libfprint-elan-DEBUG: 19:36:39.475: 55273260576: ../libfprint/drivers/elan.c:356
(process:201965): libfprint-elan-DEBUG: 19:36:39.475: 55273260658: ../libfprint/drivers/elan.c:345
(process:201965): libfprint-SSM-DEBUG: 19:36:39.475: [elan] CAPTURE_NUM_STATES entering state 2
(process:201965): libfprint-image_device-DEBUG: 19:36:39.475: Image device reported finger status: on
(process:201965): libfprint-elan-DEBUG: 19:36:39.476: 55273260888: ../libfprint/drivers/elan.c:356
(process:201965): libfprint-elan-DEBUG: 19:36:39.476: 55273260911: ../libfprint/drivers/elan.c:376
(process:201965): libfprint-elan-DEBUG: 19:36:39.476: 55273260930: ../libfprint/drivers/elan.c:389
(process:201965): libfprint-elan-DEBUG: 19:36:39.508: 55273292942: ../libfprint/drivers/elan.c:356
(process:201965): libfprint-elan-DEBUG: 19:36:39.508: 55273293152: ../libfprint/drivers/elan.c:345
(process:201965): libfprint-SSM-DEBUG: 19:36:39.508: [elan] CAPTURE_NUM_STATES entering state 3
(process:201965): libfprint-elan-DEBUG: 19:36:39.508: 55273293281: ../libfprint/drivers/elan.c:203
(process:201965): libfprint-elan-DEBUG: 19:36:39.508: 55273293353: ../libfprint/drivers/elan.c:118
(process:201965): libfprint-SSM-DEBUG: 19:36:39.508: [elan] CAPTURE_NUM_STATES entering state 1
(process:201965): libfprint-elan-DEBUG: 19:36:39.509: 55273293884: ../libfprint/drivers/elan.c:356
(process:201965): libfprint-elan-DEBUG: 19:36:39.509: 55273293963: ../libfprint/drivers/elan.c:376
(process:201965): libfprint-elan-DEBUG: 19:36:39.509: 55273294061: ../libfprint/drivers/elan.c:389
(process:201965): libfprint-elan-DEBUG: 19:36:39.552: 55273337124: ../libfprint/drivers/elan.c:356
(process:201965): libfprint-elan-DEBUG: 19:36:39.552: 55273337262: ../libfprint/drivers/elan.c:345
(process:201965): libfprint-SSM-DEBUG: 19:36:39.552: [elan] CAPTURE_NUM_STATES entering state 2
(process:201965): libfprint-image_device-DEBUG: 19:36:39.552: Image device reported finger status: on
(process:201965): libfprint-elan-DEBUG: 19:36:39.553: 55273337914: ../libfprint/drivers/elan.c:356
(process:201965): libfprint-elan-DEBUG: 19:36:39.553: 55273337988: ../libfprint/drivers/elan.c:376
(process:201965): libfprint-elan-DEBUG: 19:36:39.553: 55273338081: ../libfprint/drivers/elan.c:389
(process:201965): libfprint-elan-DEBUG: 19:36:39.584: 55273369506: ../libfprint/drivers/elan.c:356
(process:201965): libfprint-elan-DEBUG: 19:36:39.584: 55273369585: ../libfprint/drivers/elan.c:345
(process:201965): libfprint-SSM-DEBUG: 19:36:39.584: [elan] CAPTURE_NUM_STATES entering state 3
(process:201965): libfprint-elan-DEBUG: 19:36:39.584: 55273369628: ../libfprint/drivers/elan.c:203
(process:201965): libfprint-elan-DEBUG: 19:36:39.584: 55273369646: ../libfprint/drivers/elan.c:118
(process:201965): libfprint-SSM-DEBUG: 19:36:39.584: [elan] CAPTURE_NUM_STATES entering state 1
(process:201965): libfprint-elan-DEBUG: 19:36:39.585: 55273369893: ../libfprint/drivers/elan.c:356
(process:201965): libfprint-elan-DEBUG: 19:36:39.585: 55273369918: ../libfprint/drivers/elan.c:376
(process:201965): libfprint-elan-DEBUG: 19:36:39.585: 55273369938: ../libfprint/drivers/elan.c:389
(process:201965): libfprint-elan-DEBUG: 19:36:39.628: 55273413412: ../libfprint/drivers/elan.c:356
(process:201965): libfprint-elan-DEBUG: 19:36:39.628: 55273413558: ../libfprint/drivers/elan.c:345
(process:201965): libfprint-SSM-DEBUG: 19:36:39.628: [elan] CAPTURE_NUM_STATES entering state 2
(process:201965): libfprint-image_device-DEBUG: 19:36:39.628: Image device reported finger status: on
(process:201965): libfprint-elan-DEBUG: 19:36:39.629: 55273414130: ../libfprint/drivers/elan.c:356
(process:201965): libfprint-elan-DEBUG: 19:36:39.629: 55273414331: ../libfprint/drivers/elan.c:376
(process:201965): libfprint-elan-DEBUG: 19:36:39.629: 55273414541: ../libfprint/drivers/elan.c:389
(process:201965): libfprint-elan-DEBUG: 19:36:39.661: 55273445976: ../libfprint/drivers/elan.c:356
(process:201965): libfprint-elan-DEBUG: 19:36:39.661: 55273446145: ../libfprint/drivers/elan.c:345
(process:201965): libfprint-SSM-DEBUG: 19:36:39.661: [elan] CAPTURE_NUM_STATES entering state 3
(process:201965): libfprint-elan-DEBUG: 19:36:39.661: 55273446278: ../libfprint/drivers/elan.c:203
(process:201965): libfprint-elan-DEBUG: 19:36:39.661: 55273446350: ../libfprint/drivers/elan.c:118
(process:201965): libfprint-SSM-DEBUG: 19:36:39.661: [elan] CAPTURE_NUM_STATES entering state 1
(process:201965): libfprint-elan-DEBUG: 19:36:39.662: 55273447251: ../libfprint/drivers/elan.c:356
(process:201965): libfprint-elan-DEBUG: 19:36:39.662: 55273447331: ../libfprint/drivers/elan.c:376
(process:201965): libfprint-elan-DEBUG: 19:36:39.662: 55273447399: ../libfprint/drivers/elan.c:389
(process:201965): libfprint-elan-DEBUG: 19:36:39.705: 55273490235: ../libfprint/drivers/elan.c:356
(process:201965): libfprint-elan-DEBUG: 19:36:39.705: 55273490316: ../libfprint/drivers/elan.c:345
(process:201965): libfprint-SSM-DEBUG: 19:36:39.705: [elan] CAPTURE_NUM_STATES entering state 2
(process:201965): libfprint-image_device-DEBUG: 19:36:39.705: Image device reported finger status: on
(process:201965): libfprint-elan-DEBUG: 19:36:39.705: 55273490557: ../libfprint/drivers/elan.c:356
(process:201965): libfprint-elan-DEBUG: 19:36:39.705: 55273490580: ../libfprint/drivers/elan.c:376
(process:201965): libfprint-elan-DEBUG: 19:36:39.705: 55273490599: ../libfprint/drivers/elan.c:389
(process:201965): libfprint-elan-DEBUG: 19:36:39.737: 55273522549: ../libfprint/drivers/elan.c:356
(process:201965): libfprint-elan-DEBUG: 19:36:39.737: 55273522646: ../libfprint/drivers/elan.c:345
(process:201965): libfprint-SSM-DEBUG: 19:36:39.737: [elan] CAPTURE_NUM_STATES entering state 3
(process:201965): libfprint-elan-DEBUG: 19:36:39.737: 55273522717: ../libfprint/drivers/elan.c:203
(process:201965): libfprint-elan-DEBUG: 19:36:39.737: 55273522749: ../libfprint/drivers/elan.c:118
(process:201965): libfprint-SSM-DEBUG: 19:36:39.737: [elan] CAPTURE_NUM_STATES entering state 1
(process:201965): libfprint-elan-DEBUG: 19:36:39.738: 55273523063: ../libfprint/drivers/elan.c:356
(process:201965): libfprint-elan-DEBUG: 19:36:39.738: 55273523099: ../libfprint/drivers/elan.c:376
(process:201965): libfprint-elan-DEBUG: 19:36:39.738: 55273523132: ../libfprint/drivers/elan.c:389
(process:201965): libfprint-elan-DEBUG: 19:36:39.781: 55273566369: ../libfprint/drivers/elan.c:356
(process:201965): libfprint-elan-DEBUG: 19:36:39.781: 55273566506: ../libfprint/drivers/elan.c:345
(process:201965): libfprint-SSM-DEBUG: 19:36:39.781: [elan] CAPTURE_NUM_STATES entering state 2
(process:201965): libfprint-image_device-DEBUG: 19:36:39.781: Image device reported finger status: on
(process:201965): libfprint-elan-DEBUG: 19:36:39.782: 55273567075: ../libfprint/drivers/elan.c:356
(process:201965): libfprint-elan-DEBUG: 19:36:39.782: 55273567145: ../libfprint/drivers/elan.c:376
(process:201965): libfprint-elan-DEBUG: 19:36:39.782: 55273567207: ../libfprint/drivers/elan.c:389
(process:201965): libfprint-elan-DEBUG: 19:36:39.813: 55273598695: ../libfprint/drivers/elan.c:356
(process:201965): libfprint-elan-DEBUG: 19:36:39.813: 55273598759: ../libfprint/drivers/elan.c:345
(process:201965): libfprint-SSM-DEBUG: 19:36:39.813: [elan] CAPTURE_NUM_STATES entering state 3
(process:201965): libfprint-elan-DEBUG: 19:36:39.813: 55273598809: ../libfprint/drivers/elan.c:203
(process:201965): libfprint-elan-DEBUG: 19:36:39.813: 55273598832: ../libfprint/drivers/elan.c:118
(process:201965): libfprint-SSM-DEBUG: 19:36:39.814: [elan] CAPTURE_NUM_STATES entering state 1
(process:201965): libfprint-elan-DEBUG: 19:36:39.814: 55273599040: ../libfprint/drivers/elan.c:356
(process:201965): libfprint-elan-DEBUG: 19:36:39.814: 55273599065: ../libfprint/drivers/elan.c:376
(process:201965): libfprint-elan-DEBUG: 19:36:39.814: 55273599088: ../libfprint/drivers/elan.c:389
(process:201965): libfprint-elan-DEBUG: 19:36:39.858: 55273642975: ../libfprint/drivers/elan.c:356
(process:201965): libfprint-elan-DEBUG: 19:36:39.858: 55273643161: ../libfprint/drivers/elan.c:345
(process:201965): libfprint-SSM-DEBUG: 19:36:39.858: [elan] CAPTURE_NUM_STATES entering state 2
(process:201965): libfprint-image_device-DEBUG: 19:36:39.858: Image device reported finger status: on
(process:201965): libfprint-elan-DEBUG: 19:36:39.858: 55273643642: ../libfprint/drivers/elan.c:356
(process:201965): libfprint-elan-DEBUG: 19:36:39.858: 55273643725: ../libfprint/drivers/elan.c:376
(process:201965): libfprint-elan-DEBUG: 19:36:39.858: 55273643789: ../libfprint/drivers/elan.c:389
(process:201965): libfprint-elan-DEBUG: 19:36:39.890: 55273675498: ../libfprint/drivers/elan.c:356
(process:201965): libfprint-elan-DEBUG: 19:36:39.890: 55273675645: ../libfprint/drivers/elan.c:345
(process:201965): libfprint-SSM-DEBUG: 19:36:39.890: [elan] CAPTURE_NUM_STATES entering state 3
(process:201965): libfprint-elan-DEBUG: 19:36:39.890: 55273675774: ../libfprint/drivers/elan.c:203
(process:201965): libfprint-elan-DEBUG: 19:36:39.891: 55273675835: ../libfprint/drivers/elan.c:118
(process:201965): libfprint-SSM-DEBUG: 19:36:39.891: [elan] CAPTURE_NUM_STATES entering state 1
(process:201965): libfprint-elan-DEBUG: 19:36:39.891: 55273676515: ../libfprint/drivers/elan.c:356
(process:201965): libfprint-elan-DEBUG: 19:36:39.891: 55273676597: ../libfprint/drivers/elan.c:376
(process:201965): libfprint-elan-DEBUG: 19:36:39.891: 55273676664: ../libfprint/drivers/elan.c:389
(process:201965): libfprint-elan-DEBUG: 19:36:39.934: 55273719586: ../libfprint/drivers/elan.c:356
(process:201965): libfprint-elan-DEBUG: 19:36:39.934: 55273719668: ../libfprint/drivers/elan.c:345
(process:201965): libfprint-SSM-DEBUG: 19:36:39.934: [elan] CAPTURE_NUM_STATES entering state 2
(process:201965): libfprint-image_device-DEBUG: 19:36:39.934: Image device reported finger status: on
(process:201965): libfprint-elan-DEBUG: 19:36:39.935: 55273719871: ../libfprint/drivers/elan.c:356
(process:201965): libfprint-elan-DEBUG: 19:36:39.935: 55273719899: ../libfprint/drivers/elan.c:376
(process:201965): libfprint-elan-DEBUG: 19:36:39.935: 55273719919: ../libfprint/drivers/elan.c:389
(process:201965): libfprint-elan-DEBUG: 19:36:39.967: 55273752064: ../libfprint/drivers/elan.c:356
(process:201965): libfprint-elan-DEBUG: 19:36:39.967: 55273752210: ../libfprint/drivers/elan.c:345
(process:201965): libfprint-SSM-DEBUG: 19:36:39.967: [elan] CAPTURE_NUM_STATES entering state 3
(process:201965): libfprint-elan-DEBUG: 19:36:39.967: 55273752338: ../libfprint/drivers/elan.c:203
(process:201965): libfprint-elan-DEBUG: 19:36:39.967: 55273752595: ../libfprint/drivers/elan.c:118
(process:201965): libfprint-SSM-DEBUG: 19:36:39.967: [elan] CAPTURE_NUM_STATES entering state 1
(process:201965): libfprint-elan-DEBUG: 19:36:39.968: 55273753156: ../libfprint/drivers/elan.c:356
(process:201965): libfprint-elan-DEBUG: 19:36:39.968: 55273753230: ../libfprint/drivers/elan.c:376
(process:201965): libfprint-elan-DEBUG: 19:36:39.968: 55273753296: ../libfprint/drivers/elan.c:389
(process:201965): libfprint-elan-DEBUG: 19:36:40.011: 55273796421: ../libfprint/drivers/elan.c:356
(process:201965): libfprint-elan-DEBUG: 19:36:40.011: 55273796546: ../libfprint/drivers/elan.c:345
(process:201965): libfprint-SSM-DEBUG: 19:36:40.011: [elan] CAPTURE_NUM_STATES entering state 2
(process:201965): libfprint-image_device-DEBUG: 19:36:40.011: Image device reported finger status: on
(process:201965): libfprint-elan-DEBUG: 19:36:40.012: 55273797137: ../libfprint/drivers/elan.c:356
(process:201965): libfprint-elan-DEBUG: 19:36:40.012: 55273797219: ../libfprint/drivers/elan.c:376
(process:201965): libfprint-elan-DEBUG: 19:36:40.012: 55273797287: ../libfprint/drivers/elan.c:389
(process:201965): libfprint-elan-DEBUG: 19:36:40.043: 55273828740: ../libfprint/drivers/elan.c:356
(process:201965): libfprint-elan-DEBUG: 19:36:40.043: 55273828803: ../libfprint/drivers/elan.c:345
(process:201965): libfprint-SSM-DEBUG: 19:36:40.043: [elan] CAPTURE_NUM_STATES entering state 3
(process:201965): libfprint-elan-DEBUG: 19:36:40.044: 55273828859: ../libfprint/drivers/elan.c:203
(process:201965): libfprint-elan-DEBUG: 19:36:40.044: 55273828905: ../libfprint/drivers/elan.c:118
(process:201965): libfprint-SSM-DEBUG: 19:36:40.044: [elan] CAPTURE_NUM_STATES entering state 1
(process:201965): libfprint-elan-DEBUG: 19:36:40.044: 55273829157: ../libfprint/drivers/elan.c:356
(process:201965): libfprint-elan-DEBUG: 19:36:40.044: 55273829187: ../libfprint/drivers/elan.c:376
(process:201965): libfprint-elan-DEBUG: 19:36:40.044: 55273829212: ../libfprint/drivers/elan.c:389
(process:201965): libfprint-elan-DEBUG: 19:36:40.087: 55273872456: ../libfprint/drivers/elan.c:356
(process:201965): libfprint-elan-DEBUG: 19:36:40.087: 55273872549: ../libfprint/drivers/elan.c:345
(process:201965): libfprint-SSM-DEBUG: 19:36:40.087: [elan] CAPTURE_NUM_STATES entering state 2
(process:201965): libfprint-image_device-DEBUG: 19:36:40.087: Image device reported finger status: on
(process:201965): libfprint-elan-DEBUG: 19:36:40.087: 55273872814: ../libfprint/drivers/elan.c:356
(process:201965): libfprint-elan-DEBUG: 19:36:40.088: 55273872847: ../libfprint/drivers/elan.c:376
(process:201965): libfprint-elan-DEBUG: 19:36:40.088: 55273872874: ../libfprint/drivers/elan.c:389
(process:201965): libfprint-elan-DEBUG: 19:36:40.119: 55273904783: ../libfprint/drivers/elan.c:356
(process:201965): libfprint-elan-DEBUG: 19:36:40.120: 55273904880: ../libfprint/drivers/elan.c:345
(process:201965): libfprint-SSM-DEBUG: 19:36:40.120: [elan] CAPTURE_NUM_STATES entering state 3
(process:201965): libfprint-elan-DEBUG: 19:36:40.120: 55273904939: ../libfprint/drivers/elan.c:203
(process:201965): libfprint-elan-DEBUG: 19:36:40.120: 55273904966: ../libfprint/drivers/elan.c:118
(process:201965): libfprint-SSM-DEBUG: 19:36:40.120: [elan] CAPTURE_NUM_STATES entering state 1
(process:201965): libfprint-elan-DEBUG: 19:36:40.120: 55273905246: ../libfprint/drivers/elan.c:356
(process:201965): libfprint-elan-DEBUG: 19:36:40.120: 55273905277: ../libfprint/drivers/elan.c:376
(process:201965): libfprint-elan-DEBUG: 19:36:40.120: 55273905303: ../libfprint/drivers/elan.c:389
(process:201965): libfprint-elan-DEBUG: 19:36:40.163: 55273948566: ../libfprint/drivers/elan.c:356
(process:201965): libfprint-elan-DEBUG: 19:36:40.163: 55273948648: ../libfprint/drivers/elan.c:345
(process:201965): libfprint-SSM-DEBUG: 19:36:40.163: [elan] CAPTURE_NUM_STATES entering state 2
(process:201965): libfprint-image_device-DEBUG: 19:36:40.163: Image device reported finger status: on
(process:201965): libfprint-elan-DEBUG: 19:36:40.163: 55273948832: ../libfprint/drivers/elan.c:356
(process:201965): libfprint-elan-DEBUG: 19:36:40.164: 55273948863: ../libfprint/drivers/elan.c:376
(process:201965): libfprint-elan-DEBUG: 19:36:40.164: 55273948882: ../libfprint/drivers/elan.c:389
(process:201965): libfprint-elan-DEBUG: 19:36:40.196: 55273980991: ../libfprint/drivers/elan.c:356
(process:201965): libfprint-elan-DEBUG: 19:36:40.196: 55273981173: ../libfprint/drivers/elan.c:345
(process:201965): libfprint-SSM-DEBUG: 19:36:40.196: [elan] CAPTURE_NUM_STATES entering state 3
(process:201965): libfprint-elan-DEBUG: 19:36:40.196: 55273981307: ../libfprint/drivers/elan.c:203
(process:201965): libfprint-elan-DEBUG: 19:36:40.196: 55273981373: ../libfprint/drivers/elan.c:118
(process:201965): libfprint-SSM-DEBUG: 19:36:40.196: [elan] CAPTURE_NUM_STATES entering state 1
(process:201965): libfprint-elan-DEBUG: 19:36:40.197: 55273981835: ../libfprint/drivers/elan.c:356
(process:201965): libfprint-elan-DEBUG: 19:36:40.197: 55273981926: ../libfprint/drivers/elan.c:376
(process:201965): libfprint-elan-DEBUG: 19:36:40.197: 55273981993: ../libfprint/drivers/elan.c:389
(process:201965): libfprint-elan-DEBUG: 19:36:40.240: 55274025099: ../libfprint/drivers/elan.c:356
(process:201965): libfprint-elan-DEBUG: 19:36:40.240: 55274025185: ../libfprint/drivers/elan.c:345
(process:201965): libfprint-SSM-DEBUG: 19:36:40.240: [elan] CAPTURE_NUM_STATES entering state 2
(process:201965): libfprint-image_device-DEBUG: 19:36:40.240: Image device reported finger status: on
(process:201965): libfprint-elan-DEBUG: 19:36:40.240: 55274025408: ../libfprint/drivers/elan.c:356
(process:201965): libfprint-elan-DEBUG: 19:36:40.240: 55274025430: ../libfprint/drivers/elan.c:376
(process:201965): libfprint-elan-DEBUG: 19:36:40.240: 55274025450: ../libfprint/drivers/elan.c:389
(process:201965): libfprint-elan-DEBUG: 19:36:40.272: 55274057241: ../libfprint/drivers/elan.c:356
(process:201965): libfprint-elan-DEBUG: 19:36:40.272: 55274057300: ../libfprint/drivers/elan.c:345
(process:201965): libfprint-SSM-DEBUG: 19:36:40.272: [elan] CAPTURE_NUM_STATES entering state 3
(process:201965): libfprint-elan-DEBUG: 19:36:40.272: 55274057345: ../libfprint/drivers/elan.c:203
(process:201965): libfprint-elan-DEBUG: 19:36:40.272: 55274057365: ../libfprint/drivers/elan.c:118
(process:201965): libfprint-SSM-DEBUG: 19:36:40.272: [elan] CAPTURE_NUM_STATES entering state 1
(process:201965): libfprint-elan-DEBUG: 19:36:40.272: 55274057564: ../libfprint/drivers/elan.c:356
(process:201965): libfprint-elan-DEBUG: 19:36:40.272: 55274057586: ../libfprint/drivers/elan.c:376
(process:201965): libfprint-elan-DEBUG: 19:36:40.272: 55274057604: ../libfprint/drivers/elan.c:389
(process:201965): libfprint-elan-DEBUG: 19:36:40.316: 55274100959: ../libfprint/drivers/elan.c:356
(process:201965): libfprint-elan-DEBUG: 19:36:40.316: 55274101139: ../libfprint/drivers/elan.c:345
(process:201965): libfprint-SSM-DEBUG: 19:36:40.316: [elan] CAPTURE_NUM_STATES entering state 2
(process:201965): libfprint-image_device-DEBUG: 19:36:40.316: Image device reported finger status: on
(process:201965): libfprint-elan-DEBUG: 19:36:40.316: 55274101633: ../libfprint/drivers/elan.c:356
(process:201965): libfprint-elan-DEBUG: 19:36:40.316: 55274101714: ../libfprint/drivers/elan.c:376
(process:201965): libfprint-elan-DEBUG: 19:36:40.316: 55274101779: ../libfprint/drivers/elan.c:389
(process:201965): libfprint-elan-DEBUG: 19:36:40.348: 55274133666: ../libfprint/drivers/elan.c:356
(process:201965): libfprint-elan-DEBUG: 19:36:40.348: 55274133820: ../libfprint/drivers/elan.c:345
(process:201965): libfprint-SSM-DEBUG: 19:36:40.349: [elan] CAPTURE_NUM_STATES entering state 3
(process:201965): libfprint-elan-DEBUG: 19:36:40.349: 55274133955: ../libfprint/drivers/elan.c:203
(process:201965): libfprint-elan-DEBUG: 19:36:40.349: 55274134045: ../libfprint/drivers/elan.c:118
(process:201965): libfprint-SSM-DEBUG: 19:36:40.349: [elan] CAPTURE_NUM_STATES entering state 1
(process:201965): libfprint-elan-DEBUG: 19:36:40.349: 55274134682: ../libfprint/drivers/elan.c:356
(process:201965): libfprint-elan-DEBUG: 19:36:40.349: 55274134754: ../libfprint/drivers/elan.c:376
(process:201965): libfprint-elan-DEBUG: 19:36:40.349: 55274134818: ../libfprint/drivers/elan.c:389
(process:201965): libfprint-elan-DEBUG: 19:36:40.393: 55274178259: ../libfprint/drivers/elan.c:356
(process:201965): libfprint-elan-DEBUG: 19:36:40.393: 55274178342: ../libfprint/drivers/elan.c:345
(process:201965): libfprint-SSM-DEBUG: 19:36:40.393: [elan] CAPTURE_NUM_STATES entering state 2
(process:201965): libfprint-image_device-DEBUG: 19:36:40.393: Image device reported finger status: on
(process:201965): libfprint-elan-DEBUG: 19:36:40.393: 55274178541: ../libfprint/drivers/elan.c:356
(process:201965): libfprint-elan-DEBUG: 19:36:40.393: 55274178564: ../libfprint/drivers/elan.c:376
(process:201965): libfprint-elan-DEBUG: 19:36:40.393: 55274178583: ../libfprint/drivers/elan.c:389
(process:201965): libfprint-elan-DEBUG: 19:36:40.425: 55274210442: ../libfprint/drivers/elan.c:356
(process:201965): libfprint-elan-DEBUG: 19:36:40.425: 55274210574: ../libfprint/drivers/elan.c:345
(process:201965): libfprint-SSM-DEBUG: 19:36:40.425: [elan] CAPTURE_NUM_STATES entering state 3
(process:201965): libfprint-elan-DEBUG: 19:36:40.425: 55274210730: ../libfprint/drivers/elan.c:203
(process:201965): libfprint-elan-DEBUG: 19:36:40.425: 55274210795: ../libfprint/drivers/elan.c:118
(process:201965): libfprint-SSM-DEBUG: 19:36:40.426: [elan] CAPTURE_NUM_STATES entering state 1
(process:201965): libfprint-elan-DEBUG: 19:36:40.426: 55274211328: ../libfprint/drivers/elan.c:356
(process:201965): libfprint-elan-DEBUG: 19:36:40.426: 55274211408: ../libfprint/drivers/elan.c:376
(process:201965): libfprint-elan-DEBUG: 19:36:40.426: 55274211473: ../libfprint/drivers/elan.c:389
(process:201965): libfprint-elan-DEBUG: 19:36:40.469: 55274254547: ../libfprint/drivers/elan.c:356
(process:201965): libfprint-elan-DEBUG: 19:36:40.469: 55274254675: ../libfprint/drivers/elan.c:345
(process:201965): libfprint-SSM-DEBUG: 19:36:40.469: [elan] CAPTURE_NUM_STATES entering state 2
(process:201965): libfprint-image_device-DEBUG: 19:36:40.469: Image device reported finger status: on
(process:201965): libfprint-elan-DEBUG: 19:36:40.470: 55274255239: ../libfprint/drivers/elan.c:356
(process:201965): libfprint-elan-DEBUG: 19:36:40.470: 55274255316: ../libfprint/drivers/elan.c:376
(process:201965): libfprint-elan-DEBUG: 19:36:40.470: 55274255380: ../libfprint/drivers/elan.c:389
(process:201965): libfprint-elan-DEBUG: 19:36:40.502: 55274286921: ../libfprint/drivers/elan.c:356
(process:201965): libfprint-elan-DEBUG: 19:36:40.502: 55274286995: ../libfprint/drivers/elan.c:345
(process:201965): libfprint-SSM-DEBUG: 19:36:40.502: [elan] CAPTURE_NUM_STATES entering state 3
(process:201965): libfprint-elan-DEBUG: 19:36:40.502: 55274287150: ../libfprint/drivers/elan.c:203
(process:201965): libfprint-elan-DEBUG: 19:36:40.502: 55274287177: ../libfprint/drivers/elan.c:118
(process:201965): libfprint-SSM-DEBUG: 19:36:40.502: [elan] CAPTURE_NUM_STATES completed successfully
(process:201965): libfprint-elan-DEBUG: 19:36:40.502: 55274287251: ../libfprint/drivers/elan.c:609
(process:201965): libfprint-elan-DEBUG: 19:36:40.502: 55274287277: ../libfprint/drivers/elan.c:325
(process:201965): libfprint-elan-DEBUG: 19:36:40.502: 55274287385: ../libfprint/drivers/elan.c:277
(process:201965): libfprint-elan-DEBUG: 19:36:40.503: 55274288115: ../libfprint/drivers/elan.c:277
(process:201965): libfprint-elan-DEBUG: 19:36:40.503: 55274288750: ../libfprint/drivers/elan.c:277
(process:201965): libfprint-elan-DEBUG: 19:36:40.504: 55274289408: ../libfprint/drivers/elan.c:277
(process:201965): libfprint-elan-DEBUG: 19:36:40.505: 55274290077: ../libfprint/drivers/elan.c:277
(process:201965): libfprint-elan-DEBUG: 19:36:40.505: 55274290709: ../libfprint/drivers/elan.c:277
(process:201965): libfprint-elan-DEBUG: 19:36:40.506: 55274291377: ../libfprint/drivers/elan.c:277
(process:201965): libfprint-elan-DEBUG: 19:36:40.507: 55274292013: ../libfprint/drivers/elan.c:277
(process:201965): libfprint-elan-DEBUG: 19:36:40.507: 55274292638: ../libfprint/drivers/elan.c:277
(process:201965): libfprint-elan-DEBUG: 19:36:40.508: 55274293279: ../libfprint/drivers/elan.c:277
(process:201965): libfprint-elan-DEBUG: 19:36:40.509: 55274293913: ../libfprint/drivers/elan.c:277
(process:201965): libfprint-elan-DEBUG: 19:36:40.509: 55274294563: ../libfprint/drivers/elan.c:277
(process:201965): libfprint-elan-DEBUG: 19:36:40.510: 55274295221: ../libfprint/drivers/elan.c:277
(process:201965): libfprint-elan-DEBUG: 19:36:40.511: 55274295846: ../libfprint/drivers/elan.c:277
(process:201965): libfprint-elan-DEBUG: 19:36:40.511: 55274296499: ../libfprint/drivers/elan.c:277
(process:201965): libfprint-elan-DEBUG: 19:36:40.512: 55274297138: ../libfprint/drivers/elan.c:277
(process:201965): libfprint-elan-DEBUG: 19:36:40.512: 55274297745: ../libfprint/drivers/elan.c:277
(process:201965): libfprint-elan-DEBUG: 19:36:40.513: 55274298359: ../libfprint/drivers/elan.c:277
(process:201965): libfprint-elan-DEBUG: 19:36:40.514: 55274298945: ../libfprint/drivers/elan.c:277
(process:201965): libfprint-elan-DEBUG: 19:36:40.514: 55274299527: ../libfprint/drivers/elan.c:277
(process:201965): libfprint-elan-DEBUG: 19:36:40.515: 55274300076: ../libfprint/drivers/elan.c:277
(process:201965): libfprint-elan-DEBUG: 19:36:40.515: 55274300552: ../libfprint/drivers/elan.c:277
(process:201965): libfprint-elan-DEBUG: 19:36:40.516: 55274301167: ../libfprint/drivers/elan.c:277
(process:201965): libfprint-elan-DEBUG: 19:36:40.516: 55274301789: ../libfprint/drivers/elan.c:277
(process:201965): libfprint-elan-DEBUG: 19:36:40.517: 55274302435: ../libfprint/drivers/elan.c:277
(process:201965): libfprint-elan-DEBUG: 19:36:40.518: 55274303070: ../libfprint/drivers/elan.c:277
(process:201965): libfprint-elan-DEBUG: 19:36:40.518: 55274303703: ../libfprint/drivers/elan.c:277
(process:201965): libfprint-elan-DEBUG: 19:36:40.519: 55274304344: ../libfprint/drivers/elan.c:277
(process:201965): libfprint-assembling-DEBUG: 19:36:40.811: calc delta completed in 0.291242 secs
(process:201965): libfprint-assembling-DEBUG: 19:36:41.087: calc delta completed in 0.276415 secs
(process:201965): libfprint-assembling-DEBUG: 19:36:41.087: errors: 141200 rev: 152093
(process:201965): libfprint-assembling-DEBUG: 19:36:41.365: calc delta completed in 0.277811 secs
(process:201965): libfprint-assembling-DEBUG: 19:36:41.365: height is 75
(process:201965): libfprint-image_device-DEBUG: 19:36:41.366: Image device captured an image
(process:201965): libfprint-image_device-DEBUG: 19:36:41.366: Image device internal state change from FPI_IMAGE_DEVICE_STATE_CAPTURE to FPI_IMAGE_DEVICE_STATE_AWAIT_FINGER_OFF
(process:201965): libfprint-elan-DEBUG: 19:36:41.366: 55275151327: ../libfprint/drivers/elan.c:1000
(process:201965): libfprint-device-DEBUG: 19:36:41.366: Device reported finger status change: FP_FINGER_STATUS_NEEDED | FP_FINGER_STATUS_PRESENT -> FP_FINGER_STATUS_PRESENT
(process:201965): libfprint-elan-DEBUG: 19:36:41.366: 55275151375: ../libfprint/drivers/elan.c:517
(process:201965): libfprint-elan-DEBUG: 19:36:41.366: 55275151395: ../libfprint/drivers/elan.c:100
(process:201965): libfprint-SSM-DEBUG: 19:36:41.366: [elan] STOP_CAPTURE_NUM_STATES entering state 0
(process:201965): libfprint-elan-DEBUG: 19:36:41.366: 55275151452: ../libfprint/drivers/elan.c:476
(process:201965): libfprint-elan-DEBUG: 19:36:41.366: 55275151606: ../libfprint/drivers/elan.c:356
(process:201965): libfprint-elan-DEBUG: 19:36:41.366: 55275151627: ../libfprint/drivers/elan.c:376
(process:201965): libfprint-elan-DEBUG: 19:36:41.366: 55275151645: ../libfprint/drivers/elan.c:389
(process:201965): libfprint-elan-DEBUG: 19:36:41.366: skipping read, not expecting anything
(process:201965): libfprint-elan-DEBUG: 19:36:41.366: 55275151681: ../libfprint/drivers/elan.c:345
(process:201965): libfprint-SSM-DEBUG: 19:36:41.366: [elan] STOP_CAPTURE_NUM_STATES completed successfully
(process:201965): libfprint-elan-DEBUG: 19:36:41.366: 55275151719: ../libfprint/drivers/elan.c:493
(process:201965): libfprint-device-DEBUG: 19:36:41.366: Device reported finger status change: FP_FINGER_STATUS_PRESENT -> FP_FINGER_STATUS_NONE
(process:201965): libfprint-image_device-DEBUG: 19:36:41.366: Image device reported finger status: off
(process:201965): libfprint-image_device-DEBUG: 19:36:41.366: Image device internal state change from FPI_IMAGE_DEVICE_STATE_AWAIT_FINGER_OFF to FPI_IMAGE_DEVICE_STATE_IDLE
(process:201965): libfprint-elan-DEBUG: 19:36:41.366: 55275151802: ../libfprint/drivers/elan.c:1000
(process:201965): libfprint-image-DEBUG: 19:36:41.374: Minutiae scan completed in 0.007798 secs
(process:201965): libfprint-device-DEBUG: 19:36:41.374: Device reported enroll progress, reported 4 of 5 have been completed
  stage 4: err=None
(process:201965): libfprint-image_device-DEBUG: 19:36:41.374: Image device internal state change from FPI_IMAGE_DEVICE_STATE_IDLE to FPI_IMAGE_DEVICE_STATE_AWAIT_FINGER_ON
(process:201965): libfprint-elan-DEBUG: 19:36:41.374: 55275159703: ../libfprint/drivers/elan.c:1000
(process:201965): libfprint-elan-DEBUG: 19:36:41.374: 55275159758: ../libfprint/drivers/elan.c:832
(process:201965): libfprint-elan-DEBUG: 19:36:41.374: 55275159781: ../libfprint/drivers/elan.c:100
(process:201965): libfprint-SSM-DEBUG: 19:36:41.374: [elan] CALIBRATE_NUM_STATES entering state 0
(process:201965): libfprint-elan-DEBUG: 19:36:41.374: 55275159828: ../libfprint/drivers/elan.c:714
(process:201965): libfprint-device-DEBUG: 19:36:41.375: Device reported finger status change: FP_FINGER_STATUS_NONE -> FP_FINGER_STATUS_NEEDED
(process:201965): libfprint-elan-DEBUG: 19:36:41.375: 55275160103: ../libfprint/drivers/elan.c:356
(process:201965): libfprint-elan-DEBUG: 19:36:41.375: 55275160131: ../libfprint/drivers/elan.c:376
(process:201965): libfprint-elan-DEBUG: 19:36:41.375: 55275160182: ../libfprint/drivers/elan.c:389
(process:201965): libfprint-elan-DEBUG: 19:36:41.448: 55275233515: ../libfprint/drivers/elan.c:356
(process:201965): libfprint-elan-DEBUG: 19:36:41.448: 55275233707: ../libfprint/drivers/elan.c:345
(process:201965): libfprint-SSM-DEBUG: 19:36:41.448: [elan] CALIBRATE_NUM_STATES entering state 1
(process:201965): libfprint-elan-DEBUG: 19:36:41.448: 55275233770: ../libfprint/drivers/elan.c:714
(process:201965): libfprint-elan-DEBUG: 19:36:41.448: 55275233789: ../libfprint/drivers/elan.c:156
(process:201965): libfprint-elan-DEBUG: 19:36:41.448: 55275233809: ../libfprint/drivers/elan.c:118
(process:201965): libfprint-SSM-DEBUG: 19:36:41.448: [elan] CALIBRATE_NUM_STATES entering state 2
(process:201965): libfprint-elan-DEBUG: 19:36:41.449: 55275233853: ../libfprint/drivers/elan.c:714
(process:201965): libfprint-elan-DEBUG: 19:36:41.449: 55275233963: ../libfprint/drivers/elan.c:356
(process:201965): libfprint-elan-DEBUG: 19:36:41.449: 55275233989: ../libfprint/drivers/elan.c:376
(process:201965): libfprint-elan-DEBUG: 19:36:41.449: 55275234018: ../libfprint/drivers/elan.c:389
(process:201965): libfprint-elan-DEBUG: 19:36:41.491: 55275276813: ../libfprint/drivers/elan.c:356
(process:201965): libfprint-elan-DEBUG: 19:36:41.492: 55275276894: ../libfprint/drivers/elan.c:345
(process:201965): libfprint-SSM-DEBUG: 19:36:41.492: [elan] CALIBRATE_NUM_STATES entering state 3
(process:201965): libfprint-elan-DEBUG: 19:36:41.492: 55275276937: ../libfprint/drivers/elan.c:714
(process:201965): libfprint-elan-DEBUG: 19:36:41.492: 55275276955: ../libfprint/drivers/elan.c:657
(process:201965): libfprint-elan-DEBUG: 19:36:41.492: calibration mean: 8308, bg mean: 8796, delta: 488
(process:201965): libfprint-SSM-DEBUG: 19:36:41.492: [elan] CALIBRATE_NUM_STATES completed successfully
(process:201965): libfprint-elan-DEBUG: 19:36:41.492: 55275277027: ../libfprint/drivers/elan.c:816
(process:201965): libfprint-elan-DEBUG: 19:36:41.492: 55275277046: ../libfprint/drivers/elan.c:643
(process:201965): libfprint-elan-DEBUG: 19:36:41.492: 55275277064: ../libfprint/drivers/elan.c:100
(process:201965): libfprint-SSM-DEBUG: 19:36:41.492: [elan] CAPTURE_NUM_STATES entering state 0
(process:201965): libfprint-elan-DEBUG: 19:36:41.492: 55275277264: ../libfprint/drivers/elan.c:356
(process:201965): libfprint-elan-DEBUG: 19:36:41.492: 55275277291: ../libfprint/drivers/elan.c:376
(process:201965): libfprint-elan-DEBUG: 19:36:41.492: 55275277311: ../libfprint/drivers/elan.c:389
(process:201965): libfprint-elan-DEBUG: 19:36:41.492: skipping read, not expecting anything
(process:201965): libfprint-elan-DEBUG: 19:36:41.492: 55275277348: ../libfprint/drivers/elan.c:345
(process:201965): libfprint-SSM-DEBUG: 19:36:41.492: [elan] CAPTURE_NUM_STATES entering state 1
(process:201965): libfprint-elan-DEBUG: 19:36:41.493: 55275278031: ../libfprint/drivers/elan.c:356
(process:201965): libfprint-elan-DEBUG: 19:36:41.493: 55275278057: ../libfprint/drivers/elan.c:376
(process:201965): libfprint-elan-DEBUG: 19:36:41.493: 55275278076: ../libfprint/drivers/elan.c:389
(process:201965): libfprint-elan-DEBUG: 19:36:41.578: 55275363210: ../libfprint/drivers/elan.c:356
(process:201965): libfprint-elan-DEBUG: 19:36:41.578: 55275363344: ../libfprint/drivers/elan.c:345
(process:201965): libfprint-SSM-DEBUG: 19:36:41.578: [elan] CAPTURE_NUM_STATES entering state 2
(process:201965): libfprint-SSM-DEBUG: 19:36:41.588: [elan] CAPTURE_NUM_STATES entering state 1
(process:201965): libfprint-elan-DEBUG: 19:36:41.588: 55275373598: ../libfprint/drivers/elan.c:356
(process:201965): libfprint-elan-DEBUG: 19:36:41.588: 55275373631: ../libfprint/drivers/elan.c:376
(process:201965): libfprint-elan-DEBUG: 19:36:41.588: 55275373657: ../libfprint/drivers/elan.c:389
(process:201965): libfprint-elan-DEBUG: 19:36:41.632: 55275417115: ../libfprint/drivers/elan.c:356
(process:201965): libfprint-elan-DEBUG: 19:36:41.632: 55275417262: ../libfprint/drivers/elan.c:345
(process:201965): libfprint-SSM-DEBUG: 19:36:41.632: [elan] CAPTURE_NUM_STATES entering state 2
(process:201965): libfprint-SSM-DEBUG: 19:36:41.642: [elan] CAPTURE_NUM_STATES entering state 1
(process:201965): libfprint-elan-DEBUG: 19:36:41.642: 55275427643: ../libfprint/drivers/elan.c:356
(process:201965): libfprint-elan-DEBUG: 19:36:41.642: 55275427736: ../libfprint/drivers/elan.c:376
(process:201965): libfprint-elan-DEBUG: 19:36:41.642: 55275427801: ../libfprint/drivers/elan.c:389
(process:201965): libfprint-elan-DEBUG: 19:36:41.686: 55275470994: ../libfprint/drivers/elan.c:356
(process:201965): libfprint-elan-DEBUG: 19:36:41.686: 55275471181: ../libfprint/drivers/elan.c:345
(process:201965): libfprint-SSM-DEBUG: 19:36:41.686: [elan] CAPTURE_NUM_STATES entering state 2
(process:201965): libfprint-SSM-DEBUG: 19:36:41.696: [elan] CAPTURE_NUM_STATES entering state 1
(process:201965): libfprint-elan-DEBUG: 19:36:41.696: 55275481832: ../libfprint/drivers/elan.c:356
(process:201965): libfprint-elan-DEBUG: 19:36:41.697: 55275481916: ../libfprint/drivers/elan.c:376
(process:201965): libfprint-elan-DEBUG: 19:36:41.697: 55275481979: ../libfprint/drivers/elan.c:389
(process:201965): libfprint-elan-DEBUG: 19:36:41.740: 55275524989: ../libfprint/drivers/elan.c:356
(process:201965): libfprint-elan-DEBUG: 19:36:41.740: 55275525056: ../libfprint/drivers/elan.c:345
(process:201965): libfprint-SSM-DEBUG: 19:36:41.740: [elan] CAPTURE_NUM_STATES entering state 2
(process:201965): libfprint-SSM-DEBUG: 19:36:41.750: [elan] CAPTURE_NUM_STATES entering state 1
(process:201965): libfprint-elan-DEBUG: 19:36:41.750: 55275535528: ../libfprint/drivers/elan.c:356
(process:201965): libfprint-elan-DEBUG: 19:36:41.750: 55275535554: ../libfprint/drivers/elan.c:376
(process:201965): libfprint-elan-DEBUG: 19:36:41.750: 55275535573: ../libfprint/drivers/elan.c:389
(process:201965): libfprint-elan-DEBUG: 19:36:41.794: 55275578909: ../libfprint/drivers/elan.c:356
(process:201965): libfprint-elan-DEBUG: 19:36:41.794: 55275579020: ../libfprint/drivers/elan.c:345
(process:201965): libfprint-SSM-DEBUG: 19:36:41.794: [elan] CAPTURE_NUM_STATES entering state 2
(process:201965): libfprint-SSM-DEBUG: 19:36:41.804: [elan] CAPTURE_NUM_STATES entering state 1
(process:201965): libfprint-elan-DEBUG: 19:36:41.804: 55275589656: ../libfprint/drivers/elan.c:356
(process:201965): libfprint-elan-DEBUG: 19:36:41.804: 55275589706: ../libfprint/drivers/elan.c:376
(process:201965): libfprint-elan-DEBUG: 19:36:41.804: 55275589746: ../libfprint/drivers/elan.c:389
(process:201965): libfprint-elan-DEBUG: 19:36:41.847: 55275632830: ../libfprint/drivers/elan.c:356
(process:201965): libfprint-elan-DEBUG: 19:36:41.848: 55275632889: ../libfprint/drivers/elan.c:345
(process:201965): libfprint-SSM-DEBUG: 19:36:41.848: [elan] CAPTURE_NUM_STATES entering state 2
(process:201965): libfprint-SSM-DEBUG: 19:36:41.858: [elan] CAPTURE_NUM_STATES entering state 1
(process:201965): libfprint-elan-DEBUG: 19:36:41.858: 55275643476: ../libfprint/drivers/elan.c:356
(process:201965): libfprint-elan-DEBUG: 19:36:41.858: 55275643501: ../libfprint/drivers/elan.c:376
(process:201965): libfprint-elan-DEBUG: 19:36:41.858: 55275643520: ../libfprint/drivers/elan.c:389
(process:201965): libfprint-elan-DEBUG: 19:36:41.901: 55275686742: ../libfprint/drivers/elan.c:356
(process:201965): libfprint-elan-DEBUG: 19:36:41.902: 55275686882: ../libfprint/drivers/elan.c:345
(process:201965): libfprint-SSM-DEBUG: 19:36:41.902: [elan] CAPTURE_NUM_STATES entering state 2
(process:201965): libfprint-SSM-DEBUG: 19:36:41.912: [elan] CAPTURE_NUM_STATES entering state 1
(process:201965): libfprint-elan-DEBUG: 19:36:41.912: 55275697468: ../libfprint/drivers/elan.c:356
(process:201965): libfprint-elan-DEBUG: 19:36:41.912: 55275697563: ../libfprint/drivers/elan.c:376
(process:201965): libfprint-elan-DEBUG: 19:36:41.912: 55275697627: ../libfprint/drivers/elan.c:389
(process:201965): libfprint-elan-DEBUG: 19:36:41.956: 55275740910: ../libfprint/drivers/elan.c:356
(process:201965): libfprint-elan-DEBUG: 19:36:41.956: 55275740973: ../libfprint/drivers/elan.c:345
(process:201965): libfprint-SSM-DEBUG: 19:36:41.956: [elan] CAPTURE_NUM_STATES entering state 2
(process:201965): libfprint-SSM-DEBUG: 19:36:41.966: [elan] CAPTURE_NUM_STATES entering state 1
(process:201965): libfprint-elan-DEBUG: 19:36:41.966: 55275751507: ../libfprint/drivers/elan.c:356
(process:201965): libfprint-elan-DEBUG: 19:36:41.966: 55275751533: ../libfprint/drivers/elan.c:376
(process:201965): libfprint-elan-DEBUG: 19:36:41.966: 55275751552: ../libfprint/drivers/elan.c:389
(process:201965): libfprint-elan-DEBUG: 19:36:42.010: 55275795178: ../libfprint/drivers/elan.c:356
(process:201965): libfprint-elan-DEBUG: 19:36:42.010: 55275795249: ../libfprint/drivers/elan.c:345
(process:201965): libfprint-SSM-DEBUG: 19:36:42.010: [elan] CAPTURE_NUM_STATES entering state 2
(process:201965): libfprint-SSM-DEBUG: 19:36:42.020: [elan] CAPTURE_NUM_STATES entering state 1
(process:201965): libfprint-elan-DEBUG: 19:36:42.020: 55275805557: ../libfprint/drivers/elan.c:356
(process:201965): libfprint-elan-DEBUG: 19:36:42.020: 55275805582: ../libfprint/drivers/elan.c:376
(process:201965): libfprint-elan-DEBUG: 19:36:42.020: 55275805601: ../libfprint/drivers/elan.c:389
(process:201965): libfprint-elan-DEBUG: 19:36:42.064: 55275848995: ../libfprint/drivers/elan.c:356
(process:201965): libfprint-elan-DEBUG: 19:36:42.064: 55275849079: ../libfprint/drivers/elan.c:345
(process:201965): libfprint-SSM-DEBUG: 19:36:42.064: [elan] CAPTURE_NUM_STATES entering state 2
(process:201965): libfprint-SSM-DEBUG: 19:36:42.074: [elan] CAPTURE_NUM_STATES entering state 1
(process:201965): libfprint-elan-DEBUG: 19:36:42.074: 55275859587: ../libfprint/drivers/elan.c:356
(process:201965): libfprint-elan-DEBUG: 19:36:42.074: 55275859614: ../libfprint/drivers/elan.c:376
(process:201965): libfprint-elan-DEBUG: 19:36:42.074: 55275859663: ../libfprint/drivers/elan.c:389
(process:201965): libfprint-elan-DEBUG: 19:36:42.117: 55275902761: ../libfprint/drivers/elan.c:356
(process:201965): libfprint-elan-DEBUG: 19:36:42.118: 55275902899: ../libfprint/drivers/elan.c:345
(process:201965): libfprint-SSM-DEBUG: 19:36:42.118: [elan] CAPTURE_NUM_STATES entering state 2
(process:201965): libfprint-SSM-DEBUG: 19:36:42.128: [elan] CAPTURE_NUM_STATES entering state 1
(process:201965): libfprint-elan-DEBUG: 19:36:42.128: 55275913648: ../libfprint/drivers/elan.c:356
(process:201965): libfprint-elan-DEBUG: 19:36:42.128: 55275913737: ../libfprint/drivers/elan.c:376
(process:201965): libfprint-elan-DEBUG: 19:36:42.128: 55275913802: ../libfprint/drivers/elan.c:389
(process:201965): libfprint-elan-DEBUG: 19:36:42.171: 55275956599: ../libfprint/drivers/elan.c:356
(process:201965): libfprint-elan-DEBUG: 19:36:42.171: 55275956680: ../libfprint/drivers/elan.c:345
(process:201965): libfprint-SSM-DEBUG: 19:36:42.171: [elan] CAPTURE_NUM_STATES entering state 2
(process:201965): libfprint-SSM-DEBUG: 19:36:42.182: [elan] CAPTURE_NUM_STATES entering state 1
(process:201965): libfprint-elan-DEBUG: 19:36:42.182: 55275967195: ../libfprint/drivers/elan.c:356
(process:201965): libfprint-elan-DEBUG: 19:36:42.182: 55275967221: ../libfprint/drivers/elan.c:376
(process:201965): libfprint-elan-DEBUG: 19:36:42.182: 55275967240: ../libfprint/drivers/elan.c:389
(process:201965): libfprint-elan-DEBUG: 19:36:42.225: 55276010409: ../libfprint/drivers/elan.c:356
(process:201965): libfprint-elan-DEBUG: 19:36:42.225: 55276010502: ../libfprint/drivers/elan.c:345
(process:201965): libfprint-SSM-DEBUG: 19:36:42.225: [elan] CAPTURE_NUM_STATES entering state 2
(process:201965): libfprint-SSM-DEBUG: 19:36:42.235: [elan] CAPTURE_NUM_STATES entering state 1
(process:201965): libfprint-elan-DEBUG: 19:36:42.236: 55276021071: ../libfprint/drivers/elan.c:356
(process:201965): libfprint-elan-DEBUG: 19:36:42.236: 55276021099: ../libfprint/drivers/elan.c:376
(process:201965): libfprint-elan-DEBUG: 19:36:42.236: 55276021129: ../libfprint/drivers/elan.c:389
(process:201965): libfprint-elan-DEBUG: 19:36:42.279: 55276064562: ../libfprint/drivers/elan.c:356
(process:201965): libfprint-elan-DEBUG: 19:36:42.279: 55276064638: ../libfprint/drivers/elan.c:345
(process:201965): libfprint-SSM-DEBUG: 19:36:42.279: [elan] CAPTURE_NUM_STATES entering state 2
(process:201965): libfprint-SSM-DEBUG: 19:36:42.289: [elan] CAPTURE_NUM_STATES entering state 1
(process:201965): libfprint-elan-DEBUG: 19:36:42.290: 55276075302: ../libfprint/drivers/elan.c:356
(process:201965): libfprint-elan-DEBUG: 19:36:42.290: 55276075330: ../libfprint/drivers/elan.c:376
(process:201965): libfprint-elan-DEBUG: 19:36:42.290: 55276075411: ../libfprint/drivers/elan.c:389
(process:201965): libfprint-elan-DEBUG: 19:36:42.333: 55276118466: ../libfprint/drivers/elan.c:356
(process:201965): libfprint-elan-DEBUG: 19:36:42.333: 55276118609: ../libfprint/drivers/elan.c:345
(process:201965): libfprint-SSM-DEBUG: 19:36:42.333: [elan] CAPTURE_NUM_STATES entering state 2
(process:201965): libfprint-SSM-DEBUG: 19:36:42.343: [elan] CAPTURE_NUM_STATES entering state 1
(process:201965): libfprint-elan-DEBUG: 19:36:42.344: 55276129223: ../libfprint/drivers/elan.c:356
(process:201965): libfprint-elan-DEBUG: 19:36:42.344: 55276129314: ../libfprint/drivers/elan.c:376
(process:201965): libfprint-elan-DEBUG: 19:36:42.344: 55276129378: ../libfprint/drivers/elan.c:389
(process:201965): libfprint-elan-DEBUG: 19:36:42.387: 55276172443: ../libfprint/drivers/elan.c:356
(process:201965): libfprint-elan-DEBUG: 19:36:42.387: 55276172510: ../libfprint/drivers/elan.c:345
(process:201965): libfprint-SSM-DEBUG: 19:36:42.387: [elan] CAPTURE_NUM_STATES entering state 2
(process:201965): libfprint-SSM-DEBUG: 19:36:42.397: [elan] CAPTURE_NUM_STATES entering state 1
(process:201965): libfprint-elan-DEBUG: 19:36:42.398: 55276182956: ../libfprint/drivers/elan.c:356
(process:201965): libfprint-elan-DEBUG: 19:36:42.398: 55276182993: ../libfprint/drivers/elan.c:376
(process:201965): libfprint-elan-DEBUG: 19:36:42.398: 55276183026: ../libfprint/drivers/elan.c:389
(process:201965): libfprint-elan-DEBUG: 19:36:42.441: 55276226455: ../libfprint/drivers/elan.c:356
(process:201965): libfprint-elan-DEBUG: 19:36:42.441: 55276226598: ../libfprint/drivers/elan.c:345
(process:201965): libfprint-SSM-DEBUG: 19:36:42.441: [elan] CAPTURE_NUM_STATES entering state 2
(process:201965): libfprint-SSM-DEBUG: 19:36:42.451: [elan] CAPTURE_NUM_STATES entering state 1
(process:201965): libfprint-elan-DEBUG: 19:36:42.452: 55276237085: ../libfprint/drivers/elan.c:356
(process:201965): libfprint-elan-DEBUG: 19:36:42.452: 55276237173: ../libfprint/drivers/elan.c:376
(process:201965): libfprint-elan-DEBUG: 19:36:42.452: 55276237237: ../libfprint/drivers/elan.c:389
(process:201965): libfprint-elan-DEBUG: 19:36:42.495: 55276280225: ../libfprint/drivers/elan.c:356
(process:201965): libfprint-elan-DEBUG: 19:36:42.495: 55276280288: ../libfprint/drivers/elan.c:345
(process:201965): libfprint-SSM-DEBUG: 19:36:42.495: [elan] CAPTURE_NUM_STATES entering state 2
(process:201965): libfprint-SSM-DEBUG: 19:36:42.505: [elan] CAPTURE_NUM_STATES entering state 1
(process:201965): libfprint-elan-DEBUG: 19:36:42.505: 55276290581: ../libfprint/drivers/elan.c:356
(process:201965): libfprint-elan-DEBUG: 19:36:42.505: 55276290606: ../libfprint/drivers/elan.c:376
(process:201965): libfprint-elan-DEBUG: 19:36:42.505: 55276290626: ../libfprint/drivers/elan.c:389
(process:201965): libfprint-elan-DEBUG: 19:36:42.549: 55276334481: ../libfprint/drivers/elan.c:356
(process:201965): libfprint-elan-DEBUG: 19:36:42.549: 55276334623: ../libfprint/drivers/elan.c:345
(process:201965): libfprint-SSM-DEBUG: 19:36:42.549: [elan] CAPTURE_NUM_STATES entering state 2
(process:201965): libfprint-SSM-DEBUG: 19:36:42.559: [elan] CAPTURE_NUM_STATES entering state 1
(process:201965): libfprint-elan-DEBUG: 19:36:42.560: 55276345194: ../libfprint/drivers/elan.c:356
(process:201965): libfprint-elan-DEBUG: 19:36:42.560: 55276345274: ../libfprint/drivers/elan.c:376
(process:201965): libfprint-elan-DEBUG: 19:36:42.560: 55276345337: ../libfprint/drivers/elan.c:389
(process:201965): libfprint-elan-DEBUG: 19:36:42.603: 55276388117: ../libfprint/drivers/elan.c:356
(process:201965): libfprint-elan-DEBUG: 19:36:42.603: 55276388206: ../libfprint/drivers/elan.c:345
(process:201965): libfprint-SSM-DEBUG: 19:36:42.603: [elan] CAPTURE_NUM_STATES entering state 2
(process:201965): libfprint-SSM-DEBUG: 19:36:42.613: [elan] CAPTURE_NUM_STATES entering state 1
(process:201965): libfprint-elan-DEBUG: 19:36:42.613: 55276398536: ../libfprint/drivers/elan.c:356
(process:201965): libfprint-elan-DEBUG: 19:36:42.613: 55276398565: ../libfprint/drivers/elan.c:376
(process:201965): libfprint-elan-DEBUG: 19:36:42.613: 55276398584: ../libfprint/drivers/elan.c:389
(process:201965): libfprint-elan-DEBUG: 19:36:42.657: 55276441890: ../libfprint/drivers/elan.c:356
(process:201965): libfprint-elan-DEBUG: 19:36:42.657: 55276441973: ../libfprint/drivers/elan.c:345
(process:201965): libfprint-SSM-DEBUG: 19:36:42.657: [elan] CAPTURE_NUM_STATES entering state 2
(process:201965): libfprint-SSM-DEBUG: 19:36:42.667: [elan] CAPTURE_NUM_STATES entering state 1
(process:201965): libfprint-elan-DEBUG: 19:36:42.667: 55276452742: ../libfprint/drivers/elan.c:356
(process:201965): libfprint-elan-DEBUG: 19:36:42.667: 55276452831: ../libfprint/drivers/elan.c:376
(process:201965): libfprint-elan-DEBUG: 19:36:42.668: 55276452896: ../libfprint/drivers/elan.c:389
(process:201965): libfprint-elan-DEBUG: 19:36:42.710: 55276495512: ../libfprint/drivers/elan.c:356
(process:201965): libfprint-elan-DEBUG: 19:36:42.710: 55276495597: ../libfprint/drivers/elan.c:345
(process:201965): libfprint-SSM-DEBUG: 19:36:42.710: [elan] CAPTURE_NUM_STATES entering state 2
(process:201965): libfprint-SSM-DEBUG: 19:36:42.720: [elan] CAPTURE_NUM_STATES entering state 1
(process:201965): libfprint-elan-DEBUG: 19:36:42.721: 55276505926: ../libfprint/drivers/elan.c:356
(process:201965): libfprint-elan-DEBUG: 19:36:42.721: 55276505958: ../libfprint/drivers/elan.c:376
(process:201965): libfprint-elan-DEBUG: 19:36:42.721: 55276505978: ../libfprint/drivers/elan.c:389
(process:201965): libfprint-elan-DEBUG: 19:36:42.764: 55276549360: ../libfprint/drivers/elan.c:356
(process:201965): libfprint-elan-DEBUG: 19:36:42.764: 55276549439: ../libfprint/drivers/elan.c:345
(process:201965): libfprint-SSM-DEBUG: 19:36:42.764: [elan] CAPTURE_NUM_STATES entering state 2
(process:201965): libfprint-SSM-DEBUG: 19:36:42.774: [elan] CAPTURE_NUM_STATES entering state 1
(process:201965): libfprint-elan-DEBUG: 19:36:42.775: 55276560050: ../libfprint/drivers/elan.c:356
(process:201965): libfprint-elan-DEBUG: 19:36:42.775: 55276560143: ../libfprint/drivers/elan.c:376
(process:201965): libfprint-elan-DEBUG: 19:36:42.775: 55276560208: ../libfprint/drivers/elan.c:389
(process:201965): libfprint-elan-DEBUG: 19:36:42.818: 55276603445: ../libfprint/drivers/elan.c:356
(process:201965): libfprint-elan-DEBUG: 19:36:42.818: 55276603514: ../libfprint/drivers/elan.c:345
(process:201965): libfprint-SSM-DEBUG: 19:36:42.818: [elan] CAPTURE_NUM_STATES entering state 2
(process:201965): libfprint-SSM-DEBUG: 19:36:42.828: [elan] CAPTURE_NUM_STATES entering state 1
(process:201965): libfprint-elan-DEBUG: 19:36:42.829: 55276613981: ../libfprint/drivers/elan.c:356
(process:201965): libfprint-elan-DEBUG: 19:36:42.829: 55276614025: ../libfprint/drivers/elan.c:376
(process:201965): libfprint-elan-DEBUG: 19:36:42.829: 55276614044: ../libfprint/drivers/elan.c:389
(process:201965): libfprint-elan-DEBUG: 19:36:42.872: 55276657518: ../libfprint/drivers/elan.c:356
(process:201965): libfprint-elan-DEBUG: 19:36:42.872: 55276657655: ../libfprint/drivers/elan.c:345
(process:201965): libfprint-SSM-DEBUG: 19:36:42.872: [elan] CAPTURE_NUM_STATES entering state 2
(process:201965): libfprint-SSM-DEBUG: 19:36:42.882: [elan] CAPTURE_NUM_STATES entering state 1
(process:201965): libfprint-elan-DEBUG: 19:36:42.883: 55276668290: ../libfprint/drivers/elan.c:356
(process:201965): libfprint-elan-DEBUG: 19:36:42.883: 55276668368: ../libfprint/drivers/elan.c:376
(process:201965): libfprint-elan-DEBUG: 19:36:42.883: 55276668431: ../libfprint/drivers/elan.c:389
(process:201965): libfprint-elan-DEBUG: 19:36:42.927: 55276712110: ../libfprint/drivers/elan.c:356
(process:201965): libfprint-elan-DEBUG: 19:36:42.927: 55276712190: ../libfprint/drivers/elan.c:345
(process:201965): libfprint-SSM-DEBUG: 19:36:42.927: [elan] CAPTURE_NUM_STATES entering state 2
(process:201965): libfprint-SSM-DEBUG: 19:36:42.937: [elan] CAPTURE_NUM_STATES entering state 1
(process:201965): libfprint-elan-DEBUG: 19:36:42.937: 55276722563: ../libfprint/drivers/elan.c:356
(process:201965): libfprint-elan-DEBUG: 19:36:42.937: 55276722588: ../libfprint/drivers/elan.c:376
(process:201965): libfprint-elan-DEBUG: 19:36:42.937: 55276722607: ../libfprint/drivers/elan.c:389
(process:201965): libfprint-elan-DEBUG: 19:36:42.981: 55276765944: ../libfprint/drivers/elan.c:356
(process:201965): libfprint-elan-DEBUG: 19:36:42.981: 55276766155: ../libfprint/drivers/elan.c:345
(process:201965): libfprint-SSM-DEBUG: 19:36:42.981: [elan] CAPTURE_NUM_STATES entering state 2
(process:201965): libfprint-SSM-DEBUG: 19:36:42.991: [elan] CAPTURE_NUM_STATES entering state 1
(process:201965): libfprint-elan-DEBUG: 19:36:42.991: 55276776631: ../libfprint/drivers/elan.c:356
(process:201965): libfprint-elan-DEBUG: 19:36:42.991: 55276776723: ../libfprint/drivers/elan.c:376
(process:201965): libfprint-elan-DEBUG: 19:36:42.991: 55276776786: ../libfprint/drivers/elan.c:389
(process:201965): libfprint-elan-DEBUG: 19:36:43.034: 55276819589: ../libfprint/drivers/elan.c:356
(process:201965): libfprint-elan-DEBUG: 19:36:43.034: 55276819693: ../libfprint/drivers/elan.c:345
(process:201965): libfprint-SSM-DEBUG: 19:36:43.034: [elan] CAPTURE_NUM_STATES entering state 2
(process:201965): libfprint-SSM-DEBUG: 19:36:43.044: [elan] CAPTURE_NUM_STATES entering state 1
(process:201965): libfprint-elan-DEBUG: 19:36:43.045: 55276830173: ../libfprint/drivers/elan.c:356
(process:201965): libfprint-elan-DEBUG: 19:36:43.045: 55276830204: ../libfprint/drivers/elan.c:376
(process:201965): libfprint-elan-DEBUG: 19:36:43.045: 55276830224: ../libfprint/drivers/elan.c:389
(process:201965): libfprint-elan-DEBUG: 19:36:43.089: 55276874035: ../libfprint/drivers/elan.c:356
(process:201965): libfprint-elan-DEBUG: 19:36:43.089: 55276874176: ../libfprint/drivers/elan.c:345
(process:201965): libfprint-SSM-DEBUG: 19:36:43.089: [elan] CAPTURE_NUM_STATES entering state 2
(process:201965): libfprint-SSM-DEBUG: 19:36:43.099: [elan] CAPTURE_NUM_STATES entering state 1
(process:201965): libfprint-elan-DEBUG: 19:36:43.099: 55276884635: ../libfprint/drivers/elan.c:356
(process:201965): libfprint-elan-DEBUG: 19:36:43.099: 55276884715: ../libfprint/drivers/elan.c:376
(process:201965): libfprint-elan-DEBUG: 19:36:43.099: 55276884778: ../libfprint/drivers/elan.c:389
(process:201965): libfprint-elan-DEBUG: 19:36:43.142: 55276927822: ../libfprint/drivers/elan.c:356
(process:201965): libfprint-elan-DEBUG: 19:36:43.143: 55276927882: ../libfprint/drivers/elan.c:345
(process:201965): libfprint-SSM-DEBUG: 19:36:43.143: [elan] CAPTURE_NUM_STATES entering state 2
(process:201965): libfprint-SSM-DEBUG: 19:36:43.153: [elan] CAPTURE_NUM_STATES entering state 1
(process:201965): libfprint-elan-DEBUG: 19:36:43.153: 55276938293: ../libfprint/drivers/elan.c:356
(process:201965): libfprint-elan-DEBUG: 19:36:43.153: 55276938318: ../libfprint/drivers/elan.c:376
(process:201965): libfprint-elan-DEBUG: 19:36:43.153: 55276938337: ../libfprint/drivers/elan.c:389
(process:201965): libfprint-elan-DEBUG: 19:36:43.196: 55276981670: ../libfprint/drivers/elan.c:356
(process:201965): libfprint-elan-DEBUG: 19:36:43.196: 55276981812: ../libfprint/drivers/elan.c:345
(process:201965): libfprint-SSM-DEBUG: 19:36:43.197: [elan] CAPTURE_NUM_STATES entering state 2
(process:201965): libfprint-SSM-DEBUG: 19:36:43.206: [elan] CAPTURE_NUM_STATES entering state 1
(process:201965): libfprint-elan-DEBUG: 19:36:43.207: 55276992437: ../libfprint/drivers/elan.c:356
(process:201965): libfprint-elan-DEBUG: 19:36:43.207: 55276992520: ../libfprint/drivers/elan.c:376
(process:201965): libfprint-elan-DEBUG: 19:36:43.207: 55276992585: ../libfprint/drivers/elan.c:389
(process:201965): libfprint-elan-DEBUG: 19:36:43.250: 55277035336: ../libfprint/drivers/elan.c:356
(process:201965): libfprint-elan-DEBUG: 19:36:43.250: 55277035392: ../libfprint/drivers/elan.c:345
(process:201965): libfprint-SSM-DEBUG: 19:36:43.250: [elan] CAPTURE_NUM_STATES entering state 2
(process:201965): libfprint-SSM-DEBUG: 19:36:43.260: [elan] CAPTURE_NUM_STATES entering state 1
(process:201965): libfprint-elan-DEBUG: 19:36:43.260: 55277045790: ../libfprint/drivers/elan.c:356
(process:201965): libfprint-elan-DEBUG: 19:36:43.260: 55277045818: ../libfprint/drivers/elan.c:376
(process:201965): libfprint-elan-DEBUG: 19:36:43.260: 55277045839: ../libfprint/drivers/elan.c:389
(process:201965): libfprint-elan-DEBUG: 19:36:43.304: 55277089241: ../libfprint/drivers/elan.c:356
(process:201965): libfprint-elan-DEBUG: 19:36:43.304: 55277089383: ../libfprint/drivers/elan.c:345
(process:201965): libfprint-SSM-DEBUG: 19:36:43.304: [elan] CAPTURE_NUM_STATES entering state 2
(process:201965): libfprint-SSM-DEBUG: 19:36:43.314: [elan] CAPTURE_NUM_STATES entering state 1
(process:201965): libfprint-elan-DEBUG: 19:36:43.315: 55277100038: ../libfprint/drivers/elan.c:356
(process:201965): libfprint-elan-DEBUG: 19:36:43.315: 55277100131: ../libfprint/drivers/elan.c:376
(process:201965): libfprint-elan-DEBUG: 19:36:43.315: 55277100196: ../libfprint/drivers/elan.c:389
(process:201965): libfprint-elan-DEBUG: 19:36:43.358: 55277143279: ../libfprint/drivers/elan.c:356
(process:201965): libfprint-elan-DEBUG: 19:36:43.358: 55277143334: ../libfprint/drivers/elan.c:345
(process:201965): libfprint-SSM-DEBUG: 19:36:43.358: [elan] CAPTURE_NUM_STATES entering state 2
(process:201965): libfprint-SSM-DEBUG: 19:36:43.368: [elan] CAPTURE_NUM_STATES entering state 1
(process:201965): libfprint-elan-DEBUG: 19:36:43.368: 55277153649: ../libfprint/drivers/elan.c:356
(process:201965): libfprint-elan-DEBUG: 19:36:43.368: 55277153682: ../libfprint/drivers/elan.c:376
(process:201965): libfprint-elan-DEBUG: 19:36:43.368: 55277153702: ../libfprint/drivers/elan.c:389
(process:201965): libfprint-elan-DEBUG: 19:36:43.412: 55277197069: ../libfprint/drivers/elan.c:356
(process:201965): libfprint-elan-DEBUG: 19:36:43.412: 55277197216: ../libfprint/drivers/elan.c:345
(process:201965): libfprint-SSM-DEBUG: 19:36:43.412: [elan] CAPTURE_NUM_STATES entering state 2
(process:201965): libfprint-SSM-DEBUG: 19:36:43.422: [elan] CAPTURE_NUM_STATES entering state 1
(process:201965): libfprint-elan-DEBUG: 19:36:43.422: 55277207675: ../libfprint/drivers/elan.c:356
(process:201965): libfprint-elan-DEBUG: 19:36:43.423: 55277207871: ../libfprint/drivers/elan.c:376
(process:201965): libfprint-elan-DEBUG: 19:36:43.423: 55277207935: ../libfprint/drivers/elan.c:389
(process:201965): libfprint-elan-DEBUG: 19:36:43.465: 55277250685: ../libfprint/drivers/elan.c:356
(process:201965): libfprint-elan-DEBUG: 19:36:43.465: 55277250741: ../libfprint/drivers/elan.c:345
(process:201965): libfprint-SSM-DEBUG: 19:36:43.465: [elan] CAPTURE_NUM_STATES entering state 2
(process:201965): libfprint-device-DEBUG: 19:36:43.465: Device reported finger status change: FP_FINGER_STATUS_NEEDED -> FP_FINGER_STATUS_NEEDED | FP_FINGER_STATUS_PRESENT
(process:201965): libfprint-image_device-DEBUG: 19:36:43.465: Image device reported finger status: on
(process:201965): libfprint-image_device-DEBUG: 19:36:43.465: Image device internal state change from FPI_IMAGE_DEVICE_STATE_AWAIT_FINGER_ON to FPI_IMAGE_DEVICE_STATE_CAPTURE
(process:201965): libfprint-elan-DEBUG: 19:36:43.466: 55277250869: ../libfprint/drivers/elan.c:1000
(process:201965): libfprint-elan-DEBUG: 19:36:43.466: 55277251650: ../libfprint/drivers/elan.c:356
(process:201965): libfprint-elan-DEBUG: 19:36:43.466: 55277251699: ../libfprint/drivers/elan.c:376
(process:201965): libfprint-elan-DEBUG: 19:36:43.466: 55277251719: ../libfprint/drivers/elan.c:389
(process:201965): libfprint-elan-DEBUG: 19:36:43.498: 55277283104: ../libfprint/drivers/elan.c:356
(process:201965): libfprint-elan-DEBUG: 19:36:43.498: 55277283196: ../libfprint/drivers/elan.c:345
(process:201965): libfprint-SSM-DEBUG: 19:36:43.498: [elan] CAPTURE_NUM_STATES entering state 3
(process:201965): libfprint-elan-DEBUG: 19:36:43.498: 55277283253: ../libfprint/drivers/elan.c:203
(process:201965): libfprint-elan-DEBUG: 19:36:43.498: 55277283279: ../libfprint/drivers/elan.c:118
(process:201965): libfprint-SSM-DEBUG: 19:36:43.498: [elan] CAPTURE_NUM_STATES entering state 1
(process:201965): libfprint-elan-DEBUG: 19:36:43.498: 55277283512: ../libfprint/drivers/elan.c:356
(process:201965): libfprint-elan-DEBUG: 19:36:43.498: 55277283542: ../libfprint/drivers/elan.c:376
(process:201965): libfprint-elan-DEBUG: 19:36:43.498: 55277283567: ../libfprint/drivers/elan.c:389
(process:201965): libfprint-elan-DEBUG: 19:36:43.542: 55277326960: ../libfprint/drivers/elan.c:356
(process:201965): libfprint-elan-DEBUG: 19:36:43.542: 55277327128: ../libfprint/drivers/elan.c:345
(process:201965): libfprint-SSM-DEBUG: 19:36:43.542: [elan] CAPTURE_NUM_STATES entering state 2
(process:201965): libfprint-SSM-DEBUG: 19:36:43.552: [elan] CAPTURE_NUM_STATES entering state 1
(process:201965): libfprint-elan-DEBUG: 19:36:43.552: 55277337672: ../libfprint/drivers/elan.c:356
(process:201965): libfprint-elan-DEBUG: 19:36:43.552: 55277337757: ../libfprint/drivers/elan.c:376
(process:201965): libfprint-elan-DEBUG: 19:36:43.553: 55277337954: ../libfprint/drivers/elan.c:389
(process:201965): libfprint-elan-DEBUG: 19:36:43.596: 55277380848: ../libfprint/drivers/elan.c:356
(process:201965): libfprint-elan-DEBUG: 19:36:43.596: 55277380934: ../libfprint/drivers/elan.c:345
(process:201965): libfprint-SSM-DEBUG: 19:36:43.596: [elan] CAPTURE_NUM_STATES entering state 2
(process:201965): libfprint-SSM-DEBUG: 19:36:43.606: [elan] CAPTURE_NUM_STATES entering state 1
(process:201965): libfprint-elan-DEBUG: 19:36:43.606: 55277391507: ../libfprint/drivers/elan.c:356
(process:201965): libfprint-elan-DEBUG: 19:36:43.606: 55277391533: ../libfprint/drivers/elan.c:376
(process:201965): libfprint-elan-DEBUG: 19:36:43.606: 55277391552: ../libfprint/drivers/elan.c:389
(process:201965): libfprint-elan-DEBUG: 19:36:43.650: 55277435294: ../libfprint/drivers/elan.c:356
(process:201965): libfprint-elan-DEBUG: 19:36:43.650: 55277435451: ../libfprint/drivers/elan.c:345
(process:201965): libfprint-SSM-DEBUG: 19:36:43.650: [elan] CAPTURE_NUM_STATES entering state 2
(process:201965): libfprint-image_device-DEBUG: 19:36:43.650: Image device reported finger status: on
(process:201965): libfprint-elan-DEBUG: 19:36:43.651: 55277435929: ../libfprint/drivers/elan.c:356
(process:201965): libfprint-elan-DEBUG: 19:36:43.651: 55277436035: ../libfprint/drivers/elan.c:376
(process:201965): libfprint-elan-DEBUG: 19:36:43.651: 55277436099: ../libfprint/drivers/elan.c:389
(process:201965): libfprint-elan-DEBUG: 19:36:43.683: 55277467929: ../libfprint/drivers/elan.c:356
(process:201965): libfprint-elan-DEBUG: 19:36:43.683: 55277468092: ../libfprint/drivers/elan.c:345
(process:201965): libfprint-SSM-DEBUG: 19:36:43.683: [elan] CAPTURE_NUM_STATES entering state 3
(process:201965): libfprint-elan-DEBUG: 19:36:43.683: 55277468221: ../libfprint/drivers/elan.c:203
(process:201965): libfprint-elan-DEBUG: 19:36:43.683: 55277468282: ../libfprint/drivers/elan.c:118
(process:201965): libfprint-SSM-DEBUG: 19:36:43.683: [elan] CAPTURE_NUM_STATES entering state 1
(process:201965): libfprint-elan-DEBUG: 19:36:43.684: 55277468873: ../libfprint/drivers/elan.c:356
(process:201965): libfprint-elan-DEBUG: 19:36:43.684: 55277468944: ../libfprint/drivers/elan.c:376
(process:201965): libfprint-elan-DEBUG: 19:36:43.684: 55277469027: ../libfprint/drivers/elan.c:389
(process:201965): libfprint-elan-DEBUG: 19:36:43.727: 55277512056: ../libfprint/drivers/elan.c:356
(process:201965): libfprint-elan-DEBUG: 19:36:43.727: 55277512135: ../libfprint/drivers/elan.c:345
(process:201965): libfprint-SSM-DEBUG: 19:36:43.727: [elan] CAPTURE_NUM_STATES entering state 2
(process:201965): libfprint-SSM-DEBUG: 19:36:43.737: [elan] CAPTURE_NUM_STATES entering state 1
(process:201965): libfprint-elan-DEBUG: 19:36:43.737: 55277522518: ../libfprint/drivers/elan.c:356
(process:201965): libfprint-elan-DEBUG: 19:36:43.737: 55277522549: ../libfprint/drivers/elan.c:376
(process:201965): libfprint-elan-DEBUG: 19:36:43.737: 55277522572: ../libfprint/drivers/elan.c:389
(process:201965): libfprint-elan-DEBUG: 19:36:43.781: 55277566052: ../libfprint/drivers/elan.c:356
(process:201965): libfprint-elan-DEBUG: 19:36:43.781: 55277566190: ../libfprint/drivers/elan.c:345
(process:201965): libfprint-SSM-DEBUG: 19:36:43.781: [elan] CAPTURE_NUM_STATES entering state 2
(process:201965): libfprint-SSM-DEBUG: 19:36:43.791: [elan] CAPTURE_NUM_STATES entering state 1
(process:201965): libfprint-elan-DEBUG: 19:36:43.791: 55277576524: ../libfprint/drivers/elan.c:356
(process:201965): libfprint-elan-DEBUG: 19:36:43.791: 55277576602: ../libfprint/drivers/elan.c:376
(process:201965): libfprint-elan-DEBUG: 19:36:43.791: 55277576665: ../libfprint/drivers/elan.c:389
(process:201965): libfprint-elan-DEBUG: 19:36:43.835: 55277620032: ../libfprint/drivers/elan.c:356
(process:201965): libfprint-elan-DEBUG: 19:36:43.835: 55277620103: ../libfprint/drivers/elan.c:345
(process:201965): libfprint-SSM-DEBUG: 19:36:43.835: [elan] CAPTURE_NUM_STATES entering state 2
(process:201965): libfprint-SSM-DEBUG: 19:36:43.845: [elan] CAPTURE_NUM_STATES entering state 1
(process:201965): libfprint-elan-DEBUG: 19:36:43.845: 55277630736: ../libfprint/drivers/elan.c:356
(process:201965): libfprint-elan-DEBUG: 19:36:43.845: 55277630793: ../libfprint/drivers/elan.c:376
(process:201965): libfprint-elan-DEBUG: 19:36:43.846: 55277630875: ../libfprint/drivers/elan.c:389
(process:201965): libfprint-elan-DEBUG: 19:36:43.889: 55277673876: ../libfprint/drivers/elan.c:356
(process:201965): libfprint-elan-DEBUG: 19:36:43.889: 55277674051: ../libfprint/drivers/elan.c:345
(process:201965): libfprint-SSM-DEBUG: 19:36:43.889: [elan] CAPTURE_NUM_STATES entering state 2
(process:201965): libfprint-SSM-DEBUG: 19:36:43.899: [elan] CAPTURE_NUM_STATES entering state 1
(process:201965): libfprint-elan-DEBUG: 19:36:43.899: 55277684498: ../libfprint/drivers/elan.c:356
(process:201965): libfprint-elan-DEBUG: 19:36:43.899: 55277684575: ../libfprint/drivers/elan.c:376
(process:201965): libfprint-elan-DEBUG: 19:36:43.899: 55277684638: ../libfprint/drivers/elan.c:389
(process:201965): libfprint-elan-DEBUG: 19:36:43.943: 55277728146: ../libfprint/drivers/elan.c:356
(process:201965): libfprint-elan-DEBUG: 19:36:43.943: 55277728271: ../libfprint/drivers/elan.c:345
(process:201965): libfprint-SSM-DEBUG: 19:36:43.943: [elan] CAPTURE_NUM_STATES entering state 2
(process:201965): libfprint-SSM-DEBUG: 19:36:43.953: [elan] CAPTURE_NUM_STATES entering state 1
(process:201965): libfprint-elan-DEBUG: 19:36:43.953: 55277738719: ../libfprint/drivers/elan.c:356
(process:201965): libfprint-elan-DEBUG: 19:36:43.953: 55277738754: ../libfprint/drivers/elan.c:376
(process:201965): libfprint-elan-DEBUG: 19:36:43.953: 55277738806: ../libfprint/drivers/elan.c:389
(process:201965): libfprint-elan-DEBUG: 19:36:43.997: 55277782163: ../libfprint/drivers/elan.c:356
(process:201965): libfprint-elan-DEBUG: 19:36:43.997: 55277782305: ../libfprint/drivers/elan.c:345
(process:201965): libfprint-SSM-DEBUG: 19:36:43.997: [elan] CAPTURE_NUM_STATES entering state 2
(process:201965): libfprint-image_device-DEBUG: 19:36:43.997: Image device reported finger status: on
(process:201965): libfprint-elan-DEBUG: 19:36:43.998: 55277782965: ../libfprint/drivers/elan.c:356
(process:201965): libfprint-elan-DEBUG: 19:36:43.998: 55277783067: ../libfprint/drivers/elan.c:376
(process:201965): libfprint-elan-DEBUG: 19:36:43.998: 55277783131: ../libfprint/drivers/elan.c:389
(process:201965): libfprint-elan-DEBUG: 19:36:44.029: 55277814600: ../libfprint/drivers/elan.c:356
(process:201965): libfprint-elan-DEBUG: 19:36:44.029: 55277814746: ../libfprint/drivers/elan.c:345
(process:201965): libfprint-SSM-DEBUG: 19:36:44.029: [elan] CAPTURE_NUM_STATES entering state 3
(process:201965): libfprint-elan-DEBUG: 19:36:44.030: 55277814876: ../libfprint/drivers/elan.c:203
(process:201965): libfprint-elan-DEBUG: 19:36:44.030: 55277814937: ../libfprint/drivers/elan.c:118
(process:201965): libfprint-SSM-DEBUG: 19:36:44.030: [elan] CAPTURE_NUM_STATES entering state 1
(process:201965): libfprint-elan-DEBUG: 19:36:44.030: 55277815445: ../libfprint/drivers/elan.c:356
(process:201965): libfprint-elan-DEBUG: 19:36:44.030: 55277815534: ../libfprint/drivers/elan.c:376
(process:201965): libfprint-elan-DEBUG: 19:36:44.030: 55277815597: ../libfprint/drivers/elan.c:389
(process:201965): libfprint-elan-DEBUG: 19:36:44.073: 55277858579: ../libfprint/drivers/elan.c:356
(process:201965): libfprint-elan-DEBUG: 19:36:44.073: 55277858659: ../libfprint/drivers/elan.c:345
(process:201965): libfprint-SSM-DEBUG: 19:36:44.073: [elan] CAPTURE_NUM_STATES entering state 2
(process:201965): libfprint-image_device-DEBUG: 19:36:44.073: Image device reported finger status: on
(process:201965): libfprint-elan-DEBUG: 19:36:44.074: 55277858897: ../libfprint/drivers/elan.c:356
(process:201965): libfprint-elan-DEBUG: 19:36:44.074: 55277858922: ../libfprint/drivers/elan.c:376
(process:201965): libfprint-elan-DEBUG: 19:36:44.074: 55277858942: ../libfprint/drivers/elan.c:389
(process:201965): libfprint-elan-DEBUG: 19:36:44.106: 55277890918: ../libfprint/drivers/elan.c:356
(process:201965): libfprint-elan-DEBUG: 19:36:44.106: 55277891126: ../libfprint/drivers/elan.c:345
(process:201965): libfprint-SSM-DEBUG: 19:36:44.106: [elan] CAPTURE_NUM_STATES entering state 3
(process:201965): libfprint-elan-DEBUG: 19:36:44.106: 55277891256: ../libfprint/drivers/elan.c:203
(process:201965): libfprint-elan-DEBUG: 19:36:44.106: 55277891317: ../libfprint/drivers/elan.c:118
(process:201965): libfprint-SSM-DEBUG: 19:36:44.106: [elan] CAPTURE_NUM_STATES entering state 1
(process:201965): libfprint-elan-DEBUG: 19:36:44.106: 55277891812: ../libfprint/drivers/elan.c:356
(process:201965): libfprint-elan-DEBUG: 19:36:44.107: 55277891881: ../libfprint/drivers/elan.c:376
(process:201965): libfprint-elan-DEBUG: 19:36:44.107: 55277891941: ../libfprint/drivers/elan.c:389
(process:201965): libfprint-elan-DEBUG: 19:36:44.150: 55277935063: ../libfprint/drivers/elan.c:356
(process:201965): libfprint-elan-DEBUG: 19:36:44.150: 55277935212: ../libfprint/drivers/elan.c:345
(process:201965): libfprint-SSM-DEBUG: 19:36:44.150: [elan] CAPTURE_NUM_STATES entering state 2
(process:201965): libfprint-image_device-DEBUG: 19:36:44.150: Image device reported finger status: on
(process:201965): libfprint-elan-DEBUG: 19:36:44.150: 55277935782: ../libfprint/drivers/elan.c:356
(process:201965): libfprint-elan-DEBUG: 19:36:44.151: 55277935857: ../libfprint/drivers/elan.c:376
(process:201965): libfprint-elan-DEBUG: 19:36:44.151: 55277935919: ../libfprint/drivers/elan.c:389
(process:201965): libfprint-elan-DEBUG: 19:36:44.182: 55277967381: ../libfprint/drivers/elan.c:356
(process:201965): libfprint-elan-DEBUG: 19:36:44.182: 55277967439: ../libfprint/drivers/elan.c:345
(process:201965): libfprint-SSM-DEBUG: 19:36:44.182: [elan] CAPTURE_NUM_STATES entering state 3
(process:201965): libfprint-elan-DEBUG: 19:36:44.182: 55277967481: ../libfprint/drivers/elan.c:203
(process:201965): libfprint-elan-DEBUG: 19:36:44.182: 55277967500: ../libfprint/drivers/elan.c:118
(process:201965): libfprint-SSM-DEBUG: 19:36:44.182: [elan] CAPTURE_NUM_STATES entering state 1
(process:201965): libfprint-elan-DEBUG: 19:36:44.182: 55277967696: ../libfprint/drivers/elan.c:356
(process:201965): libfprint-elan-DEBUG: 19:36:44.182: 55277967727: ../libfprint/drivers/elan.c:376
(process:201965): libfprint-elan-DEBUG: 19:36:44.182: 55277967747: ../libfprint/drivers/elan.c:389
(process:201965): libfprint-elan-DEBUG: 19:36:44.226: 55278011441: ../libfprint/drivers/elan.c:356
(process:201965): libfprint-elan-DEBUG: 19:36:44.226: 55278011519: ../libfprint/drivers/elan.c:345
(process:201965): libfprint-SSM-DEBUG: 19:36:44.226: [elan] CAPTURE_NUM_STATES entering state 2
(process:201965): libfprint-image_device-DEBUG: 19:36:44.226: Image device reported finger status: on
(process:201965): libfprint-elan-DEBUG: 19:36:44.226: 55278011742: ../libfprint/drivers/elan.c:356
(process:201965): libfprint-elan-DEBUG: 19:36:44.226: 55278011769: ../libfprint/drivers/elan.c:376
(process:201965): libfprint-elan-DEBUG: 19:36:44.226: 55278011788: ../libfprint/drivers/elan.c:389
(process:201965): libfprint-elan-DEBUG: 19:36:44.258: 55278043778: ../libfprint/drivers/elan.c:356
(process:201965): libfprint-elan-DEBUG: 19:36:44.259: 55278043922: ../libfprint/drivers/elan.c:345
(process:201965): libfprint-SSM-DEBUG: 19:36:44.259: [elan] CAPTURE_NUM_STATES entering state 3
(process:201965): libfprint-elan-DEBUG: 19:36:44.259: 55278044084: ../libfprint/drivers/elan.c:203
(process:201965): libfprint-elan-DEBUG: 19:36:44.259: 55278044149: ../libfprint/drivers/elan.c:118
(process:201965): libfprint-SSM-DEBUG: 19:36:44.259: [elan] CAPTURE_NUM_STATES entering state 1
(process:201965): libfprint-elan-DEBUG: 19:36:44.259: 55278044710: ../libfprint/drivers/elan.c:356
(process:201965): libfprint-elan-DEBUG: 19:36:44.259: 55278044785: ../libfprint/drivers/elan.c:376
(process:201965): libfprint-elan-DEBUG: 19:36:44.260: 55278044847: ../libfprint/drivers/elan.c:389
(process:201965): libfprint-elan-DEBUG: 19:36:44.303: 55278087928: ../libfprint/drivers/elan.c:356
(process:201965): libfprint-elan-DEBUG: 19:36:44.303: 55278088022: ../libfprint/drivers/elan.c:345
(process:201965): libfprint-SSM-DEBUG: 19:36:44.303: [elan] CAPTURE_NUM_STATES entering state 2
(process:201965): libfprint-image_device-DEBUG: 19:36:44.303: Image device reported finger status: on
(process:201965): libfprint-elan-DEBUG: 19:36:44.303: 55278088246: ../libfprint/drivers/elan.c:356
(process:201965): libfprint-elan-DEBUG: 19:36:44.303: 55278088267: ../libfprint/drivers/elan.c:376
(process:201965): libfprint-elan-DEBUG: 19:36:44.303: 55278088285: ../libfprint/drivers/elan.c:389
(process:201965): libfprint-elan-DEBUG: 19:36:44.335: 55278120294: ../libfprint/drivers/elan.c:356
(process:201965): libfprint-elan-DEBUG: 19:36:44.335: 55278120431: ../libfprint/drivers/elan.c:345
(process:201965): libfprint-SSM-DEBUG: 19:36:44.335: [elan] CAPTURE_NUM_STATES entering state 3
(process:201965): libfprint-elan-DEBUG: 19:36:44.335: 55278120544: ../libfprint/drivers/elan.c:203
(process:201965): libfprint-elan-DEBUG: 19:36:44.335: 55278120618: ../libfprint/drivers/elan.c:118
(process:201965): libfprint-SSM-DEBUG: 19:36:44.335: [elan] CAPTURE_NUM_STATES entering state 1
(process:201965): libfprint-elan-DEBUG: 19:36:44.336: 55278121040: ../libfprint/drivers/elan.c:356
(process:201965): libfprint-elan-DEBUG: 19:36:44.336: 55278121109: ../libfprint/drivers/elan.c:376
(process:201965): libfprint-elan-DEBUG: 19:36:44.336: 55278121170: ../libfprint/drivers/elan.c:389
(process:201965): libfprint-elan-DEBUG: 19:36:44.379: 55278164320: ../libfprint/drivers/elan.c:356
(process:201965): libfprint-elan-DEBUG: 19:36:44.379: 55278164462: ../libfprint/drivers/elan.c:345
(process:201965): libfprint-SSM-DEBUG: 19:36:44.379: [elan] CAPTURE_NUM_STATES entering state 2
(process:201965): libfprint-image_device-DEBUG: 19:36:44.379: Image device reported finger status: on
(process:201965): libfprint-elan-DEBUG: 19:36:44.380: 55278164888: ../libfprint/drivers/elan.c:356
(process:201965): libfprint-elan-DEBUG: 19:36:44.380: 55278164969: ../libfprint/drivers/elan.c:376
(process:201965): libfprint-elan-DEBUG: 19:36:44.380: 55278165056: ../libfprint/drivers/elan.c:389
(process:201965): libfprint-elan-DEBUG: 19:36:44.411: 55278196608: ../libfprint/drivers/elan.c:356
(process:201965): libfprint-elan-DEBUG: 19:36:44.411: 55278196670: ../libfprint/drivers/elan.c:345
(process:201965): libfprint-SSM-DEBUG: 19:36:44.411: [elan] CAPTURE_NUM_STATES entering state 3
(process:201965): libfprint-elan-DEBUG: 19:36:44.411: 55278196718: ../libfprint/drivers/elan.c:203
(process:201965): libfprint-elan-DEBUG: 19:36:44.411: 55278196739: ../libfprint/drivers/elan.c:118
(process:201965): libfprint-SSM-DEBUG: 19:36:44.411: [elan] CAPTURE_NUM_STATES entering state 1
(process:201965): libfprint-elan-DEBUG: 19:36:44.412: 55278196922: ../libfprint/drivers/elan.c:356
(process:201965): libfprint-elan-DEBUG: 19:36:44.412: 55278196953: ../libfprint/drivers/elan.c:376
(process:201965): libfprint-elan-DEBUG: 19:36:44.412: 55278196975: ../libfprint/drivers/elan.c:389
(process:201965): libfprint-elan-DEBUG: 19:36:44.455: 55278240180: ../libfprint/drivers/elan.c:356
(process:201965): libfprint-elan-DEBUG: 19:36:44.455: 55278240293: ../libfprint/drivers/elan.c:345
(process:201965): libfprint-SSM-DEBUG: 19:36:44.455: [elan] CAPTURE_NUM_STATES entering state 2
(process:201965): libfprint-image_device-DEBUG: 19:36:44.455: Image device reported finger status: on
(process:201965): libfprint-elan-DEBUG: 19:36:44.455: 55278240542: ../libfprint/drivers/elan.c:356
(process:201965): libfprint-elan-DEBUG: 19:36:44.455: 55278240575: ../libfprint/drivers/elan.c:376
(process:201965): libfprint-elan-DEBUG: 19:36:44.455: 55278240602: ../libfprint/drivers/elan.c:389
(process:201965): libfprint-elan-DEBUG: 19:36:44.487: 55278272646: ../libfprint/drivers/elan.c:356
(process:201965): libfprint-elan-DEBUG: 19:36:44.487: 55278272795: ../libfprint/drivers/elan.c:345
(process:201965): libfprint-SSM-DEBUG: 19:36:44.488: [elan] CAPTURE_NUM_STATES entering state 3
(process:201965): libfprint-elan-DEBUG: 19:36:44.488: 55278272923: ../libfprint/drivers/elan.c:203
(process:201965): libfprint-elan-DEBUG: 19:36:44.488: 55278272984: ../libfprint/drivers/elan.c:118
(process:201965): libfprint-SSM-DEBUG: 19:36:44.488: [elan] CAPTURE_NUM_STATES entering state 1
(process:201965): libfprint-elan-DEBUG: 19:36:44.488: 55278273548: ../libfprint/drivers/elan.c:356
(process:201965): libfprint-elan-DEBUG: 19:36:44.488: 55278273621: ../libfprint/drivers/elan.c:376
(process:201965): libfprint-elan-DEBUG: 19:36:44.488: 55278273685: ../libfprint/drivers/elan.c:389
(process:201965): libfprint-elan-DEBUG: 19:36:44.531: 55278316808: ../libfprint/drivers/elan.c:356
(process:201965): libfprint-elan-DEBUG: 19:36:44.532: 55278316886: ../libfprint/drivers/elan.c:345
(process:201965): libfprint-SSM-DEBUG: 19:36:44.532: [elan] CAPTURE_NUM_STATES entering state 2
(process:201965): libfprint-image_device-DEBUG: 19:36:44.532: Image device reported finger status: on
(process:201965): libfprint-elan-DEBUG: 19:36:44.532: 55278317101: ../libfprint/drivers/elan.c:356
(process:201965): libfprint-elan-DEBUG: 19:36:44.532: 55278317124: ../libfprint/drivers/elan.c:376
(process:201965): libfprint-elan-DEBUG: 19:36:44.532: 55278317143: ../libfprint/drivers/elan.c:389
(process:201965): libfprint-elan-DEBUG: 19:36:44.564: 55278349115: ../libfprint/drivers/elan.c:356
(process:201965): libfprint-elan-DEBUG: 19:36:44.564: 55278349276: ../libfprint/drivers/elan.c:345
(process:201965): libfprint-SSM-DEBUG: 19:36:44.564: [elan] CAPTURE_NUM_STATES entering state 3
(process:201965): libfprint-elan-DEBUG: 19:36:44.564: 55278349318: ../libfprint/drivers/elan.c:203
(process:201965): libfprint-elan-DEBUG: 19:36:44.564: 55278349337: ../libfprint/drivers/elan.c:118
(process:201965): libfprint-SSM-DEBUG: 19:36:44.564: [elan] CAPTURE_NUM_STATES entering state 1
(process:201965): libfprint-elan-DEBUG: 19:36:44.564: 55278349544: ../libfprint/drivers/elan.c:356
(process:201965): libfprint-elan-DEBUG: 19:36:44.564: 55278349568: ../libfprint/drivers/elan.c:376
(process:201965): libfprint-elan-DEBUG: 19:36:44.564: 55278349587: ../libfprint/drivers/elan.c:389
(process:201965): libfprint-elan-DEBUG: 19:36:44.608: 55278392841: ../libfprint/drivers/elan.c:356
(process:201965): libfprint-elan-DEBUG: 19:36:44.608: 55278392981: ../libfprint/drivers/elan.c:345
(process:201965): libfprint-SSM-DEBUG: 19:36:44.608: [elan] CAPTURE_NUM_STATES entering state 2
(process:201965): libfprint-image_device-DEBUG: 19:36:44.608: Image device reported finger status: on
(process:201965): libfprint-elan-DEBUG: 19:36:44.608: 55278393483: ../libfprint/drivers/elan.c:356
(process:201965): libfprint-elan-DEBUG: 19:36:44.608: 55278393565: ../libfprint/drivers/elan.c:376
(process:201965): libfprint-elan-DEBUG: 19:36:44.608: 55278393629: ../libfprint/drivers/elan.c:389
(process:201965): libfprint-elan-DEBUG: 19:36:44.640: 55278425396: ../libfprint/drivers/elan.c:356
(process:201965): libfprint-elan-DEBUG: 19:36:44.640: 55278425467: ../libfprint/drivers/elan.c:345
(process:201965): libfprint-SSM-DEBUG: 19:36:44.640: [elan] CAPTURE_NUM_STATES entering state 3
(process:201965): libfprint-elan-DEBUG: 19:36:44.640: 55278425522: ../libfprint/drivers/elan.c:203
(process:201965): libfprint-elan-DEBUG: 19:36:44.640: 55278425547: ../libfprint/drivers/elan.c:118
(process:201965): libfprint-SSM-DEBUG: 19:36:44.640: [elan] CAPTURE_NUM_STATES entering state 1
(process:201965): libfprint-elan-DEBUG: 19:36:44.641: 55278426100: ../libfprint/drivers/elan.c:356
(process:201965): libfprint-elan-DEBUG: 19:36:44.641: 55278426130: ../libfprint/drivers/elan.c:376
(process:201965): libfprint-elan-DEBUG: 19:36:44.641: 55278426153: ../libfprint/drivers/elan.c:389
(process:201965): libfprint-elan-DEBUG: 19:36:44.684: 55278469170: ../libfprint/drivers/elan.c:356
(process:201965): libfprint-elan-DEBUG: 19:36:44.684: 55278469311: ../libfprint/drivers/elan.c:345
(process:201965): libfprint-SSM-DEBUG: 19:36:44.684: [elan] CAPTURE_NUM_STATES entering state 2
(process:201965): libfprint-image_device-DEBUG: 19:36:44.684: Image device reported finger status: on
(process:201965): libfprint-elan-DEBUG: 19:36:44.685: 55278469859: ../libfprint/drivers/elan.c:356
(process:201965): libfprint-elan-DEBUG: 19:36:44.685: 55278469937: ../libfprint/drivers/elan.c:376
(process:201965): libfprint-elan-DEBUG: 19:36:44.685: 55278470022: ../libfprint/drivers/elan.c:389
(process:201965): libfprint-elan-DEBUG: 19:36:44.716: 55278501628: ../libfprint/drivers/elan.c:356
(process:201965): libfprint-elan-DEBUG: 19:36:44.716: 55278501769: ../libfprint/drivers/elan.c:345
(process:201965): libfprint-SSM-DEBUG: 19:36:44.717: [elan] CAPTURE_NUM_STATES entering state 3
(process:201965): libfprint-elan-DEBUG: 19:36:44.717: 55278501899: ../libfprint/drivers/elan.c:203
(process:201965): libfprint-elan-DEBUG: 19:36:44.717: 55278501960: ../libfprint/drivers/elan.c:118
(process:201965): libfprint-SSM-DEBUG: 19:36:44.717: [elan] CAPTURE_NUM_STATES entering state 1
(process:201965): libfprint-elan-DEBUG: 19:36:44.717: 55278502491: ../libfprint/drivers/elan.c:356
(process:201965): libfprint-elan-DEBUG: 19:36:44.717: 55278502575: ../libfprint/drivers/elan.c:376
(process:201965): libfprint-elan-DEBUG: 19:36:44.717: 55278502640: ../libfprint/drivers/elan.c:389
(process:201965): libfprint-elan-DEBUG: 19:36:44.761: 55278546247: ../libfprint/drivers/elan.c:356
(process:201965): libfprint-elan-DEBUG: 19:36:44.761: 55278546343: ../libfprint/drivers/elan.c:345
(process:201965): libfprint-SSM-DEBUG: 19:36:44.761: [elan] CAPTURE_NUM_STATES entering state 2
(process:201965): libfprint-image_device-DEBUG: 19:36:44.761: Image device reported finger status: on
(process:201965): libfprint-elan-DEBUG: 19:36:44.761: 55278546555: ../libfprint/drivers/elan.c:356
(process:201965): libfprint-elan-DEBUG: 19:36:44.761: 55278546582: ../libfprint/drivers/elan.c:376
(process:201965): libfprint-elan-DEBUG: 19:36:44.761: 55278546601: ../libfprint/drivers/elan.c:389
(process:201965): libfprint-elan-DEBUG: 19:36:44.793: 55278578495: ../libfprint/drivers/elan.c:356
(process:201965): libfprint-elan-DEBUG: 19:36:44.793: 55278578638: ../libfprint/drivers/elan.c:345
(process:201965): libfprint-SSM-DEBUG: 19:36:44.793: [elan] CAPTURE_NUM_STATES entering state 3
(process:201965): libfprint-elan-DEBUG: 19:36:44.793: 55278578766: ../libfprint/drivers/elan.c:203
(process:201965): libfprint-elan-DEBUG: 19:36:44.793: 55278578828: ../libfprint/drivers/elan.c:118
(process:201965): libfprint-SSM-DEBUG: 19:36:44.794: [elan] CAPTURE_NUM_STATES entering state 1
(process:201965): libfprint-elan-DEBUG: 19:36:44.794: 55278579312: ../libfprint/drivers/elan.c:356
(process:201965): libfprint-elan-DEBUG: 19:36:44.794: 55278579385: ../libfprint/drivers/elan.c:376
(process:201965): libfprint-elan-DEBUG: 19:36:44.794: 55278579446: ../libfprint/drivers/elan.c:389
(process:201965): libfprint-elan-DEBUG: 19:36:44.837: 55278622501: ../libfprint/drivers/elan.c:356
(process:201965): libfprint-elan-DEBUG: 19:36:44.837: 55278622643: ../libfprint/drivers/elan.c:345
(process:201965): libfprint-SSM-DEBUG: 19:36:44.837: [elan] CAPTURE_NUM_STATES entering state 2
(process:201965): libfprint-image_device-DEBUG: 19:36:44.837: Image device reported finger status: on
(process:201965): libfprint-elan-DEBUG: 19:36:44.838: 55278623368: ../libfprint/drivers/elan.c:356
(process:201965): libfprint-elan-DEBUG: 19:36:44.838: 55278623460: ../libfprint/drivers/elan.c:376
(process:201965): libfprint-elan-DEBUG: 19:36:44.838: 55278623524: ../libfprint/drivers/elan.c:389
(process:201965): libfprint-elan-DEBUG: 19:36:44.869: 55278654836: ../libfprint/drivers/elan.c:356
(process:201965): libfprint-elan-DEBUG: 19:36:44.870: 55278654894: ../libfprint/drivers/elan.c:345
(process:201965): libfprint-SSM-DEBUG: 19:36:44.870: [elan] CAPTURE_NUM_STATES entering state 3
(process:201965): libfprint-elan-DEBUG: 19:36:44.870: 55278654938: ../libfprint/drivers/elan.c:203
(process:201965): libfprint-elan-DEBUG: 19:36:44.870: 55278654958: ../libfprint/drivers/elan.c:118
(process:201965): libfprint-SSM-DEBUG: 19:36:44.870: [elan] CAPTURE_NUM_STATES entering state 1
(process:201965): libfprint-elan-DEBUG: 19:36:44.870: 55278655124: ../libfprint/drivers/elan.c:356
(process:201965): libfprint-elan-DEBUG: 19:36:44.870: 55278655185: ../libfprint/drivers/elan.c:376
(process:201965): libfprint-elan-DEBUG: 19:36:44.870: 55278655240: ../libfprint/drivers/elan.c:389
(process:201965): libfprint-elan-DEBUG: 19:36:44.913: 55278698482: ../libfprint/drivers/elan.c:356
(process:201965): libfprint-elan-DEBUG: 19:36:44.913: 55278698561: ../libfprint/drivers/elan.c:345
(process:201965): libfprint-SSM-DEBUG: 19:36:44.913: [elan] CAPTURE_NUM_STATES entering state 2
(process:201965): libfprint-image_device-DEBUG: 19:36:44.913: Image device reported finger status: on
(process:201965): libfprint-elan-DEBUG: 19:36:44.914: 55278698919: ../libfprint/drivers/elan.c:356
(process:201965): libfprint-elan-DEBUG: 19:36:44.914: 55278698997: ../libfprint/drivers/elan.c:376
(process:201965): libfprint-elan-DEBUG: 19:36:44.914: 55278699094: ../libfprint/drivers/elan.c:389
(process:201965): libfprint-elan-DEBUG: 19:36:44.945: 55278730795: ../libfprint/drivers/elan.c:356
(process:201965): libfprint-elan-DEBUG: 19:36:44.946: 55278730940: ../libfprint/drivers/elan.c:345
(process:201965): libfprint-SSM-DEBUG: 19:36:44.946: [elan] CAPTURE_NUM_STATES entering state 3
(process:201965): libfprint-elan-DEBUG: 19:36:44.946: 55278731107: ../libfprint/drivers/elan.c:203
(process:201965): libfprint-elan-DEBUG: 19:36:44.946: 55278731364: ../libfprint/drivers/elan.c:118
(process:201965): libfprint-SSM-DEBUG: 19:36:44.946: [elan] CAPTURE_NUM_STATES entering state 1
(process:201965): libfprint-elan-DEBUG: 19:36:44.947: 55278731894: ../libfprint/drivers/elan.c:356
(process:201965): libfprint-elan-DEBUG: 19:36:44.947: 55278731964: ../libfprint/drivers/elan.c:376
(process:201965): libfprint-elan-DEBUG: 19:36:44.947: 55278732052: ../libfprint/drivers/elan.c:389
(process:201965): libfprint-elan-DEBUG: 19:36:44.990: 55278775279: ../libfprint/drivers/elan.c:356
(process:201965): libfprint-elan-DEBUG: 19:36:44.990: 55278775358: ../libfprint/drivers/elan.c:345
(process:201965): libfprint-SSM-DEBUG: 19:36:44.990: [elan] CAPTURE_NUM_STATES entering state 2
(process:201965): libfprint-image_device-DEBUG: 19:36:44.990: Image device reported finger status: on
(process:201965): libfprint-elan-DEBUG: 19:36:44.990: 55278775557: ../libfprint/drivers/elan.c:356
(process:201965): libfprint-elan-DEBUG: 19:36:44.990: 55278775589: ../libfprint/drivers/elan.c:376
(process:201965): libfprint-elan-DEBUG: 19:36:44.990: 55278775608: ../libfprint/drivers/elan.c:389
(process:201965): libfprint-elan-DEBUG: 19:36:45.022: 55278807454: ../libfprint/drivers/elan.c:356
(process:201965): libfprint-elan-DEBUG: 19:36:45.022: 55278807537: ../libfprint/drivers/elan.c:345
(process:201965): libfprint-SSM-DEBUG: 19:36:45.022: [elan] CAPTURE_NUM_STATES entering state 3
(process:201965): libfprint-elan-DEBUG: 19:36:45.022: 55278807581: ../libfprint/drivers/elan.c:203
(process:201965): libfprint-elan-DEBUG: 19:36:45.022: 55278807599: ../libfprint/drivers/elan.c:118
(process:201965): libfprint-SSM-DEBUG: 19:36:45.022: [elan] CAPTURE_NUM_STATES entering state 1
(process:201965): libfprint-elan-DEBUG: 19:36:45.022: 55278807836: ../libfprint/drivers/elan.c:356
(process:201965): libfprint-elan-DEBUG: 19:36:45.023: 55278807866: ../libfprint/drivers/elan.c:376
(process:201965): libfprint-elan-DEBUG: 19:36:45.023: 55278807891: ../libfprint/drivers/elan.c:389
(process:201965): libfprint-elan-DEBUG: 19:36:45.066: 55278851144: ../libfprint/drivers/elan.c:356
(process:201965): libfprint-elan-DEBUG: 19:36:45.066: 55278851287: ../libfprint/drivers/elan.c:345
(process:201965): libfprint-SSM-DEBUG: 19:36:45.066: [elan] CAPTURE_NUM_STATES entering state 2
(process:201965): libfprint-image_device-DEBUG: 19:36:45.066: Image device reported finger status: on
(process:201965): libfprint-elan-DEBUG: 19:36:45.066: 55278851807: ../libfprint/drivers/elan.c:356
(process:201965): libfprint-elan-DEBUG: 19:36:45.067: 55278851891: ../libfprint/drivers/elan.c:376
(process:201965): libfprint-elan-DEBUG: 19:36:45.067: 55278851955: ../libfprint/drivers/elan.c:389
(process:201965): libfprint-elan-DEBUG: 19:36:45.098: 55278883424: ../libfprint/drivers/elan.c:356
(process:201965): libfprint-elan-DEBUG: 19:36:45.098: 55278883479: ../libfprint/drivers/elan.c:345
(process:201965): libfprint-SSM-DEBUG: 19:36:45.098: [elan] CAPTURE_NUM_STATES entering state 3
(process:201965): libfprint-elan-DEBUG: 19:36:45.098: 55278883523: ../libfprint/drivers/elan.c:203
(process:201965): libfprint-elan-DEBUG: 19:36:45.098: 55278883543: ../libfprint/drivers/elan.c:118
(process:201965): libfprint-SSM-DEBUG: 19:36:45.098: [elan] CAPTURE_NUM_STATES entering state 1
(process:201965): libfprint-elan-DEBUG: 19:36:45.098: 55278883741: ../libfprint/drivers/elan.c:356
(process:201965): libfprint-elan-DEBUG: 19:36:45.098: 55278883770: ../libfprint/drivers/elan.c:376
(process:201965): libfprint-elan-DEBUG: 19:36:45.098: 55278883789: ../libfprint/drivers/elan.c:389
(process:201965): libfprint-elan-DEBUG: 19:36:45.142: 55278927202: ../libfprint/drivers/elan.c:356
(process:201965): libfprint-elan-DEBUG: 19:36:45.142: 55278927306: ../libfprint/drivers/elan.c:345
(process:201965): libfprint-SSM-DEBUG: 19:36:45.142: [elan] CAPTURE_NUM_STATES entering state 2
(process:201965): libfprint-image_device-DEBUG: 19:36:45.142: Image device reported finger status: on
(process:201965): libfprint-elan-DEBUG: 19:36:45.142: 55278927552: ../libfprint/drivers/elan.c:356
(process:201965): libfprint-elan-DEBUG: 19:36:45.142: 55278927580: ../libfprint/drivers/elan.c:376
(process:201965): libfprint-elan-DEBUG: 19:36:45.142: 55278927599: ../libfprint/drivers/elan.c:389
(process:201965): libfprint-elan-DEBUG: 19:36:45.174: 55278959512: ../libfprint/drivers/elan.c:356
(process:201965): libfprint-elan-DEBUG: 19:36:45.174: 55278959661: ../libfprint/drivers/elan.c:345
(process:201965): libfprint-SSM-DEBUG: 19:36:45.174: [elan] CAPTURE_NUM_STATES entering state 3
(process:201965): libfprint-elan-DEBUG: 19:36:45.174: 55278959792: ../libfprint/drivers/elan.c:203
(process:201965): libfprint-elan-DEBUG: 19:36:45.175: 55278959855: ../libfprint/drivers/elan.c:118
(process:201965): libfprint-SSM-DEBUG: 19:36:45.175: [elan] CAPTURE_NUM_STATES entering state 1
(process:201965): libfprint-elan-DEBUG: 19:36:45.175: 55278960606: ../libfprint/drivers/elan.c:356
(process:201965): libfprint-elan-DEBUG: 19:36:45.175: 55278960682: ../libfprint/drivers/elan.c:376
(process:201965): libfprint-elan-DEBUG: 19:36:45.175: 55278960746: ../libfprint/drivers/elan.c:389
(process:201965): libfprint-elan-DEBUG: 19:36:45.219: 55279003903: ../libfprint/drivers/elan.c:356
(process:201965): libfprint-elan-DEBUG: 19:36:45.219: 55279003985: ../libfprint/drivers/elan.c:345
(process:201965): libfprint-SSM-DEBUG: 19:36:45.219: [elan] CAPTURE_NUM_STATES entering state 2
(process:201965): libfprint-image_device-DEBUG: 19:36:45.219: Image device reported finger status: on
(process:201965): libfprint-elan-DEBUG: 19:36:45.219: 55279004228: ../libfprint/drivers/elan.c:356
(process:201965): libfprint-elan-DEBUG: 19:36:45.219: 55279004258: ../libfprint/drivers/elan.c:376
(process:201965): libfprint-elan-DEBUG: 19:36:45.219: 55279004278: ../libfprint/drivers/elan.c:389
(process:201965): libfprint-elan-DEBUG: 19:36:45.251: 55279036284: ../libfprint/drivers/elan.c:356
(process:201965): libfprint-elan-DEBUG: 19:36:45.251: 55279036369: ../libfprint/drivers/elan.c:345
(process:201965): libfprint-SSM-DEBUG: 19:36:45.251: [elan] CAPTURE_NUM_STATES entering state 3
(process:201965): libfprint-elan-DEBUG: 19:36:45.251: 55279036414: ../libfprint/drivers/elan.c:203
(process:201965): libfprint-elan-DEBUG: 19:36:45.251: 55279036434: ../libfprint/drivers/elan.c:118
(process:201965): libfprint-SSM-DEBUG: 19:36:45.251: [elan] CAPTURE_NUM_STATES entering state 1
(process:201965): libfprint-elan-DEBUG: 19:36:45.251: 55279036616: ../libfprint/drivers/elan.c:356
(process:201965): libfprint-elan-DEBUG: 19:36:45.251: 55279036640: ../libfprint/drivers/elan.c:376
(process:201965): libfprint-elan-DEBUG: 19:36:45.251: 55279036659: ../libfprint/drivers/elan.c:389
(process:201965): libfprint-elan-DEBUG: 19:36:45.295: 55279080404: ../libfprint/drivers/elan.c:356
(process:201965): libfprint-elan-DEBUG: 19:36:45.295: 55279080548: ../libfprint/drivers/elan.c:345
(process:201965): libfprint-SSM-DEBUG: 19:36:45.295: [elan] CAPTURE_NUM_STATES entering state 2
(process:201965): libfprint-image_device-DEBUG: 19:36:45.295: Image device reported finger status: on
(process:201965): libfprint-elan-DEBUG: 19:36:45.296: 55279081229: ../libfprint/drivers/elan.c:356
(process:201965): libfprint-elan-DEBUG: 19:36:45.296: 55279081312: ../libfprint/drivers/elan.c:376
(process:201965): libfprint-elan-DEBUG: 19:36:45.296: 55279081380: ../libfprint/drivers/elan.c:389
(process:201965): libfprint-elan-DEBUG: 19:36:45.328: 55279113052: ../libfprint/drivers/elan.c:356
(process:201965): libfprint-elan-DEBUG: 19:36:45.328: 55279113130: ../libfprint/drivers/elan.c:345
(process:201965): libfprint-SSM-DEBUG: 19:36:45.328: [elan] CAPTURE_NUM_STATES entering state 3
(process:201965): libfprint-elan-DEBUG: 19:36:45.328: 55279113183: ../libfprint/drivers/elan.c:203
(process:201965): libfprint-elan-DEBUG: 19:36:45.328: 55279113206: ../libfprint/drivers/elan.c:118
(process:201965): libfprint-SSM-DEBUG: 19:36:45.328: [elan] CAPTURE_NUM_STATES entering state 1
(process:201965): libfprint-elan-DEBUG: 19:36:45.328: 55279113513: ../libfprint/drivers/elan.c:356
(process:201965): libfprint-elan-DEBUG: 19:36:45.328: 55279113539: ../libfprint/drivers/elan.c:376
(process:201965): libfprint-elan-DEBUG: 19:36:45.328: 55279113561: ../libfprint/drivers/elan.c:389
(process:201965): libfprint-elan-DEBUG: 19:36:45.372: 55279156845: ../libfprint/drivers/elan.c:356
(process:201965): libfprint-elan-DEBUG: 19:36:45.372: 55279156929: ../libfprint/drivers/elan.c:345
(process:201965): libfprint-SSM-DEBUG: 19:36:45.372: [elan] CAPTURE_NUM_STATES entering state 2
(process:201965): libfprint-image_device-DEBUG: 19:36:45.372: Image device reported finger status: on
(process:201965): libfprint-elan-DEBUG: 19:36:45.372: 55279157472: ../libfprint/drivers/elan.c:356
(process:201965): libfprint-elan-DEBUG: 19:36:45.372: 55279157552: ../libfprint/drivers/elan.c:376
(process:201965): libfprint-elan-DEBUG: 19:36:45.372: 55279157618: ../libfprint/drivers/elan.c:389
(process:201965): libfprint-elan-DEBUG: 19:36:45.404: 55279189253: ../libfprint/drivers/elan.c:356
(process:201965): libfprint-elan-DEBUG: 19:36:45.404: 55279189450: ../libfprint/drivers/elan.c:345
(process:201965): libfprint-SSM-DEBUG: 19:36:45.404: [elan] CAPTURE_NUM_STATES entering state 3
(process:201965): libfprint-elan-DEBUG: 19:36:45.404: 55279189588: ../libfprint/drivers/elan.c:203
(process:201965): libfprint-elan-DEBUG: 19:36:45.404: 55279189658: ../libfprint/drivers/elan.c:118
(process:201965): libfprint-SSM-DEBUG: 19:36:45.404: [elan] CAPTURE_NUM_STATES entering state 1
(process:201965): libfprint-elan-DEBUG: 19:36:45.405: 55279190298: ../libfprint/drivers/elan.c:356
(process:201965): libfprint-elan-DEBUG: 19:36:45.405: 55279190371: ../libfprint/drivers/elan.c:376
(process:201965): libfprint-elan-DEBUG: 19:36:45.405: 55279190435: ../libfprint/drivers/elan.c:389
(process:201965): libfprint-elan-DEBUG: 19:36:45.448: 55279233348: ../libfprint/drivers/elan.c:356
(process:201965): libfprint-elan-DEBUG: 19:36:45.448: 55279233428: ../libfprint/drivers/elan.c:345
(process:201965): libfprint-SSM-DEBUG: 19:36:45.448: [elan] CAPTURE_NUM_STATES entering state 2
(process:201965): libfprint-image_device-DEBUG: 19:36:45.448: Image device reported finger status: on
(process:201965): libfprint-elan-DEBUG: 19:36:45.448: 55279233623: ../libfprint/drivers/elan.c:356
(process:201965): libfprint-elan-DEBUG: 19:36:45.448: 55279233646: ../libfprint/drivers/elan.c:376
(process:201965): libfprint-elan-DEBUG: 19:36:45.448: 55279233665: ../libfprint/drivers/elan.c:389
(process:201965): libfprint-elan-DEBUG: 19:36:45.480: 55279265467: ../libfprint/drivers/elan.c:356
(process:201965): libfprint-elan-DEBUG: 19:36:45.480: 55279265573: ../libfprint/drivers/elan.c:345
(process:201965): libfprint-SSM-DEBUG: 19:36:45.480: [elan] CAPTURE_NUM_STATES entering state 3
(process:201965): libfprint-elan-DEBUG: 19:36:45.480: 55279265630: ../libfprint/drivers/elan.c:203
(process:201965): libfprint-elan-DEBUG: 19:36:45.480: 55279265656: ../libfprint/drivers/elan.c:118
(process:201965): libfprint-SSM-DEBUG: 19:36:45.480: [elan] CAPTURE_NUM_STATES entering state 1
(process:201965): libfprint-elan-DEBUG: 19:36:45.481: 55279265883: ../libfprint/drivers/elan.c:356
(process:201965): libfprint-elan-DEBUG: 19:36:45.481: 55279265911: ../libfprint/drivers/elan.c:376
(process:201965): libfprint-elan-DEBUG: 19:36:45.481: 55279265936: ../libfprint/drivers/elan.c:389
(process:201965): libfprint-elan-DEBUG: 19:36:45.524: 55279309173: ../libfprint/drivers/elan.c:356
(process:201965): libfprint-elan-DEBUG: 19:36:45.524: 55279309317: ../libfprint/drivers/elan.c:345
(process:201965): libfprint-SSM-DEBUG: 19:36:45.524: [elan] CAPTURE_NUM_STATES entering state 2
(process:201965): libfprint-image_device-DEBUG: 19:36:45.524: Image device reported finger status: on
(process:201965): libfprint-elan-DEBUG: 19:36:45.525: 55279309942: ../libfprint/drivers/elan.c:356
(process:201965): libfprint-elan-DEBUG: 19:36:45.525: 55279310056: ../libfprint/drivers/elan.c:376
(process:201965): libfprint-elan-DEBUG: 19:36:45.525: 55279310123: ../libfprint/drivers/elan.c:389
(process:201965): libfprint-elan-DEBUG: 19:36:45.557: 55279341973: ../libfprint/drivers/elan.c:356
(process:201965): libfprint-elan-DEBUG: 19:36:45.557: 55279342060: ../libfprint/drivers/elan.c:345
(process:201965): libfprint-SSM-DEBUG: 19:36:45.557: [elan] CAPTURE_NUM_STATES entering state 3
(process:201965): libfprint-elan-DEBUG: 19:36:45.557: 55279342115: ../libfprint/drivers/elan.c:203
(process:201965): libfprint-elan-DEBUG: 19:36:45.557: 55279342139: ../libfprint/drivers/elan.c:118
(process:201965): libfprint-SSM-DEBUG: 19:36:45.557: [elan] CAPTURE_NUM_STATES entering state 1
(process:201965): libfprint-elan-DEBUG: 19:36:45.557: 55279342404: ../libfprint/drivers/elan.c:356
(process:201965): libfprint-elan-DEBUG: 19:36:45.557: 55279342434: ../libfprint/drivers/elan.c:376
(process:201965): libfprint-elan-DEBUG: 19:36:45.557: 55279342459: ../libfprint/drivers/elan.c:389
(process:201965): libfprint-elan-DEBUG: 19:36:45.600: 55279385731: ../libfprint/drivers/elan.c:356
(process:201965): libfprint-elan-DEBUG: 19:36:45.601: 55279385875: ../libfprint/drivers/elan.c:345
(process:201965): libfprint-SSM-DEBUG: 19:36:45.601: [elan] CAPTURE_NUM_STATES entering state 2
(process:201965): libfprint-image_device-DEBUG: 19:36:45.601: Image device reported finger status: on
(process:201965): libfprint-elan-DEBUG: 19:36:45.601: 55279386622: ../libfprint/drivers/elan.c:356
(process:201965): libfprint-elan-DEBUG: 19:36:45.601: 55279386695: ../libfprint/drivers/elan.c:376
(process:201965): libfprint-elan-DEBUG: 19:36:45.601: 55279386760: ../libfprint/drivers/elan.c:389
(process:201965): libfprint-elan-DEBUG: 19:36:45.633: 55279418332: ../libfprint/drivers/elan.c:356
(process:201965): libfprint-elan-DEBUG: 19:36:45.633: 55279418486: ../libfprint/drivers/elan.c:345
(process:201965): libfprint-SSM-DEBUG: 19:36:45.633: [elan] CAPTURE_NUM_STATES entering state 3
(process:201965): libfprint-elan-DEBUG: 19:36:45.633: 55279418620: ../libfprint/drivers/elan.c:203
(process:201965): libfprint-elan-DEBUG: 19:36:45.633: 55279418686: ../libfprint/drivers/elan.c:118
(process:201965): libfprint-SSM-DEBUG: 19:36:45.633: [elan] CAPTURE_NUM_STATES entering state 1
(process:201965): libfprint-elan-DEBUG: 19:36:45.634: 55279419227: ../libfprint/drivers/elan.c:356
(process:201965): libfprint-elan-DEBUG: 19:36:45.634: 55279419299: ../libfprint/drivers/elan.c:376
(process:201965): libfprint-elan-DEBUG: 19:36:45.634: 55279419361: ../libfprint/drivers/elan.c:389
(process:201965): libfprint-elan-DEBUG: 19:36:45.677: 55279462428: ../libfprint/drivers/elan.c:356
(process:201965): libfprint-elan-DEBUG: 19:36:45.677: 55279462530: ../libfprint/drivers/elan.c:345
(process:201965): libfprint-SSM-DEBUG: 19:36:45.677: [elan] CAPTURE_NUM_STATES entering state 2
(process:201965): libfprint-image_device-DEBUG: 19:36:45.677: Image device reported finger status: on
(process:201965): libfprint-elan-DEBUG: 19:36:45.677: 55279462748: ../libfprint/drivers/elan.c:356
(process:201965): libfprint-elan-DEBUG: 19:36:45.677: 55279462780: ../libfprint/drivers/elan.c:376
(process:201965): libfprint-elan-DEBUG: 19:36:45.677: 55279462800: ../libfprint/drivers/elan.c:389
(process:201965): libfprint-elan-DEBUG: 19:36:45.709: 55279494741: ../libfprint/drivers/elan.c:356
(process:201965): libfprint-elan-DEBUG: 19:36:45.710: 55279494879: ../libfprint/drivers/elan.c:345
(process:201965): libfprint-SSM-DEBUG: 19:36:45.710: [elan] CAPTURE_NUM_STATES entering state 3
(process:201965): libfprint-elan-DEBUG: 19:36:45.710: 55279495034: ../libfprint/drivers/elan.c:203
(process:201965): libfprint-elan-DEBUG: 19:36:45.710: 55279495099: ../libfprint/drivers/elan.c:118
(process:201965): libfprint-SSM-DEBUG: 19:36:45.710: [elan] CAPTURE_NUM_STATES entering state 1
(process:201965): libfprint-elan-DEBUG: 19:36:45.710: 55279495616: ../libfprint/drivers/elan.c:356
(process:201965): libfprint-elan-DEBUG: 19:36:45.710: 55279495698: ../libfprint/drivers/elan.c:376
(process:201965): libfprint-elan-DEBUG: 19:36:45.710: 55279495765: ../libfprint/drivers/elan.c:389
(process:201965): libfprint-elan-DEBUG: 19:36:45.754: 55279538935: ../libfprint/drivers/elan.c:356
(process:201965): libfprint-elan-DEBUG: 19:36:45.754: 55279539030: ../libfprint/drivers/elan.c:345
(process:201965): libfprint-SSM-DEBUG: 19:36:45.754: [elan] CAPTURE_NUM_STATES entering state 2
(process:201965): libfprint-image_device-DEBUG: 19:36:45.754: Image device reported finger status: on
(process:201965): libfprint-elan-DEBUG: 19:36:45.754: 55279539347: ../libfprint/drivers/elan.c:356
(process:201965): libfprint-elan-DEBUG: 19:36:45.754: 55279539382: ../libfprint/drivers/elan.c:376
(process:201965): libfprint-elan-DEBUG: 19:36:45.754: 55279539411: ../libfprint/drivers/elan.c:389
(process:201965): libfprint-elan-DEBUG: 19:36:45.786: 55279571094: ../libfprint/drivers/elan.c:356
(process:201965): libfprint-elan-DEBUG: 19:36:45.786: 55279571154: ../libfprint/drivers/elan.c:345
(process:201965): libfprint-SSM-DEBUG: 19:36:45.786: [elan] CAPTURE_NUM_STATES entering state 3
(process:201965): libfprint-elan-DEBUG: 19:36:45.786: 55279571198: ../libfprint/drivers/elan.c:203
(process:201965): libfprint-elan-DEBUG: 19:36:45.786: 55279571217: ../libfprint/drivers/elan.c:118
(process:201965): libfprint-SSM-DEBUG: 19:36:45.786: [elan] CAPTURE_NUM_STATES entering state 1
(process:201965): libfprint-elan-DEBUG: 19:36:45.786: 55279571393: ../libfprint/drivers/elan.c:356
(process:201965): libfprint-elan-DEBUG: 19:36:45.786: 55279571415: ../libfprint/drivers/elan.c:376
(process:201965): libfprint-elan-DEBUG: 19:36:45.786: 55279571434: ../libfprint/drivers/elan.c:389
(process:201965): libfprint-elan-DEBUG: 19:36:45.830: 55279615346: ../libfprint/drivers/elan.c:356
(process:201965): libfprint-elan-DEBUG: 19:36:45.830: 55279615446: ../libfprint/drivers/elan.c:345
(process:201965): libfprint-SSM-DEBUG: 19:36:45.830: [elan] CAPTURE_NUM_STATES entering state 2
(process:201965): libfprint-image_device-DEBUG: 19:36:45.830: Image device reported finger status: on
(process:201965): libfprint-elan-DEBUG: 19:36:45.830: 55279615753: ../libfprint/drivers/elan.c:356
(process:201965): libfprint-elan-DEBUG: 19:36:45.830: 55279615789: ../libfprint/drivers/elan.c:376
(process:201965): libfprint-elan-DEBUG: 19:36:45.830: 55279615820: ../libfprint/drivers/elan.c:389
(process:201965): libfprint-elan-DEBUG: 19:36:45.862: 55279647756: ../libfprint/drivers/elan.c:356
(process:201965): libfprint-elan-DEBUG: 19:36:45.863: 55279647893: ../libfprint/drivers/elan.c:345
(process:201965): libfprint-SSM-DEBUG: 19:36:45.863: [elan] CAPTURE_NUM_STATES entering state 3
(process:201965): libfprint-elan-DEBUG: 19:36:45.863: 55279648076: ../libfprint/drivers/elan.c:203
(process:201965): libfprint-elan-DEBUG: 19:36:45.863: 55279648141: ../libfprint/drivers/elan.c:118
(process:201965): libfprint-SSM-DEBUG: 19:36:45.863: [elan] CAPTURE_NUM_STATES entering state 1
(process:201965): libfprint-elan-DEBUG: 19:36:45.864: 55279648846: ../libfprint/drivers/elan.c:356
(process:201965): libfprint-elan-DEBUG: 19:36:45.864: 55279648939: ../libfprint/drivers/elan.c:376
(process:201965): libfprint-elan-DEBUG: 19:36:45.864: 55279649028: ../libfprint/drivers/elan.c:389
(process:201965): libfprint-elan-DEBUG: 19:36:45.907: 55279692075: ../libfprint/drivers/elan.c:356
(process:201965): libfprint-elan-DEBUG: 19:36:45.907: 55279692158: ../libfprint/drivers/elan.c:345
(process:201965): libfprint-SSM-DEBUG: 19:36:45.907: [elan] CAPTURE_NUM_STATES entering state 2
(process:201965): libfprint-image_device-DEBUG: 19:36:45.907: Image device reported finger status: on
(process:201965): libfprint-elan-DEBUG: 19:36:45.907: 55279692455: ../libfprint/drivers/elan.c:356
(process:201965): libfprint-elan-DEBUG: 19:36:45.907: 55279692480: ../libfprint/drivers/elan.c:376
(process:201965): libfprint-elan-DEBUG: 19:36:45.907: 55279692500: ../libfprint/drivers/elan.c:389
(process:201965): libfprint-elan-DEBUG: 19:36:45.939: 55279724433: ../libfprint/drivers/elan.c:356
(process:201965): libfprint-elan-DEBUG: 19:36:45.939: 55279724530: ../libfprint/drivers/elan.c:345
(process:201965): libfprint-SSM-DEBUG: 19:36:45.939: [elan] CAPTURE_NUM_STATES entering state 3
(process:201965): libfprint-elan-DEBUG: 19:36:45.939: 55279724589: ../libfprint/drivers/elan.c:203
(process:201965): libfprint-elan-DEBUG: 19:36:45.939: 55279724616: ../libfprint/drivers/elan.c:118
(process:201965): libfprint-SSM-DEBUG: 19:36:45.939: [elan] CAPTURE_NUM_STATES entering state 1
(process:201965): libfprint-elan-DEBUG: 19:36:45.940: 55279725025: ../libfprint/drivers/elan.c:356
(process:201965): libfprint-elan-DEBUG: 19:36:45.940: 55279725058: ../libfprint/drivers/elan.c:376
(process:201965): libfprint-elan-DEBUG: 19:36:45.940: 55279725085: ../libfprint/drivers/elan.c:389
(process:201965): libfprint-elan-DEBUG: 19:36:45.983: 55279768251: ../libfprint/drivers/elan.c:356
(process:201965): libfprint-elan-DEBUG: 19:36:45.983: 55279768392: ../libfprint/drivers/elan.c:345
(process:201965): libfprint-SSM-DEBUG: 19:36:45.983: [elan] CAPTURE_NUM_STATES entering state 2
(process:201965): libfprint-image_device-DEBUG: 19:36:45.983: Image device reported finger status: on
(process:201965): libfprint-elan-DEBUG: 19:36:45.984: 55279768920: ../libfprint/drivers/elan.c:356
(process:201965): libfprint-elan-DEBUG: 19:36:45.984: 55279768999: ../libfprint/drivers/elan.c:376
(process:201965): libfprint-elan-DEBUG: 19:36:45.984: 55279769091: ../libfprint/drivers/elan.c:389
(process:201965): libfprint-elan-DEBUG: 19:36:46.015: 55279800732: ../libfprint/drivers/elan.c:356
(process:201965): libfprint-elan-DEBUG: 19:36:46.015: 55279800799: ../libfprint/drivers/elan.c:345
(process:201965): libfprint-SSM-DEBUG: 19:36:46.015: [elan] CAPTURE_NUM_STATES entering state 3
(process:201965): libfprint-elan-DEBUG: 19:36:46.016: 55279800860: ../libfprint/drivers/elan.c:203
(process:201965): libfprint-elan-DEBUG: 19:36:46.016: 55279800887: ../libfprint/drivers/elan.c:118
(process:201965): libfprint-SSM-DEBUG: 19:36:46.016: [elan] CAPTURE_NUM_STATES entering state 1
(process:201965): libfprint-elan-DEBUG: 19:36:46.016: 55279801221: ../libfprint/drivers/elan.c:356
(process:201965): libfprint-elan-DEBUG: 19:36:46.016: 55279801254: ../libfprint/drivers/elan.c:376
(process:201965): libfprint-elan-DEBUG: 19:36:46.016: 55279801281: ../libfprint/drivers/elan.c:389
(process:201965): libfprint-elan-DEBUG: 19:36:46.059: 55279844607: ../libfprint/drivers/elan.c:356
(process:201965): libfprint-elan-DEBUG: 19:36:46.059: 55279844758: ../libfprint/drivers/elan.c:345
(process:201965): libfprint-SSM-DEBUG: 19:36:46.059: [elan] CAPTURE_NUM_STATES entering state 2
(process:201965): libfprint-image_device-DEBUG: 19:36:46.060: Image device reported finger status: on
(process:201965): libfprint-elan-DEBUG: 19:36:46.060: 55279845260: ../libfprint/drivers/elan.c:356
(process:201965): libfprint-elan-DEBUG: 19:36:46.060: 55279845337: ../libfprint/drivers/elan.c:376
(process:201965): libfprint-elan-DEBUG: 19:36:46.060: 55279845400: ../libfprint/drivers/elan.c:389
(process:201965): libfprint-elan-DEBUG: 19:36:46.092: 55279877260: ../libfprint/drivers/elan.c:356
(process:201965): libfprint-elan-DEBUG: 19:36:46.092: 55279877404: ../libfprint/drivers/elan.c:345
(process:201965): libfprint-SSM-DEBUG: 19:36:46.092: [elan] CAPTURE_NUM_STATES entering state 3
(process:201965): libfprint-elan-DEBUG: 19:36:46.092: 55279877555: ../libfprint/drivers/elan.c:203
(process:201965): libfprint-elan-DEBUG: 19:36:46.092: 55279877624: ../libfprint/drivers/elan.c:118
(process:201965): libfprint-SSM-DEBUG: 19:36:46.092: [elan] CAPTURE_NUM_STATES completed successfully
(process:201965): libfprint-elan-DEBUG: 19:36:46.092: 55279877822: ../libfprint/drivers/elan.c:609
(process:201965): libfprint-elan-DEBUG: 19:36:46.093: 55279877890: ../libfprint/drivers/elan.c:325
(process:201965): libfprint-elan-DEBUG: 19:36:46.093: 55279877956: ../libfprint/drivers/elan.c:277
(process:201965): libfprint-elan-DEBUG: 19:36:46.094: 55279879471: ../libfprint/drivers/elan.c:277
(process:201965): libfprint-elan-DEBUG: 19:36:46.096: 55279880924: ../libfprint/drivers/elan.c:277
(process:201965): libfprint-elan-DEBUG: 19:36:46.097: 55279882602: ../libfprint/drivers/elan.c:277
(process:201965): libfprint-elan-DEBUG: 19:36:46.099: 55279884094: ../libfprint/drivers/elan.c:277
(process:201965): libfprint-elan-DEBUG: 19:36:46.100: 55279885627: ../libfprint/drivers/elan.c:277
(process:201965): libfprint-elan-DEBUG: 19:36:46.102: 55279887087: ../libfprint/drivers/elan.c:277
(process:201965): libfprint-elan-DEBUG: 19:36:46.103: 55279888661: ../libfprint/drivers/elan.c:277
(process:201965): libfprint-elan-DEBUG: 19:36:46.105: 55279890124: ../libfprint/drivers/elan.c:277
(process:201965): libfprint-elan-DEBUG: 19:36:46.106: 55279891656: ../libfprint/drivers/elan.c:277
(process:201965): libfprint-elan-DEBUG: 19:36:46.108: 55279893137: ../libfprint/drivers/elan.c:277
(process:201965): libfprint-elan-DEBUG: 19:36:46.109: 55279894598: ../libfprint/drivers/elan.c:277
(process:201965): libfprint-elan-DEBUG: 19:36:46.111: 55279896079: ../libfprint/drivers/elan.c:277
(process:201965): libfprint-elan-DEBUG: 19:36:46.112: 55279897359: ../libfprint/drivers/elan.c:277
(process:201965): libfprint-elan-DEBUG: 19:36:46.112: 55279897795: ../libfprint/drivers/elan.c:277
(process:201965): libfprint-elan-DEBUG: 19:36:46.113: 55279898249: ../libfprint/drivers/elan.c:277
(process:201965): libfprint-elan-DEBUG: 19:36:46.113: 55279898685: ../libfprint/drivers/elan.c:277
(process:201965): libfprint-elan-DEBUG: 19:36:46.114: 55279899131: ../libfprint/drivers/elan.c:277
(process:201965): libfprint-elan-DEBUG: 19:36:46.114: 55279899651: ../libfprint/drivers/elan.c:277
(process:201965): libfprint-elan-DEBUG: 19:36:46.115: 55279900240: ../libfprint/drivers/elan.c:277
(process:201965): libfprint-elan-DEBUG: 19:36:46.115: 55279900758: ../libfprint/drivers/elan.c:277
(process:201965): libfprint-elan-DEBUG: 19:36:46.116: 55279901270: ../libfprint/drivers/elan.c:277
(process:201965): libfprint-elan-DEBUG: 19:36:46.117: 55279902129: ../libfprint/drivers/elan.c:277
(process:201965): libfprint-elan-DEBUG: 19:36:46.118: 55279903825: ../libfprint/drivers/elan.c:277
(process:201965): libfprint-elan-DEBUG: 19:36:46.120: 55279905472: ../libfprint/drivers/elan.c:277
(process:201965): libfprint-elan-DEBUG: 19:36:46.121: 55279906276: ../libfprint/drivers/elan.c:277
(process:201965): libfprint-elan-DEBUG: 19:36:46.122: 55279906861: ../libfprint/drivers/elan.c:277
(process:201965): libfprint-elan-DEBUG: 19:36:46.122: 55279907436: ../libfprint/drivers/elan.c:277
(process:201965): libfprint-assembling-DEBUG: 19:36:46.404: calc delta completed in 0.281092 secs
(process:201965): libfprint-assembling-DEBUG: 19:36:46.682: calc delta completed in 0.277764 secs
(process:201965): libfprint-assembling-DEBUG: 19:36:46.682: errors: 129213 rev: 107168
(process:201965): libfprint-assembling-DEBUG: 19:36:46.682: height is -251
(process:201965): libfprint-image_device-DEBUG: 19:36:46.682: Image device captured an image
(process:201965): libfprint-image_device-DEBUG: 19:36:46.682: Image device internal state change from FPI_IMAGE_DEVICE_STATE_CAPTURE to FPI_IMAGE_DEVICE_STATE_AWAIT_FINGER_OFF
(process:201965): libfprint-elan-DEBUG: 19:36:46.682: 55280467603: ../libfprint/drivers/elan.c:1000
(process:201965): libfprint-device-DEBUG: 19:36:46.682: Device reported finger status change: FP_FINGER_STATUS_NEEDED | FP_FINGER_STATUS_PRESENT -> FP_FINGER_STATUS_PRESENT
(process:201965): libfprint-elan-DEBUG: 19:36:46.682: 55280467661: ../libfprint/drivers/elan.c:517
(process:201965): libfprint-elan-DEBUG: 19:36:46.682: 55280467680: ../libfprint/drivers/elan.c:100
(process:201965): libfprint-SSM-DEBUG: 19:36:46.682: [elan] STOP_CAPTURE_NUM_STATES entering state 0
(process:201965): libfprint-elan-DEBUG: 19:36:46.682: 55280467730: ../libfprint/drivers/elan.c:476
(process:201965): libfprint-elan-DEBUG: 19:36:46.683: 55280468131: ../libfprint/drivers/elan.c:356
(process:201965): libfprint-elan-DEBUG: 19:36:46.683: 55280468157: ../libfprint/drivers/elan.c:376
(process:201965): libfprint-elan-DEBUG: 19:36:46.683: 55280468176: ../libfprint/drivers/elan.c:389
(process:201965): libfprint-elan-DEBUG: 19:36:46.683: skipping read, not expecting anything
(process:201965): libfprint-elan-DEBUG: 19:36:46.683: 55280468213: ../libfprint/drivers/elan.c:345
(process:201965): libfprint-SSM-DEBUG: 19:36:46.683: [elan] STOP_CAPTURE_NUM_STATES completed successfully
(process:201965): libfprint-elan-DEBUG: 19:36:46.683: 55280468251: ../libfprint/drivers/elan.c:493
(process:201965): libfprint-device-DEBUG: 19:36:46.683: Device reported finger status change: FP_FINGER_STATUS_PRESENT -> FP_FINGER_STATUS_NONE
(process:201965): libfprint-image_device-DEBUG: 19:36:46.683: Image device reported finger status: off
(process:201965): libfprint-image_device-DEBUG: 19:36:46.683: Image device internal state change from FPI_IMAGE_DEVICE_STATE_AWAIT_FINGER_OFF to FPI_IMAGE_DEVICE_STATE_IDLE
(process:201965): libfprint-elan-DEBUG: 19:36:46.683: 55280468337: ../libfprint/drivers/elan.c:1000
(process:201965): libfprint-image-DEBUG: 19:36:46.695: Minutiae scan completed in 0.012546 secs
(process:201965): libfprint-device-DEBUG: 19:36:46.695: Device reported enroll progress, reported 5 of 5 have been completed
  stage 5: err=None
(process:201965): libfprint-image_device-DEBUG: 19:36:46.695: Deactivating image device
(process:201965): libfprint-image_device-DEBUG: 19:36:46.695: Image device internal state change from FPI_IMAGE_DEVICE_STATE_IDLE to FPI_IMAGE_DEVICE_STATE_DEACTIVATING
(process:201965): libfprint-elan-DEBUG: 19:36:46.695: 55280480718: ../libfprint/drivers/elan.c:1000
(process:201965): libfprint-elan-DEBUG: 19:36:46.695: 55280480742: ../libfprint/drivers/elan.c:1015
(process:201965): libfprint-image_device-DEBUG: 19:36:46.695: Image device deactivation completed
(process:201965): libfprint-image_device-DEBUG: 19:36:46.695: Image device internal state change from FPI_IMAGE_DEVICE_STATE_DEACTIVATING to FPI_IMAGE_DEVICE_STATE_INACTIVE
(process:201965): libfprint-elan-DEBUG: 19:36:46.695: 55280480809: ../libfprint/drivers/elan.c:1000
(process:201965): libfprint-device-DEBUG: 19:36:46.695: Device reported enroll completion (print: 0x5639983bd7f0, error: none)
(process:201965): libfprint-device-DEBUG: 19:36:46.696: Print for finger FP_FINGER_RIGHT_INDEX enrolled
(process:201965): libfprint-device-DEBUG: 19:36:46.696: Completing action FPI_DEVICE_ACTION_ENROLL in idle!
(process:201965): libfprint-device-DEBUG: 19:36:46.696: Updated temperature model after 36.48 seconds, ratio 0.27 -> 0.40, active 0 -> 0, FP_TEMPERATURE_WARM -> FP_TEMPERATURE_WARM
ENROLL SUCCEEDED
(process:201965): libfprint-elan-DEBUG: 19:36:46.696: 55280481199: ../libfprint/drivers/elan.c:979
(process:201965): libfprint-elan-DEBUG: 19:36:46.696: 55280481228: ../libfprint/drivers/elan.c:100
(process:201965): libfprint-image_device-DEBUG: 19:36:46.696: Image device close completed
(process:201965): libfprint-device-DEBUG: 19:36:46.696: Device reported close completion (error: none)
(process:201965): libfprint-device-DEBUG: 19:36:46.696: Completing action FPI_DEVICE_ACTION_CLOSE in idle!
(process:201965): libfprint-device-DEBUG: 19:36:46.696: Updated temperature model after 0.00 seconds, ratio 0.40 -> 0.40, active 0 -> 0, FP_TEMPERATURE_WARM -> FP_TEMPERATURE_WARM
libusb: warning [libusb_exit] device 1.6 still referenced
libusb: warning [libusb_exit] device 1.1 still referenced
### exit: 0
